"Date Visited","Agency","Site ID","Service Center","Site Address","Borough","Secret Shopper Language","Interaction with Security Guards","Interaction with Reception Staff","Interaction with Frontline Staff","Does Facility have signs posted notifying clients 
to the right of interpretation services?","Languages in which the facility has translated signs relating to service being provided","Languages in which the facility has translated documents","Method in which interpretation was made available","Time spent waiting for an interpreter after speaking to staff member","Did the Secret Shopper receive the information or service asked for?","Postcode","Latitude","Longitude","Community Board","Council District","BIN","BBL","Census Tract (2020)","Neighborhood Tabulation Area (NTA) (2020)"
"06/01/2022","DOB","DOB-M-09","Licensing Unit","280 Broadway Floor 1","Manhattan","French-Creole",,"2",,"Yes","None","None","Other","5 minutes or less","Yes","10007","40.714417","-74.006089","101","1","1079215","1001530001","31","MN0102"
"06/01/2022","CCHR","CHR-M-03","Human Rights Complaints/NYC Human Rights Community Service Center","22 Reade St Floor 1","Manhattan",,,,,"Yes","Spanish, Chinese","None","Bilingual staff","5-10 minutes","Yes","10007","40.714231","-74.004895","101","1","1078613","1001540023","31","MN0102"
"06/01/2022","DCWP","DCA-M-01","Licensing Unit","42 Broadway Floor 1","Manhattan",,"Excellent",,"Excellent","Yes","At least the 6 designated citywide languages or more","At least the 6 designated citywide languages or more","Bilingual staff","5 minutes or less","Yes","10004","40.70627","-74.012909","101","1","1000812","1000220020","9","MN0101"
"06/01/2022","DCWP","DCA-M-02","Consumer Services","42 Broadway Floor 9","Manhattan",,,,"Excellent","Yes","At least the 6 designated citywide languages or more","None","Bilingual staff","5 minutes or less","Yes","10004","40.70627","-74.012909","101","1","1000812","1000220020","9","MN0101"
"06/01/2022","DEP","DEP-Q-01","BCS Central Office","59-17 Junction Blvd Floor 13","Queens",,,,,"Yes","One or more languages (specific language not recorded)","One or more languages (specific language not recorded)","Bilingual staff",,"Yes","11373","40.734606","-73.864774","404","21","4047310","4019180001","455","QN0402"
"06/01/2022","DEP","DEP-Q-02","Queens Borough Office","96-05 Horace Harding Exp Ground Floor","Queens","French-Creole",,,,"Yes","None","None","Bilingual staff","5 minutes or less","Yes","11368","40.734383","-73.864309","404","21","4047337","4019180114","455","QN0402"
"06/01/2022","DFTA","DFA-M-02","Senior Employment Services","2 Lafayette St. Floor 6","Manhattan","French-Creole","Good","Good","Good","Yes","None","None","Language Line","10-30 minutes","Yes","10007","40.713723","-74.003586","101","1","1001672","1001550001","31","MN0102"
"06/01/2022","DOB","DOB-M-04","Manhattan Borough Office","280 Broadway Floor 3","Manhattan",,,,,"Yes","None","None","Bilingual staff","5 minutes or less","N/A","10007","40.714417","-74.006089","101","1","1079215","1001530001","31","MN0102"
"06/01/2022","DOE","DOE-M-05","Student Enrollment","160 East 120th Street Room 424","Manhattan",,,,,"Yes","Spanish, Chinese","Spanish","Bilingual staff","5 minutes or less","No","10035","40.801007","-73.939349","111","8","1083501","1017680021","196","MN1102"
"06/01/2022","DOHMH","DOH-B-02","Morrisania Sexual Health Clinic","1309 Fulton Ave. Fl. 2","Bronx","Spanish",,,"Excellent","Yes","At least the 6 designated citywide languages or more","N/A","Bilingual staff","5 minutes or less","Yes","10456","40.832853","-73.903028","203","16","2009620","2029250080","14701","BX0302"
"06/01/2022","DOHMH","DOH-B-04","Bronx Early Intervention Office","1309 Fulton Ave Floor 5","Bronx",,,"Excellent","Fair","Yes","At least the 6 designated citywide languages or more","None","Language Line","5-10 minutes","Yes","10456","40.832853","-73.903028","203","16","2009620","2029250080","14701","BX0302"
"06/01/2022","DOHMH","DOH-K-04","Brooklyn Early Intervention Office","16 Court St. Floor 2","Brooklyn","French-Creole",,,"Fair","No","None","N/A","None","N/A","No","11241","40.693445","-73.990577","302","33","3002108","3002500044","9","BK0201"
"06/01/2022","DOHMH","DOH-M-01","Birth/Death Certificates","125 Worth St. Room 133","Manhattan","French-Creole",,,"Good","Yes","Spanish, Chinese, Korean, Russian","None","Other (Google Translate)","N/A","Yes","10013","40.715428","-74.002673","101","1","1001831","1001680032","31","MN0102"
"06/01/2022","DOHMH","DOH-M-09","Chelsea Health Center (Tuberculosis)","303 9th Ave Floor 3","Manhattan",,,,"Excellent","Yes","At least the 6 designated citywide languages or more","French","Language Line","5 minutes or less","Yes","10001","40.749356","-73.999257","104","3","1012830","1007240082","97","MN0401"
"06/01/2022","DOHMH","DOH-M-14","Manhattan Early Intervention Office","42 Broadway Suite 1611","Manhattan","French-Creole","Excellent",,"Excellent","Yes","Spanish, French, Russian","None","Bilingual staff","5 minutes or less","Yes","10004","40.70627","-74.012909","101","1","1000812","1000220020","9","MN0101"
"06/01/2022","DORIS","DOR-M-01","Municipal Archives","31 Chambers Street","Manhattan",,,,,"Yes",,"Spanish, French, Russian, Chinese","Bilingual staff","5 minutes or less",,"10007","40.713402","-74.004635","101","1","1001670","1001530024","31","MN0102"
"06/01/2022","DORIS","DOR-M-03","Visitor Center","31 Chambers Street","Manhattan",,,,,"Yes","One or more languages (specific language not recorded)","One or more languages (specific language not recorded)","Bilingual staff","5 minutes or less","Yes","10007","40.713402","-74.004635","101","1","1001670","1001530024","31","MN0102"
"06/01/2022","DOT","DOT-Q-02","Parking Permits and Customer Service","30-30 Thomson","Queens",,,,"Excellent","No","None","None","Language Line","5 minutes or less","Yes",,,,,,,,,
"06/01/2022","DOT","DOT-K-01","Brooklyn Permit Office","16 Court St. Floor 15","Brooklyn","Spanish",,,"Good","No","None","N/A","None","N/A","No","11241","40.693445","-73.990577","302","33","3002108","3002500044","9","BK0201"
"06/01/2022","DOT","DOT-M-01","Manhattan Permit office","55 Water St.","Manhattan",,,"Good","Good","Yes","At least the 6 designated citywide languages or more","N/A","Bilingual staff","5 minutes or less","No","10041","40.703608","-74.009691","101","1","1083346","1000327501","9","MN0101"
"06/01/2022","DPR","DPR-Q-15","Lost Battalion Hall Recreation Center","93-29 Queens Blvd.","Queens",,,,,"Yes","One or more languages (specific language not recorded)","None","Bilingual staff",,,"11374","40.73147","-73.866044","406","24","4050408","4020770050","71702","QN0601"
"06/01/2022","DPR","DPR-M-15","Gertrude Ederle Recreation Center","533 W 59th St.","Manhattan","French-Creole",,"3",,"No","None","None","Other (Google Translate)","N/A","Yes","10019","40.770866","-73.98866","107","6","1086545","1011510015","147","MN0701"
"06/01/2022","DPR","DPR-K-08","Sunset Park Recreation Center","7th Ave. at 43rd St.","Brooklyn","French-Creole",,,"Excellent","Yes","One or more languages (specific language not recorded)","One or more languages (specific language not recorded)","Language Line","5-10 minutes","Yes",,,,,,,,,
"06/01/2022","DPR","DPR-K-02","Red Hook Recreation Center","155 Bay St.","Brooklyn",,,,"Fair","No","None","None","Bilingual staff","5-10 minutes","Yes","11231","40.671937","-74.003515","306","38","3008670","3005820001","5302","BK0601"
"06/01/2022","DPR","DPR-K-20","McCarren Park Recreation Center","776 Lorimer St.","Brooklyn","Spanish",,,,"Yes","None","None","Told to find a bilingual person in waiting area","5 minutes or less","Yes","11222","40.720182","-73.950375","301","33","3067525","3026960001","515","BK0102"
"06/01/2022","DPR","DPR-K-04","Metropolitan Pool & Fitness Center","261 Bedford Ave.","Brooklyn",,,,"Good","Yes","None","None","Bilingual staff","5 minutes or less","Yes","11211","40.715045","-73.960702","301","34","3062457","3023660004","553","BK0102"
"06/01/2022","DPR","DPR-Q-08","Sorrentino Recreation Center","18-48 Cornaga Ave.","Queens",,,,"Excellent","Yes","One or more languages (specific language not recorded)","One or more languages (specific language not recorded)","Bilingual staff","5 minutes or less","Yes","11691","40.602306","-73.751029","414","31","4298254","4155600050","101003","QN1401"
"06/01/2022","DPR","DPR-Q-04","AI Oerter Recreation Center","131-40 Fowler Ave.","Queens",,,,"Excellent","Yes","One or more languages (specific language not recorded)","None","Bilingual staff","5 minutes or less","Yes","11355","40.751616","-73.834155","407","20","4540092","4020180001","38302","QN8191"
"06/01/2022","DPR","DPR-Q-16","Flushing Meadows Corona Park Aquatic Center","Avery Ave. and 131 St.","Queens",,,,"Excellent","Yes","One or more languages (specific language not recorded)","One or more languages (specific language not recorded)","Bilingual staff","5 minutes or less","Yes",,,,,,,,,
"06/01/2022","DPR","DPR-B-13","Hunts Point Recreation Center","765 Manida St.","Bronx","Spanish",,,"Good","Yes","Spanish, Chinese, French","Spanish, French, Chinese","Bilingual staff","5 minutes or less","Yes","10474","40.815865","-73.888768","202","17","2109472","2027630001","9301","BX0201"
"06/01/2022","FDNY","FDN-K-02","Certificate of Fitness Testing Unit","9 Metrotech Center Fl. 1","Brooklyn","Spanish",,,"Excellent","No","None","N/A","Bilingual staff","5 minutes or less","Yes","11201","40.69486","-73.984674","302","33","3058187","3020470011","1502","BK0202"
"06/01/2022","FDNY","FDN-K-03","Public Records","9 Metrotech Center Fl. 1","Brooklyn","French-Creole",,,"Excellent","No","None","N/A","Bilingual staff","5 minutes or less","Yes","11201","40.69486","-73.984674","302","33","3058187","3020470011","1502","BK0202"
"06/01/2022","HRA","HRA-B-12","Fordham Job Center","2541 Bainbridge Ave.","Bronx","French-Creole",,,"Good","Yes","At least the 6 designated citywide languages or more","N/A","Language Line","5-10 minutes","Yes","10458","40.862345","-73.89335","207","15","2016777","2032930008","39901","BX0701"
"06/01/2022","HRA","HRA-B-17","Concourse SNAP","1375 Jerome Ave. Floor 2","Bronx",,,,"Excellent","Yes","None","One or more languages (specific language not recorded)","Bilingual staff","5 minutes or less","Yes","10452","40.839771","-73.918359","204","16","2008289","2028560020","219","BX0403"
"06/01/2022","HRA","HRA-B-20","Office of Child Support Bronx Family Court","900 Sheridan Ave.","Bronx",,"Excellent",,"Excellent","Yes","One or more languages (specific language not recorded)","None","Language Line","10-30 minutes","Yes","10451","40.826873","-73.920872","204","16","2002704","2024540001","18302","BX0401"
"06/01/2022","HRA","HRA-B-24","Office of Child Support Enforcement Bronx Borough Office","849 Garrison Ave. Fl. 1","Bronx",,,,"Excellent","Yes","One or more languages (specific language not recorded)","n/a","Bilingual staff","5 minutes or less","Yes","10474","40.816165","-73.892972","202","17",,,"9301","BX0201"
"06/01/2022","HRA","HRA-B-25","Concourse Job Center","1365 Jerome Ave.","Bronx",,"Excellent",,"Excellent","Yes","Spanish, Korean, French","One or more languages (specific language not recorded)","Bilingual staff","5 minutes or less","Yes","10452","40.839604","-73.918421","204","16","2008289","2028560020","219","BX0403"
"06/01/2022","HRA","HRA-K-16","Coney Island Medicaid Office","3050 W 21 St. Floor 3","Brooklyn","French-Creole","Excellent","Excellent","Excellent","Yes","At least the 6 designated citywide languages or more","One or more languages (specific language not recorded)","Language Line","5 minutes or less","Yes","11224","40.57353","-73.987448","313","47","3189654","3070710123","352","BK1302"
"06/01/2022","HRA","HRA-K-18","Coney Island Job Center","3050 W 21 St. Floor 1","Brooklyn","Spanish",,,,"Yes","None","None","Told to find a bilingual person in waiting area","5-10 minutes","Yes","11224","40.57353","-73.987448","313","47","3189654","3070710123","352","BK1302"
"06/01/2022","HRA","HRA-K-25","Office of Child Support Enforcement Brooklyn Borough Office","1 Metrotech Center Fl. 6","Brooklyn","French-Creole",,"2",,"No","None","None","Other (Google Translate)","N/A","Yes","11201","40.693463","-73.987227","302","33","3319418","3001470004","11","BK0202"
"06/01/2022","HRA","HRA-K-39","Brooklyn South Medicaid Office","785 Atlantic Avenue","Brooklyn",,"Good",,"Good","Yes","At least the 6 designated citywide languages or more","One or more languages (specific language not recorded)","Bilingual staff","5 minutes or less","Yes","11238","40.681962","-73.968434","302","35","3335094","3020090001","199","BK0204"
"06/01/2022","HRA","HRA-K-41","Refugee Job Center","32-20 Northern Blvd. Floor 5","Queens","Spanish",,"Excellent","Excellent","Yes","One or more languages (specific language not recorded)","One or more languages (specific language not recorded)","Bilingual staff","5 minutes or less","Yes","11101","40.75197","-73.931799","401","26","4003105","4002147501","17102","QN0161"
"06/01/2022","HRA","HRA-M-06","Chinatown Medicaid Office","115 Chrystie St. Fl. 5","Manhattan",,,,"Excellent","Yes","Chinese","Spanish, Chinese","Bilingual staff","5 minutes or less","Yes","10002","40.718647","-73.993586","103","1","1005645","1004230022","18","MN0302"
"06/01/2022","HRA","HRA-M-16","Metropolitan Hospital Medicaid Office","1901 First Ave.","Manhattan",,,,"Good","Yes","At least the 6 designated citywide languages or more","N/A","Bilingual staff","5 minutes or less","No","10029","40.784557","-73.94378","111","8","1083929","1016690001","15602","MN1101"
"06/01/2022","HRA","HRA-M-20","East End Job Center","2322 Third Ave.","Manhattan","French-Creole","Good","Good","Fair","Yes","One or more languages (specific language not recorded)","One or more languages (specific language not recorded)","Bilingual staff","5 minutes or less","Yes","10035","40.804465","-73.93526","111","8","1054497","1017750033","242","MN1102"
"06/01/2022","HRA","HRA-M-37","Office of Child Support Enforcement","151 West Broadway Fl. 4","Manhattan",,,"2",,"Yes","One or more languages (specific language not recorded)","N/A","Bilingual staff","5 minutes or less","No","10013","40.717242","-74.007853","101","1","1001621","1001480010","33","MN0102"
"06/01/2022","HRA","HRA-M-41","Business Link","123 William St. Fl. 6","Manhattan","Spanish",,,"Excellent","Yes","Spanish, Chinese, Russian","None","Bilingual staff","5 minutes or less","Yes","10038","40.709112","-74.006893","101","1","1079063","1000780004","1502","MN0101"
"06/01/2022","HRA","HRA-Q-13","Office of Child Support Enforcement Queens Borough Office","32-20 Northern Blvd. Floor 6","Queens","Spanish",,"Excellent","Excellent","Yes","One or more languages (specific language not recorded)","One or more languages (specific language not recorded)","Bilingual staff","5 minutes or less","Yes","11101","40.75197","-73.931799","401","26","4003105","4002147501","17102","QN0161"
"06/01/2022","HRA","HRA-Q-14","Queens SNAP","32-20 Northern Blvd. Floor 2","Queens","Spanish",,"Excellent","Excellent","Yes","One or more languages (specific language not recorded)","One or more languages (specific language not recorded)","Bilingual staff","5 minutes or less","Yes","11101","40.75197","-73.931799","401","26","4003105","4002147501","17102","QN0161"
"06/01/2022","HRA","HRA-Q-18","Queens Job Center","32-20 Northern Blvd. Floor 1","Queens","Spanish",,"Excellent","Excellent","Yes","One or more languages (specific language not recorded)","One or more languages (specific language not recorded)","Bilingual staff","5 minutes or less","Yes","11101","40.75197","-73.931799","401","26","4003105","4002147501","17102","QN0161"
"06/01/2022","HRA","HRA-Q-24","Queens Community Medicaid Office","32-20 Northern Blvd. Floor 3","Queens","Spanish",,"Excellent","Excellent","Yes","One or more languages (specific language not recorded)","One or more languages (specific language not recorded)","Bilingual staff","5 minutes or less","Yes","11101","40.75197","-73.931799","401","26","4003105","4002147501","17102","QN0161"
"06/01/2022","NYCHA","NHA-K-09","Brooklyn/Staten Island Customer Contact Center","787 Atlantic Ave.","Brooklyn","French-Creole",,,"Good","Yes","None","None","Bilingual staff","5 minutes or less","No","11238","40.681945","-73.968351","302","35","3335094","3020090001","199","BK0204"
"06/01/2022","SBS","SBS-B-01","Workforce1 Career Center","1029 E 163rd St Floor 3","Bronx","French-Creole","N/A",,"Good","Yes","One or more languages (specific language not recorded)","French, Spanish, Creole","Language Line","5-10 minutes","Yes","10459","40.820992","-73.891801","202","17","2005788","2027240190","159","BX0202"
"06/01/2022","SBS","SBS-M-02","Workforce1 Career Center","215 W 125th St.","Manhattan","Spanish",,,"Excellent","Yes","None","One or more languages (specific language not recorded)","Language Line",">30 minutes","Yes","10027","40.809259","-73.948979","110","9","1058659","1019310021","222","MN1001"
"06/01/2022","SBS","SBS-M-09","Workforce 1 Expansion Center","560 W 181st St.","Manhattan","Spanish",,,"Excellent","Yes","At least the 6 designated citywide languages or more","At least the 6 designated citywide languages or more","Bilingual staff","5 minutes or less","Yes","10033","40.848992","-73.932965","112","10","1081875","1021530081","269","MN1202"
"06/01/2022","SBS","SBS-Q-06","NYC Business Solutions Center","90-27 Sutphin Blvd Floor 4","Queens",,"Excellent",,"Excellent","Yes","One or more languages (specific language not recorded)","One or more languages (specific language not recorded)","Bilingual staff","5 minutes or less","Yes","11435","40.70234","-73.808148","412","27","4206784","4096770007","240","QN1201"
"06/01/2022","SBS","SBS-Q-07","Workforce 1 Expansion Center","1029 E 163rd St Floor 3","Queens",,,"Excellent","Excellent","Yes","One or more languages (specific language not recorded)","None","Language Line","5 minutes or less","Yes",,,,,,,,,
"06/01/2022","SBS","SBS-Q-10","Workforce 1 Sector - Based Expansion Center","1029 E 163rd St Floor 3","Queens","Spanish",,,"Excellent","Yes","One or more languages (specific language not recorded)","One or more languages (specific language not recorded)","Bilingual staff","5 minutes or less","Yes",,,,,,,,,
"06/01/2022","TLC","TLC-Q-01","Licensing Facility","31-00 47th Ave Floor 3","Queens",,,,,"No","One or more languages (specific language not recorded)","One or more languages (specific language not recorded)","Bilingual staff","5 minutes or less","N/A","11101","40.74306","-73.935652","402","26","4003539","4002810001","19902","QN0202"
"06/01/2014","HRA","HRA-M-10","Waverly SNAP","12 W 14th St. Fl. 4","Manhattan","French","N/A",,"Good","Yes",,"At least the 6 designated citywide languages or more","None","N/A","No","10011","40.736301","-73.994342","102","2","1009716","1005770034","63","MN0202"
"06/01/2022","CLERK","CCK-M-01","Borough Office","141 Worth St.","Manhattan","Spanish","1","N/A","Excellent","Yes","Spanish, Chinese , French , and Russian","Mandatory languages","Bilingual staff",,"Yes","10013","40.715093","-74.001948","101","1","1001830","1001660027","2901","MN0102"
"06/01/2022","CLERK","CCK-B-01","Borough Office","851 Grand Concourse","Bronx","Spanish","2","N/A","N/A","Yes","N","Spanish",,,"No","10451","40.826048","-73.923102","204","16","2002869","2024680001","6301","BX0401"
"06/04/2014","CLERK","CCK-M-01","Borough Office","141 Worth St.","Manhattan","French","N/A",,"Good","Yes","None","None","None","N/A","No","10013","40.715093","-74.001948","101","1","1001830","1001660027","2901","MN0102"
"06/05/2014","FDNY","FDN-K-02","Public Records","9 Metrotech Center Fl. 1","Brooklyn","French","N/A",,"Excellent","Yes",,"At least the 6 designated citywide languages or more","Language Line","5 minutes or less","No","11201","40.69486","-73.984674","302","33","3058187","3020470011","1502","BK0202"
"06/10/2014","DCWP","DCA-M-01","Licensing unit","42 broadway floor 5","Manhattan","French","N/A",,"Good","No","Spanish","None","None","N/A","No","10004","40.70627","-74.012909","101","1","1000812","1000220020","9","MN0101"
"06/10/2014","DCWP","DCA-M-02","Consumer Services","42 broadway floor 9","Manhattan","French","N/A",,"Poor","No","None","None","Bilingual staff","5 minutes or less","No","10004","40.70627","-74.012909","101","1","1000812","1000220020","9","MN0101"
"06/10/2014","DOHMH","DOH-M-14","Manhattan Early Intervention Office","42 Broadway Suite 1611","Manhattan","French","N/A",,"Good","Yes",,"None","None","N/A","No","10004","40.70627","-74.012909","101","1","1000812","1000220020","9","MN0101"
"06/10/2014","DOT","DOT-M-01","Manhattan Permit office","55 Water St.","Manhattan","French","N/A",,"Excellent","Yes",,"None","Language Line","5-10 minutes","Yes","10041","40.703608","-74.009691","101","1","1083346","1000327501","9","MN0101"
"06/11/2014","DCWP","DCA-M-04","Adjudications Unit","66 John St.","Manhattan","French","N/A",,"Fair","Yes","Several","One or more languages (specific language not recorded)","None","N/A","No","10038","40.708933","-74.007614","101","1","1079043","1000670001","1502","MN0101"
"06/11/2014","DOF","DOF-M-03","Manhattan Business Center","66 John St.","Manhattan","French","N/A",,"Excellent","Yes",,"None","Language Line","5 minutes or less","Yes","10038","40.708933","-74.007614","101","1","1079043","1000670001","1502","MN0101"
"06/11/2014","DOF","DOF-M-04","City Register","66 John St.","Manhattan","French","N/A",,"Fair","Yes",,"One or more languages (specific language not recorded)","None","N/A","No","10038","40.708933","-74.007614","101","1","1079043","1000670001","1502","MN0101"
"06/11/2014","DOI","DOI-M-03","Fingerprinting","83 Maiden Lane","Manhattan","French","N/A",,"Excellent","Yes",,"None","Bilingual staff","10-30 minutes","Yes","10038","40.707443","-74.007607","101","1","1001111","1000680007","1502","MN0101"
"06/11/2014","DPR","DPR-M-18","Alfred E. Smith Recreation Center","80 Catherine St.","Manhattan","French","N/A",,"Fair","No",,"None","None","N/A","No","10038","40.710729","-73.996631","103","1","1083357","1001110160","25","MN0301"
"06/11/2014","OATH","ATH-M-02","OATH Hearings Divison","66 John St. Floor 10","Manhattan","French","N/A",,"Excellent","Yes",,"One or more languages (specific language not recorded)","Language Line","5 minutes or less","Yes","10038","40.708933","-74.007614","101","1","1079043","1000670001","1502","MN0101"
"06/12/2014","BIC","BIC-M-01","Licensing Unit","100 Church St. Fl. 20","Manhattan","Spanish","N/A",,"Excellent","Yes","Only a few languages translated","One or more languages (specific language not recorded)","Bilingual staff","5 minutes or less","Yes","10007","40.712968","-74.00949","101","1","1001409","1001250020","21","MN0102"
"06/12/2014","DCAS","CAS-M-04","City Store","1 Centre St.","Manhattan","Spanish","N/A",,"Poor","Yes","None","None","None","Translation not provided","No","10007","40.713001","-74.004181","101","1","1001394","1001210001","2901","MN0102"
"06/12/2014","DFTA","DFA-M-02","Senior Employment Services","2 Lafayette St. Floor 6","Manhattan","French/Spanish","N/A","Excellent","Good","No","Spanish, Traditional Chinese, Others","None","None","Translation not provided","No","10007","40.713723","-74.003586","101","1","1001672","1001550001","31","MN0102"
"06/12/2014","DOB","DOB-M-04","Manhattan Borough Office","280 Broadway Floor 3","Manhattan","Spanish","N/A",,"Excellent","Yes","None","None","Bilingual staff","5 minutes or less","Yes","10007","40.714417","-74.006089","101","1","1079215","1001530001","31","MN0102"
"06/12/2014","DOHMH","DOH-M-03","Corrections-Birth/Death Certificate","125 Worth St. Rm. 144","Manhattan","Japanese","N/A",,"Good","No",,"None","None","Translation not provided","No","10013","40.715428","-74.002673","101","1","1001831","1001680032","31","MN0102"
"06/12/2014","DOHMH","DOH-M-08","Food Safety & Community Sanitation","125 Worth","Manhattan","Spanish","N/A",,"Excellent","Yes",,"One or more languages (specific language not recorded)","Bilingual staff","5-10 minutes","Yes",,,,,,,,,
"06/12/2014","HRA","HRA-M-06","Chinatown Medicaid Office","115 Chrystie St. Fl. 5","Manhattan","French","N/A",,"Poor","Yes",,"None","None","N/A","No","10002","40.718647","-73.993586","103","1","1005645","1004230022","18","MN0302"
"06/12/2014","HRA","HRA-M-07","Office of Child Support Enforcement Manhattan/Staten Island Borough Office","115 Chrystie St. Fl. 3","Manhattan","Spanish","N/A",,"Excellent","Yes",,"None","Bilingual staff","5 minutes or less","Yes","10002","40.718647","-73.993586","103","1","1005645","1004230022","18","MN0302"
"06/12/2014","HRA","HRA-M-29","Office of Child Suppport Enforcement - Manhattan","60 Lafayette St. Fl. 1","Manhattan","Spanish","N/A",,"Excellent","Yes",,"One or more languages (specific language not recorded)","Bilingual staff","5 minutes or less","Yes","10013","40.71646","-74.002327","101","1","1001842","1001710031","31","MN0102"
"06/12/2014","SBS","SBS-M-05","NYC Business Solution Center","79 John St.","Manhattan","French","N/A",,"Poor","Yes",,"None","None","N/A","No","10038","40.708461","-74.006875","101","1","1001186","1000770008","1502","MN0101"
"06/13/2014","CCRB","CRB-M-01","Civilian Complaints Against Police","100 Church St. Floor 10","Manhattan","French","N/A",,"Excellent","Yes","Spanish","Spanish","Bilingual staff","5 minutes or less","Yes","10007","40.712968","-74.00949","101","1","1001409","1001250020","21","MN0102"
"06/13/2014","DOI","DOI-M-01","Complaint Bureau","80 Maiden Lane","Manhattan","French","N/A",,"Poor","Yes",,"None","Told to return later","N/A","No","10038","40.707116","-74.007329","101","1","1001015","1000420031","7","MN0101"
"06/13/2014","TLC","TLC-M-04","Executive Offices","33 Beaver St. Floor 22","Manhattan","French","N/A",,"Poor","Yes",,"One or more languages (specific language not recorded)","Bilingual staff","5 minutes or less","No","10004","40.704967","-74.011711","101","1","1000817","1000240001","9","MN0101"
"06/16/2014","DPR","DPR-K-04","Metropolitan Pool & Fitness Center","261 Bedford Ave.","Brooklyn","French","N/A",,"Poor","Yes",,"None","None","N/A","No","11211","40.715045","-73.960702","301","34","3062457","3023660004","553","BK0102"
"06/16/2014","DPR","DPR-M-08","Tony Dapolito Recreation Center","3 Clarkson St.","Manhattan","Chinese","N/A",,"Fair","Yes",,"One or more languages (specific language not recorded)","None","N/A","No","10014","40.729379","-74.005737","102","3","1088894","1005820050","67","MN0203"
"06/16/2014","HRA","HRA-M-02","Union Square Job Center","109 East 16th St. Fl. 1","Manhattan","Chinese","N/A",,"Fair","Yes",,"One or more languages (specific language not recorded)","None","N/A","No","10003","40.735681","-73.988713","105","2","1017821","1008720013","50","MN0602"
"06/16/2014","HRA","HRA-M-03","Intensive Services Center","109 East 16th Street","Manhattan","Chinese","N/A",,"Excellent","Yes",,"None","Bilingual staff","5 minutes or less","No","10003","40.735681","-73.988713","105","2","1017821","1008720013","50","MN0602"
"06/16/2014","HRA","HRA-M-04","Senior Works","109 East 16th Street","Manhattan","French","N/A",,"Good","Yes",,"None","None","N/A","No","10003","40.735681","-73.988713","105","2","1017821","1008720013","50","MN0602"
"06/16/2014","HRA","HRA-M-09","Waverly Job Center","12 West 14 St.","Manhattan","Chinese","N/A",,"Good","Yes",,"None","None","N/A","No","10011","40.736301","-73.994342","102","2","1009716","1005770034","63","MN0202"
"06/17/2014","DOE","DOE-M-04","Student Enrollment","154 West 93rd St","Manhattan","Chinese","Excellent",,"Excellent","No",,"None","Language Line","5 minutes or less","No","10025","40.791709","-73.970802","107","7","1032522","1012230005","177","MN0702"
"06/17/2014","DPR","DPR-M-07","Manhattan Permit Office","24 West 61st  St. Fl. 5","Manhattan","Chinese","Good",,"Poor","No",,"None","None","N/A","No","10023","40.769965","-73.98266","107","6","1027194","1011130051","145","MN0701"
"06/17/2014","DPR","DPR-M-14","Chelsea Recreation center","430 W 25th St.","Manhattan","French/Russian","N/A",,"Excellent","Yes",,"None","Bilingual staff","5 minutes or less","No","10001","40.748291","-74.001649","104","3","1012811","1007220057","93","MN0401"
"06/17/2014","DPR","DPR-M-15","Gertrude Ederle Recreation Center","533 W 59th St.","Manhattan","French","N/A",,"Excellent","Yes",,"None","Language Line","5 minutes or less","Yes","10019","40.770866","-73.98866","107","6","1086545","1011510015","147","MN0701"
"06/17/2014","DPR","DPR-M-33","West 79th St. Boat Basin","W 79th St. & Hudson River","Manhattan","French","N/A",,"Poor","No",,"None","None","N/A","Yes",,,,,,,,,
"06/17/2014","NYPD","NYP-M-02","Tow Pound","Pier 76. W 38 & 12th Avenue","Manhattan","Chinese","N/A",,"Good","Yes",,"None","None","10-30 minutes","No","10018","40.758493","-74.004924","104","3","1000000","1006650010","9903","MN0401"
"06/18/2014","DHS","DHS-M-04","Adult Family Intake Center","400-430 E 30th St. Fl. 1","Manhattan","Tibetan","Excellent",,"Excellent","Yes",,"None","None","Translation not provided","No","10016","40.74113","-73.975017","106","4","1087298","1009620097","62","MN0603"
"06/18/2014","DOE","DOE-M-03","Student Enrollment","166 Essex Street Room 128","Manhattan","Spanish","Excellent",,"Excellent","Yes",,"One or more languages (specific language not recorded)","Bilingual staff","5 minutes or less","Yes","10002","40.72154","-73.986648","103","1","1004325","1003550001","3001","MN0302"
"06/18/2014","DOE","DOE-M-08","Student Enrollment","400 1st Ave","Manhattan","Spanish","Excellent",,"Fair","Yes",,"None","Bilingual staff","10-30 minutes","Yes","10010","40.737159","-73.978331","106","4","1022052","1009550001","62","MN0603"
"06/18/2014","DOHMH","DOH-Q-08","Jamaica Sexual Health Clinic","90-37 Parsons Blvd. Fl. 1","Queens","Chinese","Fair",,"Excellent","Yes",,"Spanish","Language Line","10-30 minutes","Yes","11432","40.703826","-73.800483","412","27","4208836","4097560006","44601","QN1201"
"06/18/2014","DOHMH","DOH-Q-09","Queens Early Intervention Office","90-27 Parsons Blvd. Fl. 2","Queens","French","N/A",,"Excellent","Yes",,"None","Bilingual staff","5 minutes or less","Yes","11432","40.704136","-73.80067","412","27","4595378","4097560006","44601","QN1201"
"06/18/2014","DPR","DPR-M-09","Recreation Center 54","348 E 54th St.","Manhattan","Spanish","Excellent",,"Excellent","Yes",,"One or more languages (specific language not recorded)","Bilingual staff","5 minutes or less","Yes","10022","40.756882","-73.965536","106","4","1039840","1013460032","98","MN0604"
"06/18/2014","DPR","DPR-M-23","Asser Levy Recreation Center","392 Asser Levy  Pl.","Manhattan","Nepali","Fair",,"Good","No",,"None","None","N/A","No","10010","40.736137","-73.976159","106","4","1022552","1009810002","62","MN0603"
"06/18/2014","DPR","DPR-M-03","Hamilton Fish Recreation Center","128 Pitt St.","Manhattan","Nepali","N/A",,"Excellent","Yes",,"One or more languages (specific language not recorded)","Language Line","5-10 minutes","Yes","10002","40.719854","-73.981721","103","2","1081934","1003400001","2201","MN0302"
"06/18/2014","HRA","HRA-Q-02","Office of Child Support","151-20 Jamaica Ave. Fl. 4","Queens","Chinese","Excellent",,"Good","Yes",,"Spanish","None",">30 minutes","No","11432","40.702499","-73.803109","412","27","4438731","4100930001","240","QN1201"
"06/18/2014","SBS","SBS-Q-03","Workforce1 Sector-Based Career Center","168-46 91st Ave.","Queens","French","N/A",,"Excellent","Yes",,"None","Bilingual staff","5 minutes or less","Yes","11432","40.70742","-73.792169","412","27","4209641","4097990001","460","QN1201"
"06/23/2014","DOE","DOE-K-09","Student Enrollment","1010 Lafayette","Brooklyn","Chinese","Excellent",,"Excellent","Yes",,"None","Language Line","5 minutes or less","Yes",,,,,,,,,
"06/23/2014","DPR","DPR-K-06","Herbert Von King Cultural Arts Recreation Center","670 Lafayette Ave","Brooklyn","French","N/A",,"Fair","Yes",,"None","None","N/A","No","11216","40.690394","-73.946769","303","36","3049973","3017900001","263","BK0301"
"06/23/2014","HRA","HRA-K-14","Williamsburg SNAP","30 Thornton St.","Brooklyn","French","N/A",,"Fair","Yes",,"One or more languages (specific language not recorded)","None","N/A","Yes","11206","40.701103","-73.94354","301","33","3061504","3022760012","507","BK0103"
"06/23/2014","HRA","HRA-K-15","Bushwick Job Center","30 Thornton St.","Brooklyn","Chinese","N/A",,"Excellent","Yes",,"One or more languages (specific language not recorded)","None","N/A","Yes","11206","40.701103","-73.94354","301","33","3061504","3022760012","507","BK0103"
"06/23/2014","HRA","HRA-K-26","North Brooklyn SNAP","500 Dekalb Ave.","Brooklyn","French","N/A",,"Fair","Yes",,"French","None","N/A","Yes","11205","40.690758","-73.956635","303","36","3055395","3019410020","233","BK0301"
"07/16/2018","DOF","DOF-K-01","Brooklyn Business Center","210 Joralemon, Floor 1","Brooklyn","Chinese","N/A","Fair","N/A","Yes","10 designated citywide languages",,"Other","5 minutes or less",,,,,,,,,,
"06/23/2014","HRA","HRA-K-27","Dekalb Job Center","500 Dekalb Ave.","Brooklyn","Chinese","N/A",,"Excellent","Yes",,"One or more languages (specific language not recorded)","None","N/A","Yes","11205","40.690758","-73.956635","303","36","3055395","3019410020","233","BK0301"
"06/23/2014","NYCHA","NHA-K-09","Brooklyn/Staten Island Customer Contact Center","787 Atlantic Ave.","Brooklyn","Chinese","Excellent",,"Excellent","No",,"Chinese","None","5 minutes or less","Yes","11238","40.681945","-73.968351","302","35","3335094","3020090001","199","BK0204"
"06/24/2014","DOE","DOE-K-10","Student Enrollment","1224 Park Pl","Brooklyn","Chinese","Good",,"Excellent","No",,"One or more languages (specific language not recorded)","Bilingual staff","5-10 minutes","Yes","11213","40.672713","-73.936924","308","36","3036405","3013700029","343","BK0802"
"06/24/2014","DOE","DOE-K-07","Student Enrollment","355 Park Pl","Brooklyn","Chinese","Good",,"N/A","N/A",,"None","None","N/A","No","11238","40.676068","-73.965708","308","35","3028862","3011600001","205","BK0801"
"06/24/2014","DOHMH","DOH-K-01","STD Services","1218 Prospect Pl","Brooklyn","Chinese","N/A",,"Fair","Yes",,"One or more languages (specific language not recorded)","Language Line","5 minutes or less","No","11213","40.67353","-73.935845","308","36","3036147","3013650009","345","BK0802"
"06/24/2014","DPR","DPR-K-01","St. John's Recreation Center","1251 Prospect Pl.","Brooklyn","French","N/A",,"Good","Yes",,"None","None","N/A","No","11213","40.673488","-73.9348","308","36","3393257","3013530001","345","BK0802"
"06/24/2014","HRA","HRA-K-10","Fort Greene Food Stamps","275 Bergen","Brooklyn","French","N/A",,"Excellent","Yes",,"One or more languages (specific language not recorded)","Language Line","5 minutes or less","Yes",,,,,,,,,
"06/24/2014","HRA","HRA-K-20","Boerum Hill Medicaid Office","35 4th Ave.","Brooklyn","French","N/A",,"Excellent","Yes",,"None","Bilingual staff","5 minutes or less","Yes","11217","40.683419","-73.97898","306","39","3000000","3009280001","12901","BK0602"
"06/25/2014","DOB","DOB-K-01","Brooklyn Borough Office","210 Joralemon Street","Brooklyn","Spanish","N/A",,"Excellent","Yes","None","One or more languages (specific language not recorded)","Bilingual staff","5 minutes or less","Yes","11201","40.692459","-73.990491","302","33","3002558","3002667501","9","BK0201"
"06/25/2014","DOE","DOE-K-01","Student Enrollment","131 Livingston","Brooklyn","Chinese","Excellent",,"Excellent","No",,"Spanish","Language Line","5 minutes or less","Yes",,,,,,,,,
"06/25/2014","DOHMH","DOH-K-04","Brooklyn Early Intervention Office","16 Court St.","Brooklyn","French","N/A",,"Excellent","Yes",,"None","Bilingual staff","5 minutes or less","Yes","11241","40.693445","-73.990577","302","33","3002108","3002500044","9","BK0201"
"06/25/2014","ENDGBDV","MYR-K-01","NYC Family Justice Center","350 Jay St.","Brooklyn","Chinese","Excellent",,"Excellent","Yes",,"One or more languages (specific language not recorded)","None","N/A","No","11201","40.69351","-73.987249","302","33","3000259","3001407501","11","BK0202"
"06/25/2014","HRA","HRA-K-07","Burial Claims Unit","25 Chapel St. Fl. 6","Brooklyn","Spanish","N/A",,"Excellent","Yes",,"One or more languages (specific language not recorded)","Bilingual staff","5 minutes or less","Yes","11201","40.697254","-73.986015","302","33","3335884","3001180006","13","BK0202"
"06/25/2014","HRA","HRA-K-19","Office of Child Support Enforcement - King County","330 Jay St. Fl. 6","Brooklyn","Chinese","Fair",,"Good","No",,"None","None","N/A","No","11201","40.694495","-73.987198","302","33","3347736","3001407502","11","BK0202"
"06/25/2014","HRA","HRA-K-22","Kings County Hospital Medicaid Office","451 Clarkson Ave.","Brooklyn","French","N/A",,"Poor","Yes",,"One or more languages (specific language not recorded)","None","N/A","Yes","11203","40.65576","-73.944602","309","40","3327711","3048290001","808","BK0902"
"06/25/2014","HRA","HRA-K-25","Office of Child Support Enforcement Brooklyn Borough Office","1 Metrotech Center Fl. 6","Brooklyn","Chinese","Excellent",,"Excellent","Yes",,"None","Language Line","5-10 minutes","Yes","11201","40.693463","-73.987227","302","33","3319418","3001470004","11","BK0202"
"06/25/2014","HRA","HRA-K-36","Michael J. Handy  Veteran Job Center","25 Chapel St. Fl. 6","Brooklyn","French","N/A",,"Poor","Yes",,"None","None","N/A","No","11201","40.697254","-73.986015","302","33","3335884","3001180006","13","BK0202"
"06/26/2014","HRA","HRA-M-25","Washington Heights SNAP","4055 10th Ave.","Manhattan","French","N/A",,"Poor","Yes",,"Spanish","None","Translation not provided","No","10034","40.870388","-73.914561","112","10","1064513","1022130001","299","MN1203"
"06/26/2014","HRA","HRA-M-26","Dyckman Job Center","4055 10th Ave.","Manhattan","Hindi","Excellent",,"Fair","Yes",,"None","Language Line","10-30 minutes","Yes","10034","40.870388","-73.914561","112","10","1064513","1022130001","299","MN1203"
"06/26/2014","HRA","HRA-M-35","Manhattanville Community Medicaid Office","520-530 W 135th St.","Manhattan","Tibetan & Nepali","Excellent",,"Fair","Yes",,"None","Bilingual staff","10-30 minutes","Yes","10031","40.819265","-73.953014","109","7","1059778","1019880053","22301","MN0902"
"06/26/2014","SBS","SBS-M-06","NYC Business Solution Center","560 W 181st St.","Manhattan","Tibetan & Nepali","N/A",,"Poor","No",,"None","Told to bring someone who can translate","N/A","No","10033","40.848992","-73.932965","112","10","1081875","1021530081","269","MN1202"
"06/30/2014","CCHR","CHR-M-01","NYC Human Rights Community Service Cent","100 Gold St","Manhattan","Bengali","Fair",,"Fair","No","Spanish","Spanish","Other","5 minutes or less","No","10038","40.710353","-74.004007","101","1","1001289","1000940025","1501","MN0101"
"06/30/2014","CLERK","CCK-Q-01","Borough Office","120-55 Queens Blvd.","Queens","Mandarin","Excellent",,"Fair","Yes","None","None","Bilingual staff","5 minutes or less","Yes","11415","40.713329","-73.828601","409","29","4052812","4022740002","21601","QN0901"
"06/30/2014","DOB","DOB-Q-01","Queens Borough Office","120-55 Queens Boulevard","Queens","Mandarin","Excellent",,"Good","No","None","None","None","N/A","No","11415","40.713329","-73.828601","409","29","4052812","4022740002","21601","QN0901"
"06/30/2014","DOT","DOT-Q-01","Queens Permit Office","120-55 Queens Blvd.","Queens","Mandarin","Good",,"Fair","Yes",,"One or more languages (specific language not recorded)","Language Line","5-10 minutes","Yes","11415","40.713329","-73.828601","409","29","4052812","4022740002","21601","QN0901"
"06/30/2014","DPR","DPR-M-04","Pelham Fritz Recreation Center","18 Mount Morris Park W","Manhattan","Hindi","N/A",,"Fair","Yes",,"None","Language Line","5-10 minutes","Yes","10027","40.804822","-73.945457","111","9","1083967","1017190001","198","MN1102"
"06/30/2014","DPR","DPR-M-20","Jackie Robinson Recreation Center","85 Bradhurst Ave.","Manhattan","Bengali","N/A",,"Poor","Yes",,"None","None","N/A","No","10039","40.824198","-73.942229","110","9","1084164","1020520001","231","MN0903"
"06/30/2014","ENDGBDV","MYR-Q-02","NYC Family Justice Center","126-02 82nd Ave.","Queens","Mandarin","Excellent",,"Excellent","Yes",,"One or more languages (specific language not recorded)","Language Line","5 minutes or less","Yes","11415","40.713732","-73.826122","409","29","4458616","4096570001","21601","QN0901"
"07/16/2018","DOF","DOF-K-01","Brooklyn Business Center","210 Joralemon, Floor 1","Brooklyn","Chinese","Fair","Poor","Good","No",,,"Other","N/A","Yes",,,,,,,,,
"06/30/2014","HPD","HPD-Q-01","Code Enforcement Services","120-55 Queens Blvd.","Queens","Cantonese","Good",,"Fair","Yes",,"None","Language Line","5 minutes or less","No","11415","40.713329","-73.828601","409","29","4052812","4022740002","21601","QN0901"
"06/30/2014","HRA","HRA-M-11","St. Nicholas Food Stamps","132 West 125 St.","Manhattan","French","N/A",,"Fair","Yes",,"At least the 6 designated citywide languages or more","None","N/A","No","10027","40.808451","-73.947112","110","9","1057820","1019090012","222","MN1001"
"06/30/2014","HRA","HRA-M-12","St.Nicholas Job Center","132 W 12th St. Floor 2","Manhattan","Bengali","N/A",,"Good","Yes",,"None","Other","5 minutes or less","Yes","10011","40.73648","-73.998885","102","3","1088864","1006077502","71","MN0203"
"06/30/2014","HRA","HRA-Q-18","Queens Job Center","32-20 Northern Blvd.","Queens","Mandarin","Excellent",,"Excellent","Yes",,"One or more languages (specific language not recorded)","Language Line","5 minutes or less","Yes","11101","40.75197","-73.931799","401","26","4003105","4002147501","17102","QN0161"
"06/30/2014","SBS","SBS-M-02","Workforce1 Career Center","215 W 125th St.","Manhattan","Bengali","N/A",,"Good","Yes",,"None","Other","5 minutes or less","No","10027","40.809259","-73.948979","110","9","1058659","1019310021","222","MN1001"
"06/30/2014","SBS","SBS-M-03","NYC Business Solution Center","361 West 125th Street","Manhattan","French","N/A",,"Excellent","Yes",,"None","Bilingual staff","5 minutes or less","Yes","10027","40.810952","-73.953005","109","9","1059308","1019520009","20901","MN0901"
"07/01/2014","DOE","DOE-M-01","Student Enrollment","333 7th Ave.","Manhattan","Cantonese","Excellent",,"Excellent","No",,"One or more languages (specific language not recorded)","Language Line","5 minutes or less","Yes","10001","40.747629","-73.99306","105","3","1015097","1008040001","95","MN0501"
"07/01/2014","DOHMH","DOH-M-11","STD Services","303 9th Ave Floor 2","Manhattan","Bengali","Excellent",,"Poor","Yes",,"One or more languages (specific language not recorded)","None","5 minutes or less","Yes","10001","40.749356","-73.999257","104","3","1012830","1007240082","97","MN0401"
"07/01/2014","HRA","HRA-Q-15","East River Job Center","32-20 Northern Blvd.","Queens","Bengali","Good",,"Poor","Yes",,"One or more languages (specific language not recorded)","None","5 minutes or less","Yes","11101","40.75197","-73.931799","401","26","4003105","4002147501","17102","QN0161"
"07/02/2014","CLERK","CCK-S-01","Borough Office","10 Richmond Terrace","Staten Island","Bengali","Good",,"Fair","Yes","Some","One or more languages (specific language not recorded)","Language Line","5 minutes or less","Yes","10301","40.642367","-74.075274","501","49","5000063","5000070001","3","SI0101"
"07/02/2014","DOB","DOB-S-01","Staten Island Borough Office","10 Richmond Terrace","Staten Island","Spanish","N/A",,"Poor","Yes","None","One or more languages (specific language not recorded)","Bilingual staff","5 minutes or less","No","10301","40.642367","-74.075274","501","49","5000063","5000070001","3","SI0101"
"07/02/2014","DOE","DOE-S-01","District Office","715 Ocean Terrace","Staten Island","Cantonese","Excellent",,"Excellent","Yes",,"One or more languages (specific language not recorded)","Bilingual staff","5-10 minutes","Yes","10301","40.608756","-74.102344","502","50","5113169","5006830001","17701","SI0203"
"07/02/2014","DOT","DOT-S-01","Staten Island Permit Office","10 Richmond Terrace","Staten Island","Mandarin","Excellent",,"Excellent","Yes",,"None","Language Line","5 minutes or less","Yes","10301","40.642367","-74.075274","501","49","5000063","5000070001","3","SI0101"
"07/02/2014","DPR","DPR-S-02","Greenbelt Recreation Center","501 Brielle Ave.","Staten Island","Bengali","N/A",,"Excellent","Yes",,"None","Language Line","5-10 minutes","Yes","10314","40.592224","-74.13628","502","50","5107273","5019550001","27302","SI0203"
"07/02/2014","DPR","DPR-S-03","Staten Island Permit Office at Greenbelt Recreation Center","501 Brielle Ave.","Staten Island","Spanish","N/A",,"Excellent","Yes",,"One or more languages (specific language not recorded)","Bilingual staff","5 minutes or less","Yes","10314","40.592224","-74.13628","502","50","5107273","5019550001","27302","SI0203"
"07/02/2014","DPR","DPR-S-11","Lyons Pool Recreation Center","Hannah St. and Murray","Staten Island","Bengali","Excellent",,"Poor","Yes",,"None","None","5 minutes or less","Yes",,,,,,,,,
"07/02/2014","HRA","HRA-S-04","Richmond Snap Center","201 Bay St. Fl. 1","Staten Island","Bengali","Excellent",,"Poor","Yes",,"One or more languages (specific language not recorded)","Language Line","5 minutes or less","Yes","10301","40.636992","-74.076212","501","49","5013238","5004970009","21","SI0102"
"07/02/2014","HRA","HRA-S-05","Richmond Job Center","201 Bay St. Fl. 1","Staten Island","Spanish","N/A",,"Fair","Yes",,"One or more languages (specific language not recorded)","Bilingual staff","5 minutes or less","Yes","10301","40.636992","-74.076212","501","49","5013238","5004970009","21","SI0102"
"07/02/2014","HRA","HRA-S-09","Staten Island Medicaid Office","215 Bay St. Ground Fl.","Staten Island","Cantonese","N/A",,"Excellent","Yes",,"One or more languages (specific language not recorded)","Bilingual staff","5 minutes or less","Yes","10301","40.636699","-74.076247","501","49","5013236","5004970001","21","SI0102"
"07/02/2014","SBS","SBS-S-04","NYC Business Solutions Center","120 Stuyvesant Place","Staten Island","Spanish","N/A",,"Excellent","Yes",,"One or more languages (specific language not recorded)","Bilingual staff","5 minutes or less","Yes","10301","40.643264","-74.077159","501","49","5000084","5000080060","3","SI0101"
"07/03/2014","CCHR","CHR-Q-01","NYC Human Rights Community Service Center","153-01 jamaica ave","Queens","French","N/A",,"Fair","Yes","None","None","Language Line","5 minutes or less","No","11432","40.702799","-73.802113","412","27","4208826","4097540056","240","QN1201"
"07/03/2014","DOE","DOE-B-02","Family Welcome Center","1230 Zerega Ave","Bronx","Chinese","Excellent",,"Excellent","Yes",,"N/A","Told to bring someone who can translate","5 minutes or less","No","10462","40.833586","-73.845099","209","18","2027195","2038420002","96","BX1001"
"07/03/2014","DOE","DOE-B-06","Student Enrollment","1434 Longfellow","Bronx","Hindi","Fair",,"Good","No",,"None","Language Line","5 minutes or less","Yes",,,,,,,,,
"07/03/2014","DOE","DOE-K-05","Student Enrollment","415 89th Street","Brooklyn","Spanish","Excellent",,"Excellent","Yes",,"One or more languages (specific language not recorded)","Bilingual staff","5 minutes or less","Yes","11209","40.619931","-74.028086","310","47","3154215","3060650043","160","BK1001"
"07/03/2014","DOE","DOE-K-11","Student Enrollment","521 West Avenue","Brooklyn","Spanish","Excellent",,"Excellent","Yes",,"N/A","Bilingual staff","5 minutes or less","Yes","11224","40.582533","-73.973132","313","47","3196292","3072500025","354","BK1302"
"07/03/2014","DOE","DOE-Q-04","Student Enrollment","90-27 Sutphin Blvd Floor 1","Queens","French","N/A",,"Fair","Yes",,"None","Bilingual staff","5 minutes or less","Yes","11435","40.70234","-73.808148","412","27","4206784","4096770007","240","QN1201"
"07/03/2014","DOF","DOF-Q-01","Queens Business Center","144-06 94th Ave","Queens","Hindi","N/A",,"Fair","No",,"None","Other","5 minutes or less","Yes","11435","40.698517","-73.8083","412","27","4439745","4099930003","208","QN1201"
"07/03/2014","DOT","DOT-B-01","Bronx Permit Office","1400 Williamsbridge Rd","Bronx","Cantonese","Excellent",,"Excellent","Yes",,"One or more languages (specific language not recorded)","Language Line","5 minutes or less","Yes","10461","40.842206","-73.844168","210","18","2044091","2040740001","200","BX1001"
"07/03/2014","DPR","DPR-B-13","Hunts Point Recreation Center","765 Manida St.","Bronx","Cantonese","N/A",,"Fair","Yes",,"N/A","Other","5 minutes or less","Yes","10474","40.815865","-73.888768","202","17","2109472","2027630001","9301","BX0201"
"07/03/2014","DPR","DPR-K-02","Red Hook Recreation Center","155 Bay St.","Brooklyn","Spanish","N/A",,"Poor","No",,"None","None","5-10 minutes","Yes","11231","40.671937","-74.003515","306","38","3008670","3005820001","5302","BK0601"
"07/03/2014","DPR","DPR-K-08","Sunset Park Recreation Center","7th Ave. at 43rd St.","Brooklyn","Spanish","N/A",,"Excellent","Yes",,"One or more languages (specific language not recorded)","Bilingual staff","5 minutes or less","Yes",,,,,,,,,
"07/03/2014","DPR","DPR-K-09","Brooklyn Permits Office","95 Prospect Park West","Brooklyn","Spanish","Excellent",,"Excellent","Yes",,"One or more languages (specific language not recorded)","Bilingual staff","5 minutes or less","Yes","11215","40.667391","-73.974508","355","39","3339260","3011170001","177","BK5591"
"07/03/2014","DPR","DPR-K-10","Fort Hamilton Senior Center","9941 Fort Hamilton","Brooklyn","Spanish","N/A",,"Poor","Yes",,"None","None","Translation not provided","Yes","11209","40.609231","-74.028575","310","50","3345717","3061530001","164","BK1061"
"07/03/2014","DPR","DPR-B-08","Owen Dole Recreation Center","2551 Westchester Ave.","Bronx","Nepali","Excellent",,"Excellent","Yes",,"None","Language Line","5-10 minutes","Yes","10461","40.840398","-73.842354","210","18","2041875","2039840100","200","BX1001"
"07/03/2014","HRA","HRA-K-16","Coney Island Medicaid Office","3050 W 21 St. Floor 3","Brooklyn","Spanish","N/A",,"Excellent","Yes",,"One or more languages (specific language not recorded)","Bilingual staff","5 minutes or less","Yes","11224","40.57353","-73.987448","313","47","3189654","3070710123","352","BK1302"
"07/03/2014","HRA","HRA-K-18","Coney Island Job Center","3050 W 21 St. Floor 1","Brooklyn","Spanish","N/A",,"Fair","Yes",,"One or more languages (specific language not recorded)","Bilingual staff","5 minutes or less","Yes","11224","40.57353","-73.987448","313","47","3189654","3070710123","352","BK1302"
"07/03/2014","HRA","HRA-K-29","Job Center/Southern Brooklyn","6740 4th Ave","Brooklyn","Spanish","N/A",,"Excellent","Yes",,"One or more languages (specific language not recorded)","Bilingual staff","5 minutes or less","Yes","11220","40.635939","-74.022991","310","47","3144669","3058540036","68","BK1001"
"07/03/2014","HRA","HRA-K-38","Coney Island SNAP","2865 West 8th St.","Brooklyn","Spanish","N/A",,"Excellent","Yes",,"One or more languages (specific language not recorded)","Bilingual staff","5 minutes or less","Yes","11224","40.578356","-73.976327","313","48","3345783","3072790162","354","BK1302"
"07/03/2014","NYCHA","NHA-Q-05","Customer Contact Center","90-27 Sutphin Blvd. Fl. 4","Queens","Bengali","N/A",,"Poor","No",,"None","None","5 minutes or less","No","11435","40.70234","-73.808148","412","27","4206784","4096770007","240","QN1201"
"07/03/2014","NYPD","NYP-B-14","Tow Pound","745 141st St.","Bronx","Tibetan","Excellent",,"Excellent","Yes",,"None","Language Line","10-30 minutes","Yes",,,,,,,,,
"07/03/2014","SBS","SBS-Q-01","Workforce1 Career Center","168-25 Jamaica Ave.","Queens","Bengali","N/A",,"Excellent","Yes",,"None","Other","5 minutes or less","Yes","11432","40.706593","-73.791775","412","27","4209641","4097990001","460","QN1201"
"07/07/2014","CCHR","CHR-K-01","NYC Human Rights Community Service Center","275 Livingston st","Brooklyn","Mandarin","N/A",,"Excellent","Yes","Chinese","Chinese","Language Line","5 minutes or less","Yes","11217","40.68839","-73.982512","302","33","3000000","3001610003","37","BK0202"
"07/07/2014","CLERK","CCK-B-01","Borough Office","851 Grand Concourse","Bronx","French","N/A",,"Poor","Yes","None","None","Told to bring someone who can translate","N/A","No","10451","40.826048","-73.923102","204","16","2002869","2024680001","6301","BX0401"
"07/07/2014","CLERK","CCK-K-01","Borough Office","210 Joralemon St.","Brooklyn","Bengali","Good",,"Poor","Yes","Chinese","Chinese","Other","5 minutes or less","No","11201","40.692459","-73.990491","302","33","3002558","3002667501","9","BK0201"
"07/07/2014","DOE","DOE-K-08","Student Enrollment","215 Heyward St","Brooklyn","Mandarin","Excellent",,"Good","No",,"None","Language Line","5 minutes or less","Yes","11206","40.703624","-73.953146","301","33","3061064","3022270001","529","BK0103"
"07/07/2014","DOT","DOT-K-01","Brooklyn Permit Office","16 Court St. Floor 15","Brooklyn","Urdu","Good",,"Excellent","Yes",,"One or more languages (specific language not recorded)","Bilingual staff","5 minutes or less","Yes","11241","40.693445","-73.990577","302","33","3002108","3002500044","9","BK0201"
"07/07/2014","DPR","DPR-B-07","St. James Recreation Center","2530 Jerome Ave.","Bronx","Chinese","Excellent",,"Fair","Yes",,"None","Language Line","5-10 minutes","Yes","10468","40.864777","-73.899489","207","14","2118325","2031760001","401","BX0701"
"07/07/2014","ENDGBDV","MYR-B-01","NYC Family Justice Center","198 East 161 St.","Bronx","Chinese","Excellent",,"Excellent","Yes",,"N/A","Language Line","5 minutes or less","Yes","10451","40.826354","-73.921024","204","16","2099027","2024430094","61","BX0401"
"07/07/2014","FDNY","FDN-K-03","Public Records","9 Metrotech Center Fl. 1","Brooklyn","Mandarin","Excellent",,"Poor","Yes",,"None","None","N/A","No","11201","40.69486","-73.984674","302","33","3058187","3020470011","1502","BK0202"
"07/07/2014","HRA","HRA-B-02","Morrisania Medicaid Office","1225 Gerard Ave. Basement","Bronx","French","N/A",,"Excellent","Yes",,"None","None","N/A","Yes","10452","40.835957","-73.919986","204","16","2003015","2024890060","197","BX0401"
"07/07/2014","HRA","HRA-B-10","Lincoln Hospital Medicaid Office","234 E 149th St. Basement Rm. B-75","Bronx","Chinese","Excellent",,"Fair","Yes",,"N/A","None","N/A","No","10451","40.81774","-73.924156","201","17","2097050","2023350016","65","BX0102"
"07/07/2014","HRA","HRA-B-13","Melrose Food Stamps","260 East 161st St.","Bronx","French","N/A",,"Poor","Yes",,"At least the 6 designated citywide languages or more","None","N/A","No","10451","40.825685","-73.918814","204","16","2002457","2024430100","61","BX0401"
"07/07/2014","HRA","HRA-B-14","Melrose Job Center","260 East 161st St.","Bronx","Chinese","N/A",,"Poor","Yes",,"N/A","None","N/A","No","10451","40.825685","-73.918814","204","16","2002457","2024430100","61","BX0401"
"07/07/2014","HRA","HRA-B-17","Concourse SNAP","1375 Jerome Ave. Floor 2","Bronx","French","N/A",,"Poor","Yes",,"At least the 6 designated citywide languages or more","None","N/A","No","10452","40.839771","-73.918359","204","16","2008289","2028560020","219","BX0403"
"07/07/2014","HRA","HRA-B-20","Office of Child Support Bronx Family Court","900 Sheridan Ave.","Bronx","French","N/A",,"Good","Yes",,"None","None","N/A","No","10451","40.826873","-73.920872","204","16","2002704","2024540001","18302","BX0401"
"07/07/2014","SBS","SBS-K-02","Workforce1 Career Center","9 Bond St.","Brooklyn","Hindi","N/A",,"Poor","Yes",,"None","None","5 minutes or less","No","11201","40.689376","-73.983164","302","33","3329441","3001600007","37","BK0202"
"07/08/2014","DOHMH","DOH-M-15","Tuberculosis Clinic","600 W 168th Street","Manhattan","Bengali","N/A",,"Poor","No",,"Spanish","Other","Translation not provided","No","10032","40.841264","-73.940223","112","10","1063379","1021380024","251","MN1201"
"07/08/2014","DPR","DPR-M-05","Thomas Jefferson Recreation Center","2180 1st Ave.","Manhattan","Chinese","N/A",,"Fair","Yes",,"One or more languages (specific language not recorded)","None","N/A","Yes","10029","40.793562","-73.937181","111","8","1085632","1017050001","178","MN1102"
"07/08/2014","DPR","DPR-M-10","Hansborough Recreation Center","35 W 134th St.","Manhattan","French","N/A",,"Excellent","Yes",,"None","Language Line","5 minutes or less","Yes","10037","40.81265","-73.93949","110","9","1081456","1017300055","212","MN1002"
"07/08/2014","HRA","HRA-M-19","East End SNAP","2322 Third Ave.","Manhattan","French","N/A",,"Excellent","Yes",,"At least the 6 designated citywide languages or more","Language Line","5 minutes or less","Yes","10035","40.804465","-73.93526","111","8","1054497","1017750033","242","MN1102"
"07/08/2014","HRA","HRA-M-20","East End Job Center","2322 Third Ave.","Manhattan","Bengali","N/A",,"Excellent","Yes",,"None","Language Line","5 minutes or less","Yes","10035","40.804465","-73.93526","111","8","1054497","1017750033","242","MN1102"
"07/09/2014","DEP","DEP-B-01","Bronx Borough Office","1932 Arthur Avenue","Bronx","Chinese","Excellent",,"Excellent","Yes","Arabic , Spanish, Chinese, French","None","Language Line","5 minutes or less","Yes","10457","40.845685","-73.893294","206","15","2009911","2029470018","36901","BX0602"
"07/09/2014","DOB","DOB-B-01","Bronx Borough Office","1932 Arthur Ave","Bronx","French","N/A",,"Good","Yes","None","None","None","N/A","No","10457","40.845685","-73.893294","206","15","2009911","2029470018","36901","BX0602"
"07/09/2014","DOF","DOF-B-01","Bronx Business Center","3030 3rd Ave","Bronx","Bengali","Fair",,"Good","Yes",,"None","None","Translation not provided","No","10455","40.819857","-73.913268","201","17","2117395","2023630024","71","BX0102"
"07/09/2014","HRA","HRA-B-07","Crotona SNAP","1910 Monterey Ave. 5th Fl.","Bronx","French","N/A",,"Good","Yes",,"None","None","N/A","No","10457","40.846932","-73.895099","206","15","2011826","2030600032","37504","BX0602"
"07/09/2014","HRA","HRA-B-08","Crotona Job Center","1910 Monterey Ave. Fl. 1","Bronx","Chinese","Poor",,"Good","Yes",,"N/A","None","N/A","No","10457","40.846932","-73.895099","206","15","2011826","2030600032","37504","BX0602"
"07/09/2014","OATH","ATH-B-01","OATH Hearings Divison","3030 3rd Ave. Rm. 250","Bronx","French","N/A",,"Fair","Yes",,"At least the 6 designated citywide languages or more","Other","5 minutes or less","No","10455","40.819857","-73.913268","201","17","2117395","2023630024","71","BX0102"
"07/10/2014","CCHR","CHR-B-01","NYC Human Rights Community Service Center","1932 Arthur Ave","Bronx","Bengali","N/A",,"Excellent","Yes","A few languages","One or more languages (specific language not recorded)","Bilingual staff","5 minutes or less","Yes","10457","40.845685","-73.893294","206","15","2009911","2029470018","36901","BX0602"
"07/10/2014","DOE","DOE-B-01","District Office","1 Fordham Plaza","Bronx","Spanish","N/A",,"Fair","Yes",,"One or more languages (specific language not recorded)","Bilingual staff","5-10 minutes","Yes","10458","40.860739","-73.889585","206","15","2088325","2030330053","387","BX0603"
"07/10/2014","DOE","DOE-K-06","Student Enrollment","557 Pennsylvania Ave","Brooklyn","Chinese","Good",,"N/A","No",,"N/A","Told to return later","N/A","No","11207","40.663673","-73.893754","305","42","3085070","3038230001","1126","BK0503"
"07/10/2014","DOE","DOE-K-12","Student Enrollment","5619 Flatlands Ave","Brooklyn","Chinese","Excellent",,"Excellent","No",,"N/A","Told to bring someone who can translate","5 minutes or less","Yes","11234","40.629904","-73.921966","318","46","3215797","3077820034","728","BK1801"
"07/10/2014","DPR","DPR-B-10","Williamsburg Oval Recreation Center","3225 Reservoir Oval E","Bronx","Spanish","N/A",,"Excellent","Yes",,"One or more languages (specific language not recorded)","Bilingual staff","5 minutes or less","Yes","10467","40.876353","-73.878903","207","11","2018251","2033430400","423","BX0703"
"07/10/2014","DPR","DPR-K-03","Brownsville Recreation Center","1555 Linden Blvd.","Brooklyn","French","N/A",,"Excellent","No",,"None","Told to get someone from the waiting room","5 minutes or less","Yes","11212","40.655471","-73.902853","316","42","3085992","3038680002","922","BK1602"
"07/10/2014","DPR","DPR-Q-08","Sorrentino Recreation Center","18-48 Cornaga Ave.","Queens","French","N/A",,"Good","No",,"None","None","N/A","No","11691","40.602306","-73.751029","414","31","4298254","4155600050","101003","QN1401"
"07/10/2014","HPD","HPD-K-06","Neighborhood Preservation Offices/Code Enforcement Services","701 Euclid Ave","Brooklyn","Chinese","Excellent",,"Excellent","Yes",,"One or more languages (specific language not recorded)","Language Line","5 minutes or less","Yes","11208","40.669676","-73.870515","305","42","3098536","3044610001","120801","BK0505"
"07/10/2014","HRA","HRA-B-12","Fordham Job Center","2541 Bainbridge Ave.","Bronx","Bengali","Good",,"Excellent","Yes",,"None","Language Line","5 minutes or less","No","10458","40.862345","-73.89335","207","15","2016777","2032930008","39901","BX0701"
"07/10/2014","HRA","HRA-B-19","North Central Bronx Hospital Medicaid Office","3424 Kossuth Ave.","Bronx","Bengali","Good",,"Poor","Yes",,"One or more languages (specific language not recorded)","None","Translation not provided","No","10467","40.880676","-73.881571","207","11","2017787","2033270200","421","BX0703"
"07/10/2014","HRA","HRA-K-04","East New York Medicaid Office","2094 Pitkin Ave.","Brooklyn","French","N/A",,"Fair","Yes",,"None","Other","5 minutes or less","Yes","11207","40.671977","-73.895248","305","42","3083929","3037380015","1144","BK0502"
"07/10/2014","HRA","HRA-K-34","East New York SNAP","404 Pine St.","Brooklyn","French","N/A",,"Poor","Yes",,"At least the 6 designated citywide languages or more","Bilingual staff","5 minutes or less","Yes","11208","40.67588","-73.871091","305","42","3094690","3042140001","1196","BK0505"
"07/10/2014","NYCHA","NHA-B-06","Bronx/Manhattan Customer Contact Center","478 East Fordham Road","Bronx","Spanish","Fair",,"N/A","No",,"None","None","Translation not provided","No","10458","40.86051","-73.889148","206","15","2088325","2030330053","387","BX0603"
"07/10/2014","SBS","SBS-B-03","Bronx Workforce1 Career Center","400 East Fordham Road","Bronx","Bengali","Good",,"Excellent","Yes",,"None","Language Line","5 minutes or less","Yes","10458","40.8609","-73.891931","206","15","2116415","2030337501","38304","BX0603"
"07/14/2014","CCHR","CHR-S-01","NYC Human Rights Community Service Center","60 Bay St","Staten Island","Mandarin","N/A",,"Excellent","Yes","None","None","Language Line","5 minutes or less","Yes","10301","40.640558","-74.07569","501","49","5000025","5000050051","3","SI0101"
"07/14/2014","DOHMH","DOH-S-04","Tuberculosis Clinic","51 Stuyvesant Place","Staten Island","Chinese","Excellent",,"Excellent","Yes",,"None","Language Line","5-10 minutes","Yes","10301","40.644885","-74.078303","501","49","5000089","5000090009","7","SI0101"
"07/14/2014","HPD","HPD-M-01","Section 8 Client and Owner Services","100 Gold Street","Manhattan","Chinese","Good",,"Fair","Yes",,"None","Language Line","5 minutes or less","Yes","10038","40.710353","-74.004007","101","1","1001289","1000940025","1501","MN0101"
"07/14/2014","HRA","HRA-S-02","Office of Child Support Enforcement - Richmond County","100 Richmond Terrace","Staten Island","Bengali","Excellent",,"Good","Yes",,"None","None","Translation not provided","No","10301","40.644935","-74.07723","501","49","5000090","5000090022","7","SI0101"
"07/15/2014","DEP","DEP-Q-02","Queens Borough Office","96-05 Horace Harding Expressway","Queens","Bengali","N/A",,"Fair","Yes",,"One or more languages (specific language not recorded)","Language Line","10-30 minutes","No","11368","40.734383","-73.864309","404","21","4047337","4019180114","455","QN0402"
"07/15/2014","DOHMH","DOH-Q-04","Corona Chest Center (Tuberculosis)","34-33 Junction Blvd.","Queens","Bengali","N/A",,"Poor","Yes",,"One or more languages (specific language not recorded)","Bilingual staff","5 minutes or less","Yes","11372","40.754179","-73.872231","403","21","4042887","4017290027","37502","QN0303"
"07/15/2014","DOHMH","DOH-Q-06","STD Services","34-33 junction blvd","Queens","French","N/A",,"Excellent","Yes",,"At least the 6 designated citywide languages or more","Bilingual staff","5 minutes or less","Yes","11372","40.754179","-73.872231","403","21","4042887","4017290027","37502","QN0303"
"07/15/2014","DPR","DPR-M-19","Arsenal Permit Office at The Arsenal","830 Fifth Ave.","Manhattan","Chinese","Good",,"Excellent","Yes",,"One or more languages (specific language not recorded)","None","5 minutes or less","No","10065","40.767711","-73.970516","164","6","1083811","1011110001","143","MN6491"
"07/15/2014","DPR","DPR-Q-15","Lost Battalion Hall Recreation Center","93-29 Queens Blvd.","Queens","French","N/A",,"Good","Yes",,"None","None","N/A","No","11374","40.73147","-73.866044","406","24","4050408","4020770050","71702","QN0601"
"07/15/2014","HRA","HRA-Q-13","Office of Child Support Enforcement Queens Borough Office","32-20 Northern Blvd. Floor 6","Queens","Chinese","N/A",,"Excellent","Yes",,"One or more languages (specific language not recorded)","None","10-30 minutes","No","11101","40.75197","-73.931799","401","26","4003105","4002147501","17102","QN0161"
"07/15/2014","HRA","HRA-Q-14","Queens SNAP","32-20 Northern Blvd. Floor 2","Queens","Spanish","N/A",,"Fair","Yes",,"One or more languages (specific language not recorded)","Bilingual staff","5 minutes or less","Yes","11101","40.75197","-73.931799","401","26","4003105","4002147501","17102","QN0161"
"07/16/2014","DOE","DOE-B-05","Student Enrollment","1250 Arnow Ave","Bronx","French","N/A",,"Excellent","No",,"None","Language Line","5 minutes or less","Yes","10469","40.867581","-73.850801","211","13","2054253","2045260001","348","BX1103"
"07/16/2014","DOE","DOE-K-02","District Office","1665 St. Marks Ave","Brooklyn","Bengali","Poor",,"Poor","No",,"None","None","Translation not provided","No","11233","40.673138","-73.912024","316","41","3039123","3014540054","36501","BK1601"
"07/16/2014","DOE","DOE-Q-02","Student Enrollment","30-48 Linden Pl.","Queens","Mandarin","Excellent",,"Fair","No",,"One or more languages (specific language not recorded)","Bilingual staff","5 minutes or less","Yes","11354","40.770185","-73.832925","407","20","4100749","4043700050","869","QN0707"
"07/16/2014","DOHMH","DOH-B-01","Morrisania Chest Center (Tuberculosis)","1309 Fulton Ave. Fl. 1","Bronx","Spanish","N/A",,"Poor","Yes",,"One or more languages (specific language not recorded)","None","5 minutes or less","Yes","10456","40.832853","-73.903028","203","16","2009620","2029250080","14701","BX0302"
"07/16/2014","DOHMH","DOH-B-02","Morrisania Sexual Health Clinic","1309 Fulton Ave. Fl. 2","Bronx","French","N/A",,"Fair","Yes",,"Spanish","Bilingual staff","5 minutes or less","Yes","10456","40.832853","-73.903028","203","16","2009620","2029250080","14701","BX0302"
"07/16/2014","DOHMH","DOH-B-04","Bronx Early Intervention Office","1309 Fulton Ave Floor 5","Bronx","Spanish","N/A",,"Poor","Yes",,"N/A","Told to get someone from the waiting room","5 minutes or less","Yes","10456","40.832853","-73.903028","203","16","2009620","2029250080","14701","BX0302"
"07/16/2014","DOHMH","DOH-Q-03","Immunization Clinic","34-33 Junction Blvd","Queens","Mandarin","Good",,"Excellent","Yes",,"None","Bilingual staff","5 minutes or less","Yes","11372","40.754179","-73.872231","403","21","4042887","4017290027","37502","QN0303"
"07/16/2014","DPR","DPR-B-01","Bronx Permit Office","1 Bronx River Parkway","Bronx","Spanish","Good",,"Fair","No",,"None","Bilingual staff","5 minutes or less","Yes","10462","40.847311","-73.870827","227","15","2101002","2043330001","334","BX2791"
"07/16/2014","DPR","DPR-B-12","St. Mary's Recreation Center","450 St. Anne's Ave.","Bronx","French","N/A",,"Excellent","Yes",,"Spanish","Language Line","5 minutes or less","Yes",,,,,,,,,
"07/16/2014","NYPD","NYP-K-27","Tow Pound","63 Flushing Ave.","Queens","Hindi","N/A",,"Fair","Yes",,"None","Language Line","10-30 minutes","Yes",,,,,,,,,
"07/16/2014","NYPD","NYP-Q-12","Tow Pound","31-22 College Point Boulevard","Queens","Mandarin","N/A",,"Fair","Yes",,"None","Bilingual staff","5-10 minutes","Yes","11354","40.768682","-73.841095","407","19","4605716","4043820001","907","QN0701"
"07/17/2014","DOE","DOE-Q-07","Student Enrollment","222-14 Jamaica Ave","Queens","chinese","Poor",,"N/A","No",,"None","Told to bring someone who can translate","N/A","No","11428","40.720619","-73.731997","413","23","4231378","4108130005","568","QN1303"
"07/17/2014","DOE","DOE-Q-06","Student Enrollment","61-15 Oceania st","Queens","Spanish","Excellent",,"Excellent","Yes",,"None","Bilingual staff","5 minutes or less","Yes","11364","40.745201","-73.767446","411","23","4163953","4077230001","1367","QN1104"
"07/17/2014","DPR","DPR-Q-07","Roy Wilkins Center","177-01 Baisely Blvd.","Queens","chinese","Excellent",,"Excellent","Yes",,"None","Other","5-10 minutes","Yes",,,,,,,,,
"07/17/2014","OATH","ATH-Q-01","OATH Hearings Divison","144-06 94th Ave","Queens","Spanish","N/A",,"Poor","Yes",,"N/A","Bilingual staff","5 minutes or less","Yes","11435","40.698517","-73.8083","412","27","4439745","4099930003","208","QN1201"
"07/17/2014","TLC","TLC-Q-04","Safety and Emissions","24-55 Brooklyn-Queens Expwy.","Queens","Spanish","Poor",,"Excellent","No",,"None","None","Translation not provided","No","11377","40.764199","-73.902694","401","22","4022499","4010160045","299","QN0171"
"07/21/2014","DOE","DOE-Q-01","Family Welcome Center","28-11 Queens Plaza N","Queens","Bengali","N/A",,"Fair","Yes",,"None","Language Line","5 minutes or less","Yes","11101","40.75008","-73.938208","401","26","4005022","4004170002","3301","QN0105"
"07/21/2014","HRA","HRA-M-16","Metropolitan Hospital Medicaid Office","1901 First Ave.","Manhattan","Bengali","Excellent",,"Poor","Yes",,"One or more languages (specific language not recorded)","None","Translation not provided","No","10029","40.784557","-73.94378","111","8","1083929","1016690001","15602","MN1101"
"07/21/2014","HRA","HRA-Q-24","Queens Community Medicaid Office","32-20 Northern Blvd. Floor 3","Queens","chinese","Excellent",,"Excellent","Yes",,"None","Other","5 minutes or less","Yes","11101","40.75197","-73.931799","401","26","4003105","4002147501","17102","QN0161"
"07/21/2014","TLC","TLC-Q-01","Licensing Facility","31-00 47th Ave Floor 3","Queens","chinese","Poor",,"N/A","No",,"Spanish","None","N/A","No","11101","40.74306","-73.935652","402","26","4003539","4002810001","19902","QN0202"
"07/22/2014","DPR","DPR-M-06","Highbridge Recreation Center","2301 Amsterdam Ave.","Manhattan","Nepali","N/A",,"Excellent","Yes",,"None","Language Line","5-10 minutes","Yes","10033","40.843434","-73.934301","112","10","1085868","1021060001","311","MN1291"
"07/22/2014","DPR","DPR-M-11","J. Hood Wright Recreation Center","351 Fort Washington Ave.","Manhattan","French","N/A",,"Poor","Yes",,"Spanish","None","N/A","No","10033","40.846449","-73.940099","112","10","1063445","1021390404","255","MN1201"
"07/22/2014","HRA","HRA-M-36","Medicaid Office","622 West 168th St.","Manhattan","French","N/A",,"Excellent","Yes",,"At least the 6 designated citywide languages or more","Other","5 minutes or less","No","10032","40.841429","-73.940606","112","10","1091001","1021380040","251","MN1201"
"07/23/2014","DOE","DOE-B-04","Student Enrollment","501 Courtlandt Ave","Bronx","Spanish","Poor",,"N/A","N/A",,"N/A","None","Translation not provided","Yes","10451","40.815396","-73.920083","201","8","2000876","2023290075","65","BX0102"
"07/23/2014","DOHMH","DOH-M-07","Central Harlem Sexual Health Clinic","2238 Fifth Ave Floor 1","Manhattan","Spanish","N/A",,"Excellent","Yes",,"Spanish","Bilingual staff","5 minutes or less","Yes","10037","40.813645","-73.936992","110","9","1053900","1017340034","212","MN1002"
"07/23/2014","DPR","DPR-Q-03","World's Fair Marina","125-00 Northern Blvd.","Queens","chinese","N/A",,"Excellent","Yes",,"None","Language Line","5 minutes or less","Yes","11368","40.760861","-73.857397","403","21","4541458","4020180001","38302","QN8191"
"07/23/2014","DPR","DPR-Q-04","AI Oerter Recreation Center","131-40 Fowler Ave.","Queens","French","N/A",,"Excellent","Yes",,"None","Bilingual staff","5 minutes or less","Yes","11355","40.751616","-73.834155","407","20","4540092","4020180001","38302","QN8191"
"07/23/2014","DPR","DPR-Q-16","Flushing Meadows Corona Park Aquatic Center","Avery Ave. and 131 St.","Queens","french","N/A",,"Poor","Yes",,"None","None","N/A","No",,,,,,,,,
"07/23/2014","DPR","DPR-Q-18","Queens Special Events & Permits Office at the Passerelle Building","Flushing Meadows-Corona Park","Queens","chinese","N/A",,"Excellent","Yes",,"None","Bilingual staff","5 minutes or less","Yes",,,,,,,,,
"07/23/2014","HRA","HRA-B-18","Rider Job Center","300 Canal Pl. Fl. 1","Bronx","Bengali","Good",,"Fair","Yes",,"One or more languages (specific language not recorded)","Language Line","5 minutes or less","Yes","10451","40.813153","-73.927579","201","8","2000978","2023400072","51","BX0101"
"07/24/2014","DHS","DHS-M-04","Adult Family Intake Center","400-430 E 30th St. Fl. 1","Manhattan","Bengali","Good",,"Poor","Yes",,"None","None","N/A","No","10016","40.74113","-73.975017","106","4","1087298","1009620097","62","MN0603"
"07/24/2014","DOE","DOE-Q-05","Student Enrollment","98-50 50th Avenue Room 102","Queens","French","N/A",,"Fair","No",,"None","Told to return later","N/A","No","11368","40.742668","-73.863307","404","21","4046834","4018910032","44302","QN0402"
"06/04/2015","CLERK","CCK-M-01","Borough Office","141 Worth St.","Manhattan","Spanish","N/A","Excellent","N/A","Yes","Spanish","Spanish, Chinese","Bilingual staff","5 minutes or less",,"10013","40.715093","-74.001948","101","1","1001830","1001660027","2901","MN0102"
"06/04/2015","CLERK","CCK-M-01","Borough Office","141 Worth St.","Manhattan","Chinese","N/A","Excellent","N/A","Yes","Spanish","None","Bilingual staff","5 minutes or less",,"10013","40.715093","-74.001948","101","1","1001830","1001660027","2901","MN0102"
"06/04/2015","DCAS","CAS-M-04","City Store","1 Centre St.","Manhattan","Spanish","N/A","N/A","Good","No","None","None","Bilingual staff","5 minutes or less",,"10007","40.713001","-74.004181","101","1","1001394","1001210001","2901","MN0102"
"06/04/2015","DCAS","CAS-M-04","City Store","1 Centre St.","Manhattan","Chinese","N/A","N/A","Fair","No","None","None","None","N/A",,"10007","40.713001","-74.004181","101","1","1001394","1001210001","2901","MN0102"
"06/04/2015","DOHMH","DOH-M-01","Birth/Death Certificates","125 Worth St.","Manhattan","Spanish","N/A","N/A","Poor","Yes","Spanish","None","Bilingual staff","5 minutes or less",,"10013","40.715428","-74.002673","101","1","1001831","1001680032","31","MN0102"
"06/04/2015","DORIS","DOR-M-02","Municipal Library","31 Chambers Street","Manhattan","Spanish","N/A","N/A","Excellent","Yes","None","Spanish","Bilingual staff","5 minutes or less",,"10007","40.713402","-74.004635","101","1","1001670","1001530024","31","MN0102"
"06/04/2015","DORIS","DOR-M-01","Municipal Archives","31 Chambers Street","Manhattan","Chinese","N/A","Excellent","Excellent","Yes","None","None","Other","N/A",,"10007","40.713402","-74.004635","101","1","1001670","1001530024","31","MN0102"
"06/05/2015","CCHR","CHR-M-01","NYC Human Rights Community Service Center","100 Gold St","Manhattan","Spanish","N/A","Excellent","Excellent","Yes","None","Spanish","Bilingual staff","5 minutes or less",,"10038","40.710353","-74.004007","101","1","1001289","1000940025","1501","MN0101"
"06/05/2015","CCHR","CHR-M-01","NYC Human Rights Community Service Center","100 Gold St","Manhattan","Chinese","N/A","Excellent","Excellent","Yes","None","Chinese","Language Line","5-10 minutes",,"10038","40.710353","-74.004007","101","1","1001289","1000940025","1501","MN0101"
"06/05/2015","CCRB","CRB-M-01","Civilian Complaints Against Police","100 Church St. Floor 10","Manhattan","Spanish","N/A","Good","Excellent","Yes","None","Spanish, Chinese, Russian","Bilingual staff","5 minutes or less",,"10007","40.712968","-74.00949","101","1","1001409","1001250020","21","MN0102"
"06/05/2015","CCRB","CRB-M-01","Civilian Complaints Against Police","100 Church St. Floor 10","Manhattan","Chinese","N/A","Good","Excellent","No","None","Spanish, Chinese, Russian","Bilingual staff","5-10 minutes",,"10007","40.712968","-74.00949","101","1","1001409","1001250020","21","MN0102"
"06/08/2015","DFTA","DFA-M-02","Senior Employment Services","2 Lafayette St. Floor 6","Manhattan","Chinese","Good","Good","Excellent","No","None","Chinese","Bilingual staff","5 minutes or less",,"10007","40.713723","-74.003586","101","1","1001672","1001550001","31","MN0102"
"06/08/2015","DFTA","DFA-M-02","Senior Employment Services","2 Lafayette St. Floor 6","Manhattan","Spanish","N/A","Good","N/A","No","None","Spanish, Chinese","Bilingual staff","5 minutes or less",,"10007","40.713723","-74.003586","101","1","1001672","1001550001","31","MN0102"
"06/08/2015","DOHMH","DOH-M-08","Bureau of Food Safety and Community","125 Worth St.","Manhattan","Chinese","Good","Good","N/A","Yes","None","One or more languages (specific language not recorded)","None",">30 minutes",,"10013","40.715428","-74.002673","101","1","1001831","1001680032","31","MN0102"
"06/08/2015","DOHMH","DOH-M-08","Bureau of Food Safety and Community","125 Worth St.","Manhattan","Spanish","Fair","Poor","Excellent","Yes","None","Spanish","Bilingual staff","10-30 minutes",,"10013","40.715428","-74.002673","101","1","1001831","1001680032","31","MN0102"
"06/09/2015","DCWP","DCA-M-01","Licensing unit","42 Broadway","Manhattan","Chinese","N/A","Good","Excellent","Yes","One or more languages (specific language not recorded)","Chinese, Spanish, French, Hindi.","Language Line","5 minutes or less",,"10004","40.70627","-74.012909","101","1","1000812","1000220020","9","MN0101"
"06/09/2015","DCWP","DCA-M-01","Licensing unit","42 Broadway","Manhattan","Spanish","N/A","Excellent","N/A","Yes","None","None","Bilingual staff","5 minutes or less",,"10004","40.70627","-74.012909","101","1","1000812","1000220020","9","MN0101"
"06/09/2015","DCWP","DCA-M-02","Consumer Services","42 Broadway","Manhattan","Chinese","N/A","Poor","Fair","No","None","None","Language Line",">30 minutes",,"10004","40.70627","-74.012909","101","1","1000812","1000220020","9","MN0101"
"06/09/2015","DCWP","DCA-M-02","Consumer Services","42 Broadway","Manhattan","Spanish","N/A","Fair","Fair","Yes","None","Korean, Russian, Spanish.","Bilingual staff","5-10 minutes",,"10004","40.70627","-74.012909","101","1","1000812","1000220020","9","MN0101"
"06/09/2015","DOF","DOF-M-03","Manhattan Business Center","66 John St.","Manhattan","Spanish","N/A","Poor","Excellent","Yes","None","Spanish","Bilingual staff","5 minutes or less",,"10038","40.708933","-74.007614","101","1","1079043","1000670001","1502","MN0101"
"06/09/2015","DOF","DOF-M-03","Manhattan Business Center","66 John St.","Manhattan","Chinese","N/A","Poor","Excellent","No","None","Chinese, Spanish.","Other","5 minutes or less",,"10038","40.708933","-74.007614","101","1","1079043","1000670001","1502","MN0101"
"06/09/2015","DOI","DOI-M-01","Complaint Bureau","80 Maiden Lane","Manhattan","Chinese","N/A","Fair","Excellent","No","None","None","Bilingual staff","10-30 minutes",,"10038","40.707116","-74.007329","101","1","1001015","1000420031","7","MN0101"
"06/09/2015","DOI","DOI-M-01","Complaint Bureau","80 Maiden Lane","Manhattan","Spanish","N/A","Fair","N/A","No","None","None","None","N/A",,"10038","40.707116","-74.007329","101","1","1001015","1000420031","7","MN0101"
"06/09/2015","DOI","DOI-M-03","Fingerprints","80 Maiden Lane","Manhattan","Spanish","N/A","Poor","Excellent","Yes","None","None","Bilingual staff","5-10 minutes",,"10038","40.707116","-74.007329","101","1","1001015","1000420031","7","MN0101"
"06/09/2015","DOT","DOT-M-01","Manhattan Permit office","55 Water St.","Manhattan","Chinese","N/A","Poor","Excellent","Yes","None","Spanish, Korean, Chinese, French.","Language Line","10-30 minutes",,"10041","40.703608","-74.009691","101","1","1083346","1000327501","9","MN0101"
"06/09/2015","DOT","DOT-M-01","Manhattan Permit office","55 Water St.","Manhattan","Spanish","N/A","N/A","Excellent","Yes","None","None","Language Line","5 minutes or less",,"10041","40.703608","-74.009691","101","1","1083346","1000327501","9","MN0101"
"06/09/2015","SBS",,"Lower Manhattan Center",,"Manhattan","Chinese","Good","N/A","Excellent","No","None","Chinese, Spanish.","Bilingual staff","5 minutes or less",,,,,,,,,,
"06/09/2015","SBS",,"Lower Manhattan Center",,"Manhattan","Spanish","N/A","N/A","Excellent","Yes","None","None","None","5 minutes or less",,,,,,,,,,
"06/10/2015","DPR","DPR-M-03","Hamilton Fish Recreation Center","128 Pitt St.","Manhattan","Chinese","N/A","Good","N/A","Yes","None","None","Told to find a bilingual person in waiting area","5 minutes or less",,"10002","40.719854","-73.981721","103","2","1081934","1003400001","2201","MN0302"
"06/10/2015","DPR","DPR-M-03","Hamilton Fish Recreation Center","128 Pitt St.","Manhattan","Spanish","N/A","Fair","N/A","Yes","Spanish, Chinese.","Spanish","Told to find a bilingual person in waiting area","5 minutes or less",,"10002","40.719854","-73.981721","103","2","1081934","1003400001","2201","MN0302"
"06/10/2015","DPR","DPR-M-14","Chelsea Recreation center","430 W 25th St.","Manhattan","Chinese","N/A","Good","N/A","Yes","None","Spanish, Chinese.","None","5 minutes or less",,"10001","40.748291","-74.001649","104","3","1012811","1007220057","93","MN0401"
"06/10/2015","DPR","DPR-M-14","Chelsea Recreation center","430 W 25th St.","Manhattan","Spanish","N/A","Excellent","N/A","Yes","Spanish","Spanish","Bilingual staff","5 minutes or less",,"10001","40.748291","-74.001649","104","3","1012811","1007220057","93","MN0401"
"06/10/2015","HRA","HRA-M-06","Chinatown Medicaid Office","115 Chrystie St. Fl. 5","Manhattan","Chinese","Fair",,,"Yes","Chinese, Russian, French.","None","Other","N/A",,"10002","40.718647","-73.993586","103","1","1005645","1004230022","18","MN0302"
"06/10/2015","HRA","HRA-M-02","Union Square Job Center","109 East 16th St. Fl. 1","Manhattan","Chinese","N/A","Poor","N/A","Yes","None","None","None","N/A",,"10003","40.735681","-73.988713","105","2","1017821","1008720013","50","MN0602"
"06/10/2015","HRA","HRA-M-02","Union Square Job Center","109 East 16th St. Fl. 1","Manhattan","Spanish","N/A","Poor","N/A","Yes","Spanish","None","None","N/A",,"10003","40.735681","-73.988713","105","2","1017821","1008720013","50","MN0602"
"06/10/2015","HRA","HRA-M-10","Waverly SNAP","12 W 14th St. Fl. 4","Manhattan","Spanish","N/A","N/A","Fair","Yes","Spanish","Spanish, Chinese.","Told to find a bilingual person in waiting area","N/A",,"10011","40.736301","-73.994342","102","2","1009716","1005770034","63","MN0202"
"06/10/2015","HRA","HRA-M-06","Chinatown Medicaid Office","115 Chrystie St. Fl. 5","Manhattan","Spanish","Excellent","N/A",,"Yes","Spanish, Chinese.","Spanish","Bilingual staff","N/A",,"10002","40.718647","-73.993586","103","1","1005645","1004230022","18","MN0302"
"06/10/2015","HRA","HRA-M-10","Waverly SNAP","12 W 14th St. Fl. 4","Manhattan","Chinese","Good","Excellent","Good","Yes","None","Chinese, Spanishi, Russian.","None","5-10 minutes",,"10011","40.736301","-73.994342","102","2","1009716","1005770034","63","MN0202"
"06/10/2015","IDNYC","IDN-M-03","Manhattan CBIC","66 John St.","Manhattan","Spanish","N/A","Good","Excellent","Yes","None","Spanish, Chinese.","Bilingual staff","5 minutes or less",,"10038","40.708933","-74.007614","101","1","1079043","1000670001","1502","MN0101"
"06/10/2015","NYCHA","NHA-M-06","Social Services","45 Allen St.","Manhattan","Chinese","N/A","Good","N/A","Yes","None","None","Bilingual staff","5 minutes or less",,"10002","40.716605","-73.991714","103","1","1075792","1003070001","16","MN0301"
"06/10/2015","NYCHA","NHA-M-06","Social Services","45 Allen St.","Manhattan","Spanish","N/A","Fair","N/A","Yes","Spanish","Spanish","None","N/A",,"10002","40.716605","-73.991714","103","1","1075792","1003070001","16","MN0301"
"06/12/2015","DEP","DEP-M-01","Manhattan Borough Office","1250 Broadway","Manhattan","Spanish","N/A","Excellent","N/A","Yes","None","None","Language Line","5 minutes or less",,"10001","40.747571","-73.988018","105","3","1015805","1008330011","76","MN0501"
"06/12/2015","DEP","DEP-M-01","Brooklyn Borough Office","1250 Broadway","Manhattan","Chinese","Good","Excellent","N/A","Yes","None","None","Language Line","5 minutes or less",,"10001","40.747571","-73.988018","105","3","1015805","1008330011","76","MN0501"
"06/12/2015","DHS","DHS-M-04","Adult Family Intake Center","400-430 E 30th St. Fl. 1","Manhattan","Spanish","Poor","Fair","N/A","No","None","None","Told to find a bilingual person in waiting area","N/A",,"10016","40.74113","-73.975017","106","4","1087298","1009620097","62","MN0603"
"06/12/2015","DPR","DPR-M-09","Recreation Center 54","348 E 54th St.","Manhattan","Chinese","Good","Good","N/A","Yes","None","Chinese, Spanish","Language Line","5-10 minutes",,"10022","40.756882","-73.965536","106","4","1039840","1013460032","98","MN0604"
"06/12/2015","DPR","DPR-M-09","Recreation Center 54","348 E 54th St.","Manhattan","Spanish","N/A","Excellent","N/A","No","None","Spanish","None","N/A",,"10022","40.756882","-73.965536","106","4","1039840","1013460032","98","MN0604"
"06/12/2015","DPR","DPR-M-19","Arsenal Permit Office at The Arsenal","830 Fifth Ave.","Manhattan","Chinese","N/A","Good","N/A","No","None","Chinese","None","5 minutes or less",,"10065","40.767711","-73.970516","164","6","1083811","1011110001","143","MN6491"
"06/12/2015","DPR","DPR-M-19","Arsenal Permit Office at The Arsenal","830 Fifth Ave.","Manhattan","Spanish","N/A","N/A","Good","No","None","None","Bilingual staff","5-10 minutes",,"10065","40.767711","-73.970516","164","6","1083811","1011110001","143","MN6491"
"06/12/2015","MOFTB","MYR-M-01","Permits Office","1697 Broadway","Manhattan","Spanish","N/A","Fair","Excellent","Yes","None","None","Bilingual staff","5 minutes or less",,"10019","40.763676","-73.982665","105","3","1024838","1010250043","131","MN0502"
"06/12/2015","MOFTB","MYR-M-01","Permit Center","1697 Broadway","Manhattan","Chinese","N/A","N/A","Excellent","No","None","None","Bilingual staff","5 minutes or less",,"10019","40.763676","-73.982665","105","3","1024838","1010250043","131","MN0502"
"06/12/2015","NYPD","NYP-M-02","Tow Pound","Pier 76. W 38 & 12th Avenue","Manhattan","Chinese","N/A","`","N/A","Yes","None","None","None","N/A",,"10018","40.758493","-74.004924","104","3","1000000","1006650010","9903","MN0401"
"06/12/2015","NYPD","NYP-M-02","Tow Pound","Pier 76. W 38 & 12th Avenue","Manhattan","Spanish","N/A","Good","N/A","Yes","None","None","Bilingual staff","5 minutes or less",,"10018","40.758493","-74.004924","104","3","1000000","1006650010","9903","MN0401"
"06/15/2015","DCP","DCP-K-01","Brooklyn Borough Office","16 Court St. - 7th Floor","Brooklyn","Spanish","N/A","Excellent","N/A","Yes","None","None","Bilingual staff","5-10 minutes",,,,,,,,,,
"06/15/2015","DCP","DCP-K-01","Brooklyn Borough Office","16 Court St. - 7th Floor","Brooklyn","Chinese","N/A","Excellent","N/A","Yes","None","None","Bilingual staff","5 minutes or less",,,,,,,,,,
"06/15/2015","DOF","DOF-K-01","Brooklyn Business Center","210 Joralemon St.","Brooklyn","Spanish","N/A","Good","N/A","Yes","None","None","Bilingual staff","5 minutes or less",,"11201","40.692459","-73.990491","302","33","3002558","3002667501","9","BK0201"
"06/15/2015","DOF","DOF-K-01","Brooklyn Business Center","210 Joralemon St.","Brooklyn","Chinese","N/A","Good","Good","Yes","None","Chinese","None","5 minutes or less",,"11201","40.692459","-73.990491","302","33","3002558","3002667501","9","BK0201"
"06/15/2015","ENDGBDV","MYR-K-01","NYC Family Justice Center","350 Jay St.","Brooklyn","Spanish","N/A","Excellent","N/A","Yes","None","Spanish, Russian, Korean","Bilingual staff","5 minutes or less",,"11201","40.69351","-73.987249","302","33","3000259","3001407501","11","BK0202"
"06/15/2015","ENDGBDV","MYR-K-01","NYC Family Justice Center","350 Jay St.","Brooklyn","Chinese","N/A","Excellent","N/A","Yes","None","Chinese, Russian, French","Language Line","5 minutes or less",,"11201","40.69351","-73.987249","302","33","3000259","3001407501","11","BK0202"
"06/15/2015","FDNY","FDN-K-02","Certificate of Fitness Testing Unit","9 Metrotech Center Fl. 1","Brooklyn","Spanish","Fair","Poor","N/A","Yes","Spanish, Chinese, Korean","None","None","N/A",,"11201","40.69486","-73.984674","302","33","3058187","3020470011","1502","BK0202"
"06/15/2015","HRA","HRA-K-07","Burial Claims Unit","25 Chapel St. Fl. 6","Brooklyn","Chinese","N/A","Fair","N/A","Yes","None","None","None","5 minutes or less",,"11201","40.697254","-73.986015","302","33","3335884","3001180006","13","BK0202"
"06/15/2015","HRA","HRA-K-25","Office of Child Support Enforcement Brooklyn Borough Office","1 Metrotech Center Fl. 6","Brooklyn","Chinese","N/A","Good","N/A","Yes","Spanish","None","Language Line","5-10 minutes",,"11201","40.693463","-73.987227","302","33","3319418","3001470004","11","BK0202"
"06/15/2015","HRA","HRA-K-25","Office of Child Support Enforcement Brooklyn Borough Office","1 Metrotech Center Fl. 6","Brooklyn","Spanish","Good","Good","Excellent","Yes","Spanish","Spanish","Bilingual staff","5 minutes or less",,"11201","40.693463","-73.987227","302","33","3319418","3001470004","11","BK0202"
"06/15/2015","HRA","HRA-K-07","Burial Claims Unit","25 Chapel St. Fl. 6","Brooklyn","Spanish","N/A","Excellent","N/A","Yes","Spanish","Spanish","Language Line","5 minutes or less",,"11201","40.697254","-73.986015","302","33","3335884","3001180006","13","BK0202"
"06/15/2015","NYPD","NYP-K-27","Tow Pound","63 Flushing Ave.","Brooklyn","Spanish","N/A","N/A","Good","Yes","Spanish","None","Bilingual staff","5 minutes or less",,"11205","40.69802","-73.974986","302","33","3335129","3020230001","543","BK0261"
"06/16/2015","DEP","DEP-K-01","Brooklyn Borough Office","250 Livingston St","Brooklyn","Chinese","N/A","Poor","Excellent","Yes","None","None","Language Line","5-10 minutes",,"11201","40.689033","-73.984228","302","33","3329443","3001650022","37","BK0202"
"06/16/2015","DEP","DEP-K-01","Brooklyn Borough Office","250 Livingston St.","Brooklyn","Spanish","N/A","Excellent","Excellent","Yes","One or more languages (specific language not recorded)","One or more languages (specific language not recorded)","Other","5-10 minutes",,"11201","40.689033","-73.984228","302","33","3329443","3001650022","37","BK0202"
"06/16/2015","DOE","DOE-K-16","Student Enrollment","29 Fort Greene Place","Brooklyn","Spanish","Good","Excellent","Excellent","Yes","One or more languages (specific language not recorded)","Spanish","Bilingual staff","5 minutes or less",,"11217","40.688834","-73.976905","302","35","3058752","3020980013","33","BK0203"
"06/16/2015","DOE","DOE-K-16","Student Enrollment","29 Fort Greene Place","Brooklyn","Chinese","Fair","Excellent","N/A","Yes","Chinese, Spanish, Arabic.","Chinese","Language Line","5-10 minutes",,"11217","40.688834","-73.976905","302","35","3058752","3020980013","33","BK0203"
"06/16/2015","DOHMH","DOH-K-05","Tuberculosis Clinic","295 Flatbush Ave. Ext.","Brooklyn","Chinese","N/A","Good","N/A","Yes","None","None","None","N/A",,"11201","40.691986","-73.982496","302","35","3058406","3020790021","1502","BK0202"
"06/16/2015","DOHMH","DOH-K-06","Immunization Clinic","295 Flatbush Ext.","Brooklyn","Spanish","N/A","Excellent","N/A","Yes","Spanish, Chinese","None","Bilingual staff","5 minutes or less",,,,,,,,,,
"06/16/2015","DOHMH","DOH-K-05","Tuberculosis Clinic","295 Flatbush Ext.","Brooklyn","Spanish","N/A","Excellent","Excellent","Yes","Hatian Creole, Spanish, Chinese","None","Bilingual staff","5-10 minutes",,,,,,,,,,
"06/16/2015","HRA","HRA-K-41","Immigration Center - Job Placement","88 Third Ave.","Brooklyn","Chinese","Poor","Good","N/A","Yes","Spanish","Chinese","None","N/A",,"11217","40.683771","-73.981767","302","33","3335918","3001970028","39","BK0202"
"06/16/2015","HRA","HRA-K-41","Immigration Center - Job Placement","88 Third Ave.","Brooklyn","Spanish","N/A","Fair","N/A","Yes","None","Spanish","Bilingual staff","5 minutes or less",,"11217","40.683771","-73.981767","302","33","3335918","3001970028","39","BK0202"
"06/16/2015","HRA","HRA-K-23","Clinton Hill Job Center","495 Clermont Ave","Brooklyn","Spanish","N/A","Excellent","N/A","Yes","One or more languages (specific language not recorded)","None","Bilingual staff","5 minutes or less",,"11238","40.682851","-73.968809","302","35","3335094","3020090001","199","BK0204"
"06/16/2015","HRA","HRA-K-23","Clinton Hill Job Center","495 Clermont Ave","Brooklyn","Chinese","N/A","Excellent","N/A","Yes","Spanish","Chinese","None","N/A",,"11238","40.682851","-73.968809","302","35","3335094","3020090001","199","BK0204"
"06/16/2015","IDNYC","IDN-K-02","Food Stamp Office","227 Schermerhorn St.","Brooklyn","Chinese","N/A","Good","Good","Yes","Chinese, Spanish, Arabic.","Chinese, Korean, Spanish.","Language Line","5 minutes or less",,"11201","40.688583","-73.985014","302","33","3329443","3001650022","37","BK0202"
"06/18/2015","DOE","DOE-K-15","Family Welcome Center","1780 Ocean Ave.","Brooklyn","Spanish","Excellent","N/A","N/A","Yes","None","Spanish","Bilingual staff","5 minutes or less",,"11230","40.618915","-73.955115","314","44","3180747","3067390077","538","BK1403"
"06/18/2015","DOE","DOE-K-15","Family Welcome Center","1780 Ocean Ave.","Brooklyn","Italian","Fair","N/A","N/A","Yes","None","None","None","N/A",,"11230","40.618915","-73.955115","314","44","3180747","3067390077","538","BK1403"
"06/18/2015","DOHMH","DOH-K-01","STD Services","1218 Prospect Pl.","Brooklyn","Chinese","N/A","Good","Excellent","Yes","Chinese, Spanish, Russian, Hindi","Spanish","Language Line",">30 minutes",,"11213","40.67353","-73.935845","308","36","3036147","3013650009","345","BK0802"
"06/18/2015","DOHMH","DOH-K-01","STD Services","1218 Prospect Pl.","Brooklyn","Spanish","Poor","Excellent","Good","Yes","Spanish, Chinese, Albanian, Hindi, Arabic","None","Bilingual staff","5 minutes or less",,"11213","40.67353","-73.935845","308","36","3036147","3013650009","345","BK0802"
"06/18/2015","DPR","DPR-K-01","St. John's Recreation Center","1251 Prospect Pl.","Brooklyn","Chinese","N/A","Good","N/A","Yes","None","None","None","5 minutes or less",,"11213","40.673488","-73.9348","308","36","3393257","3013530001","345","BK0802"
"06/18/2015","DPR","DPR-K-01","St. John's Recreation Center","1251 Prospect Pl.","Brooklyn","Spanish","N/A","Good","Good","Yes","None","None","None","N/A",,"11213","40.673488","-73.9348","308","36","3393257","3013530001","345","BK0802"
"06/18/2015","DPR","DPR-K-09","Brooklyn Permits Office","95 Prospect Park West","Brooklyn","Italian","N/A","Good","Excellent","Yes","None","None","Language Line","10-30 minutes",,"11215","40.667391","-73.974508","355","39","3339260","3011170001","177","BK5591"
"06/18/2015","DPR","DPR-K-09","Brooklyn Permits Office","95 Prospect Park West","Brooklyn","Spanish","N/A","Excellent","N/A","Yes","None","None","Other","N/A",,"11215","40.667391","-73.974508","355","39","3339260","3011170001","177","BK5591"
"06/18/2015","HRA","HRA-K-39","Brooklyn South Medicaid Office","785 Atlantic Avenue","Brooklyn","Spanish","Fair","N/A","Excellent","Yes","None","None","Bilingual staff","5 minutes or less",,"11238","40.681962","-73.968434","302","35","3335094","3020090001","199","BK0204"
"06/18/2015","HRA","HRA-K-42","Coney Island SNAP","2865 West 8th St.","Brooklyn","Spanish","Excellent","Good","N/A","Yes","Spanish","Spanish","None","N/A",,"11224","40.578356","-73.976327","313","48","3345783","3072790162","354","BK1302"
"06/18/2015","HRA","HRA-K-16","Coney Island Medicaid Office","3050 W 21 St. Floor 3","Brooklyn","Italian","Good","N/A","Poor","Yes","None","Spanish","None",">30 minutes",,"11224","40.57353","-73.987448","313","47","3189654","3070710123","352","BK1302"
"06/18/2015","HRA","HRA-K-39","Brooklyn South Medicaid Office","785 Atlantic Avenue","Brooklyn","Chinese","Excellent","Good","N/A","Yes","Chinese, Frencgh, Russian, Korean","None","Language Line","5-10 minutes",,"11238","40.681962","-73.968434","302","35","3335094","3020090001","199","BK0204"
"06/18/2015","HRA","HRA-K-16","Coney Island Medicaid Office","3050 W 21 St. Floor 3","Brooklyn","Spanish","Excellent","Poor","N/A","Yes","Spanish","None","None","N/A",,"11224","40.57353","-73.987448","313","47","3189654","3070710123","352","BK1302"
"06/18/2015","HRA","HRA-K-42","Coney Island SNAP","2865 West 8th St.","Brooklyn","Italian","Excellent","Good","Good","Yes","None","One or more languages (specific language not recorded)","None","N/A",,"11224","40.578356","-73.976327","313","48","3345783","3072790162","354","BK1302"
"06/18/2015","IDNYC","IDN-K-03","Brooklyn Public Library Central branch","10 Grand Army Plaza","Brooklyn","Chinese","N/A","N/A","N/A","Yes","None","Chinese, Spanish, Russian, French","None","N/A",,"11238","40.672833","-73.969069","355","35","3029665","3011830002","177","BK5591"
"06/18/2015","IDNYC","IDN-K-03","Brooklyn Public Library Central branch","10 Grand Army Plaza","Brooklyn","Spanish","N/A","Fair","Fair","No","None","None","Told to return later","5-10 minutes",,"11238","40.672833","-73.969069","355","35","3029665","3011830002","177","BK5591"
"06/18/2015","IDNYC","IDN-K-04","Sunset Park IDNYC Center","345 43rd st.","Brooklyn","Italian","N/A","Excellent","Excellent","Yes","Spanish, English","English, Spanish, Chinese","None","N/A",,"11232","40.651013","-74.009514","307","38","3337160","3007230025","82","BK0702"
"06/18/2015","IDNYC","IDN-K-04","Sunset Park IDNYC Center","345 43rd St.","Brooklyn","Spanish","N/A","Excellent","Excellent","No","Spanish, Chinese","Chinese, Spanish, Urdu","Bilingual staff","5 minutes or less",,"11232","40.651013","-74.009514","307","38","3337160","3007230025","82","BK0702"
"06/18/2015","NYCHA","NHA-K-09","Brooklyn/Staten Island Customer Contact Center","787 Atlantic Ave.","Brooklyn","Spanish","Fair","Good","Excellent","Yes","Spanish","Spanish","Bilingual staff","5 minutes or less",,"11238","40.681945","-73.968351","302","35","3335094","3020090001","199","BK0204"
"06/18/2015","NYCHA","NHA-K-08","Resident Employment Services","787 Atlantic Ave.","Brooklyn","Chinese","N/A","Poor","N/A","Yes","Chinese, Spanish","None","Bilingual staff","5-10 minutes",,"11238","40.681945","-73.968351","302","35","3335094","3020090001","199","BK0204"
"06/18/2015","NYCHA","NHA-K-08","Resident Employment services","787 Atlantic Ave.","Brooklyn","Spanish","Fair","Good","Good","Yes","None","Spanish","Bilingual staff","5-10 minutes",,"11238","40.681945","-73.968351","302","35","3335094","3020090001","199","BK0204"
"06/18/2015","NYCHA","NHA-K-09","Brooklyn/Staten Island Customer Contact Center","787 Atlantic Ave.","Brooklyn","Chinese","N/A","Excellent","N/A","Yes","Chinese, Spanish","Chinese","Bilingual staff","5 minutes or less",,"11238","40.681945","-73.968351","302","35","3335094","3020090001","199","BK0204"
"06/19/2015","DOE","DOE-M-10","Family Welcome Center","388 W. 125th St.","Manhattan","Chinese","Good","Good","Good","No","None","Hindi, Russian, Korean, Chinese","Bilingual staff","5-10 minutes",,"10027","40.811182","-73.953594","109","9","1087468","1019510004","20901","MN0901"
"06/19/2015","DOHMH","DOH-M-17","The Health Academy","160 W 100th St.","Manhattan","Italian","Excellent","Excellent","N/A","Yes","None","None","Language Line","5 minutes or less",,"10025","40.796369","-73.967842","107","7","1055906","1018520049","185","MN0703"
"06/19/2015","DOHMH","DOH-M-17","The Health Academy","160 W 100th St.","Manhattan","Spanish","N/A","Excellent","N/A","Yes","None","None","Bilingual staff","5 minutes or less",,"10025","40.796369","-73.967842","107","7","1055906","1018520049","185","MN0703"
"06/19/2015","DOHMH","DOH-M-05","Manhattanville Sexual Health Clinic","21 Old Broadway","Manhattan","Chinese","N/A","Excellent","N/A","Yes","Chinese, Spanish","None","Bilingual staff","5-10 minutes",,"10027","40.815573","-73.956864","109","7","1059720","1019830003","219","MN0902"
"06/19/2015","DPR","DPR-M-33","West 79th St. Boat Basin","W 79th St. & Hudson River","Manhattan","Italian","N/A","N/A","Excellent","No","None","None","Language Line","10-30 minutes",,,,,,,,,,
"06/19/2015","DPR","DPR-M-33","West 79th St. Boat Basin","W 79th St. & Hudson River","Manhattan","Spanish","N/A","N/A","Excellent","No","None","None","None","N/A",,,,,,,,,,
"06/19/2015","HPD","HPD-M-05","Code Enforcement Services","94 Old Broadway","Manhattan","Chinese","Good","N/A","Fair","Yes","None","None","None","5 minutes or less",,"10027","40.818149","-73.955396","109","7","1059727","1019860065","219","MN0902"
"06/19/2015","HRA","HRA-M-12","St.Nicholas Job Center","132 W 12th St. Floor 2","Manhattan","Chinese","N/A","Good","N/A","Yes","Spanish","None","Language Line","5-10 minutes",,"10011","40.73648","-73.998885","102","3","1088864","1006077502","71","MN0203"
"06/19/2015","HRA","HRA-M-19","East End SNAP","2322 Third Ave.","Manhattan","Italian","Excellent","Excellent","Excellent","Yes","None","None","Language Line","5 minutes or less",,"10035","40.804465","-73.93526","111","8","1054497","1017750033","242","MN1102"
"06/19/2015","HRA","HRA-M-19","East End SNAP","2322 Third Ave.","Manhattan","Spanish","Good","N/A","N/A","Yes","Spanish","Spanish, Chinese, Arabic","Bilingual staff","5 minutes or less",,"10035","40.804465","-73.93526","111","8","1054497","1017750033","242","MN1102"
"06/19/2015","IDNYC","IDN-M-04","East Harlem IDNYC Center","162 E 104th St.","Manhattan","Italian","Excellent","Excellent","Excellent","No","None","One or more languages (specific language not recorded)","Language Line","5 minutes or less",,"10029","40.790775","-73.946866","111","8","1051938","1016310050","166","MN1101"
"06/19/2015","IDNYC","IDN-M-04","East Harlem IDNYC Center","162 E 104th St.","Manhattan","Spanish","Good","Excellent","N/A","Yes","Spanish, Chinese","Spanish","Bilingual staff","5 minutes or less",,"10029","40.790775","-73.946866","111","8","1051938","1016310050","166","MN1101"
"06/19/2015","IDNYC","IDN-M-05","IDNYC Northern Manhattan Center","530 West 135th St.","Manhattan","Chinese","N/A","Good","Excellent","Yes","Spanish","Chinese, Greek, Russian, Korean, Spanish","Language Line","5-10 minutes",,"10031","40.819342","-73.953213","109","7","1059778","1019880053","22301","MN0902"
"06/19/2015","NYCHA","NHA-M-01","Management Borough Office","1980 Lexington Ave.","Manhattan","Spanish","N/A","Excellent","Excellent","Yes","None","None","Bilingual staff","5 minutes or less",,"10035","40.801789","-73.939319","111","9","1054377","1017690005","196","MN1102"
"06/19/2015","NYCHA","NHA-M-01","Management Borough Office","1980 Lexington Ave.","Manhattan","Italian","N/A","N/A","Good","Yes","None","None","None",">30 minutes",,"10035","40.801789","-73.939319","111","9","1054377","1017690005","196","MN1102"
"06/19/2015","SBS","SBS-M-06","Upper Manhattan Workforce1 Career Center","1029 E 163rd St Floor 3","Manhattan","Spanish","N/A","Excellent","N/A","No","None","Spanish","Bilingual staff","5 minutes or less",,,,,,,,,,
"06/19/2015","SBS",,"Upper Manhattan Workforce1 Career Center",,"Manhattan","Italian","Fair","Excellent","Excellent","No","None","None","Language Line","5 minutes or less",,,,,,,,,,
"06/22/2015","DEP","DEP-Q-01","Queens Central Office","59-17 Junction Blvd.","Queens","Chinese","N/A","Good","Excellent","Yes","None","Chinese, Russian, Spanish","Bilingual staff","5-10 minutes",,"11373","40.734606","-73.864774","404","21","4047310","4019180001","455","QN0402"
"06/22/2015","DEP","DEP-Q-02","Queens Borough Office","96-05 Horace Harding Expressway","Queens","Chinese","Excellent","N/A","Excellent","Yes","None","None","Language Line","5-10 minutes",,"11368","40.734383","-73.864309","404","21","4047337","4019180114","455","QN0402"
"06/22/2015","DOE","DOE-K-02","District Office","1665 St Marks Ave","Brooklyn","Italian","Excellent","Excellent","N/A","Yes","None","Urdu","None","N/A",,"11233","40.673138","-73.912024","316","41","3039123","3014540054","36501","BK1601"
"06/22/2015","DOE","DOE-K-02","District Office","1665 St Marks Ave","Brooklyn","Spanish","Excellent","Excellent","N/A","Yes","Spanish","Spanish","Bilingual staff","5 minutes or less",,"11233","40.673138","-73.912024","316","41","3039123","3014540054","36501","BK1601"
"06/22/2015","DPR","DPR-Q-15","Lost Battalion Hall Recreation Center","93-29 Queens Blvd.","Queens","Chinese","N/A","Good","N/A","Yes","None","Chinese","None","N/A",,"11374","40.73147","-73.866044","406","24","4050408","4020770050","71702","QN0601"
"06/22/2015","DPR","DPR-K-03","Brownsville Recreation Center","1555 Linden Blvd.","Brooklyn","Italian","Excellent","Excellent","N/A","Yes","None","None","None","N/A",,"11212","40.655471","-73.902853","316","42","3085992","3038680002","922","BK1602"
"06/22/2015","DPR","DPR-K-03","Brownsville Recreation Center","1555 Linden Blvd.","Brooklyn","Spanish","Excellent","N/A","N/A","Yes","None","Spanish","Bilingual staff","5 minutes or less",,"11212","40.655471","-73.902853","316","42","3085992","3038680002","922","BK1602"
"06/22/2015","DPR","DPR-K-20","McCarren Park Recreation Center","776 Lorimer St.","Brooklyn","Chinese","N/A","Fair","N/A","Yes","None","None","None","N/A",,"11222","40.720182","-73.950375","301","33","3067525","3026960001","515","BK0102"
"06/22/2015","HPD","HPD-K-06","Neighborhood Preservation Offices/Code Enforcement Services","701 Euclid Ave","Brooklyn","Italian","Excellent","N/A","Excellent","Yes","None","Spanish, Chinese, Urdu","None","N/A",,"11208","40.669676","-73.870515","305","42","3098536","3044610001","120801","BK0505"
"06/22/2015","HPD","HPD-K-06","Neighborhood Preservation Offices/Code Enforcement Services","701 Euclid Ave","Brooklyn","Spanish","Good","Good","N/A","Yes","None","Spanish. Russian, Arabic, Chinese","Bilingual staff",">30 minutes",,"11208","40.669676","-73.870515","305","42","3098536","3044610001","120801","BK0505"
"06/22/2015","HRA","HRA-K-22","Kings County Hospital Medicaid Office","451 Clarkson Ave.","Brooklyn","Spanish","N/A","Good","N/A","Yes","Spanish","Spanish","Bilingual staff","5 minutes or less",,"11203","40.65576","-73.944602","309","40","3327711","3048290001","808","BK0902"
"06/22/2015","HRA","HRA-K-22","Kings County Hospital Medicaid Office","451 Clarkson Ave.","Brooklyn","Italian","Fair","N/A","Fair","Yes","Spanish","None","None","N/A",,"11203","40.65576","-73.944602","309","40","3327711","3048290001","808","BK0902"
"06/22/2015","HRA","HRA-K-14","Williamsburg SNAP","30 Thornton St.","Brooklyn","Chinese","N/A","Good","N/A","Yes","None","Chinese","Language Line","5-10 minutes",,"11206","40.701103","-73.94354","301","33","3061504","3022760012","507","BK0103"
"06/22/2015","NYCHA","NHA-K-05","Brooklyn Borough Office","816 Ashford St.","Brooklyn","Spanish","N/A","Fair","N/A","Yes","None","Spanish","None",">30 minutes",,"11207","40.662271","-73.880496","305","42","3324286","3043550001","1110","BK0503"
"06/22/2015","NYCHA","NHA-K-05","Brooklyn Borough Office","816 Ashford St.","Brooklyn","Italian","N/A","Fair","N/A","Yes","None","None","None","N/A",,"11207","40.662271","-73.880496","305","42","3324286","3043550001","1110","BK0503"
"06/23/2015","DOE","DOE-Q-01","Family Welcome Center","28-11 Queens Plaza N","Queens","Spanish","N/A","N/A","Excellent","Yes","Spanish, Chinese, Arabic","Spanish, Chinese","Bilingual staff","5 minutes or less",,"11101","40.75008","-73.938208","401","26","4005022","4004170002","3301","QN0105"
"06/23/2015","DOE","DOE-Q-01","Family Welcome Center","28-11 Queens Plaza N","Queens","Italian","Good","Good","Good","Yes","Spanish, Chinese, Arabic","Urdu","None","N/A",,"11101","40.75008","-73.938208","401","26","4005022","4004170002","3301","QN0105"
"06/23/2015","DOE","DOE-Q-02","Student Enrollment","30-48 Linden Pl.","Queens","Chinese","N/A","Good","Good","Yes","Chinese, Korean, Russian, Spanish, Hindi","Chinese, Russian, Spanish","Bilingual staff","5-10 minutes",,"11354","40.770185","-73.832925","407","20","4100749","4043700050","869","QN0707"
"06/23/2015","DOE","DOE-Q-02","Student Enrollment","30-48 Linden Pl.","Queens","Spanish","Fair","Excellent","Excellent","No","Spanish, Chinese, Russian, Arabic, Korean","English","Bilingual staff","5-10 minutes",,"11354","40.770185","-73.832925","407","20","4100749","4043700050","869","QN0707"
"06/23/2015","DOHMH","DOH-Q-04","Tuberculosis Clinic","34-33 Junction Blvd","Queens","Italian","Good","N/A","Good","Yes","None","None","None","N/A",,"11372","40.754179","-73.872231","403","21","4042887","4017290027","37502","QN0303"
"06/23/2015","DOHMH","DOH-Q-04","Tuberculosis Clinic","34-33 Junction Blvd.","Queens","Spanish","Good","Excellent","N/A","Yes","Spanish, Chinese, Arabic, Korean","None","Bilingual staff","5 minutes or less",,"11372","40.754179","-73.872231","403","21","4042887","4017290027","37502","QN0303"
"06/23/2015","DPR","DPR-Q-18","Queens Special Events & Permits Office at the Passerelle Building","Flushing Meadows-Corona Park","Queens","Chinese","N/A","Poor","N/A","Yes","None","Chinese, Spanish","Bilingual staff","10-30 minutes",,,,,,,,,,
"06/23/2015","DPR","DPR-Q-18","Queens Special Events & Permits Office at the Passerelle Building","Flushing Meadows-Corona Park","Queens","Spanish","N/A","Excellent","Excellent","Yes","Chinese, Korean, Russian, Spanish, Arabic","Spanish","Bilingual staff","5 minutes or less",,,,,,,,,,
"06/23/2015","DPR","DPR-Q-18","Queens Special Events & Permits Office at the Passerelle Building","Flushing Meadows-Corona Park","Queens","Chinese","N/A","N/A","Good","Yes","None","Chinese, Spanish","None","N/A",,,,,,,,,,
"06/23/2015","DPR","DPR-Q-18","Queens Special Events & Permits Office at the Passerelle Building","Flushing Meadows-Corona Park","Queens","Spanish","N/A","Excellent","Good","Yes","One or more languages (specific language not recorded)","One or more languages (specific language not recorded)","Language Line","10-30 minutes",,,,,,,,,,
"06/23/2015","HRA","HRA-Q-13","Office of Child Support Enforcement Queens Borough Office","32-20 Northern Blvd.","Queens","Spanish","Good","Good","Excellent","Yes","Spanish","Spanish, Chinese, Arabic, Russian, Korean","Bilingual staff","5 minutes or less",,"11101","40.75197","-73.931799","401","26","4003105","4002147501","17102","QN0161"
"06/23/2015","HRA","HRA-Q-25","East River Job Center","1 Honeywell Ave.","Queens","Spanish","Excellent","Good","Excellent","Yes","Spanish","Spanish","Bilingual staff","5-10 minutes",,,,,,,,,,
"06/23/2015","HRA","HRA-Q-25","East River Job Center","1 Honeywell Ave.","Queens","Italian","Excellent","Excellent","Excellent","Yes","None","None","Language Line","5 minutes or less",,,,,,,,,,
"06/23/2015","HRA","HRA-Q-13","Office of Child Support Enforcement Queens Borough Office","32-20 Northern Blvd. Floor 6","Queens","Italian","Good","Good","Excellent","Yes","None","None","Language Line","5-10 minutes",,"11101","40.75197","-73.931799","401","26","4003105","4002147501","17102","QN0161"
"06/23/2015","IDNYC","IDN-Q-02","DOHMH Corona IDNYC Center","34-33 Junction Blvd.","Queens","Italian","Good","N/A","Excellent","Yes","None","Urdu, Spanish, Chinese","None","N/A",,"11372","40.754179","-73.872231","403","21","4042887","4017290027","37502","QN0303"
"06/23/2015","IDNYC","IDN-Q-02","DOHMH Corona IDNYC Center","34-33 Junction Blvd.","Queens","Spanish","Excellent","Excellent","N/A","Yes","Spansish","Spanish","Bilingual staff","5 minutes or less",,"11372","40.754179","-73.872231","403","21","4042887","4017290027","37502","QN0303"
"06/23/2015","SBS",,"Queens Center",,"Queens","Chinese","N/A","Good","Excellent","Yes","None","Chinese, Russian, Spanish","Bilingual staff","5-10 minutes",,,,,,,,,,
"06/25/2015","BIC","BIC-M-01","Licensing Unit","100 Church St. Fl. 20","Manhattan","Chinese","N/A","Excellent","Excellent","Yes","None","Chinese, Korean, French, Spanish","Bilingual staff","10-30 minutes",,"10007","40.712968","-74.00949","101","1","1001409","1001250020","21","MN0102"
"06/25/2015","CCHR","CHR-K-01","NYC Human Rights Community Service Center","275 Livingston St.","Brooklyn","Spanish","N/A","Excellent","Excellent","Yes","None","Spanish","Bilingual staff","5 minutes or less",,"11217","40.68839","-73.982512","302","33","3000000","3001610003","37","BK0202"
"06/25/2015","CCHR","CHR-K-01","NYC Human Rights Community Service Center","275 Livingston St.","Brooklyn","Italian","N/A","Excellent","Excellent","Yes","None","None","Language Line","5 minutes or less",,"11217","40.68839","-73.982512","302","33","3000000","3001610003","37","BK0202"
"06/25/2015","DCP","DCP-M-01","Borough Office","22 Reade St.","Manhattan","Chinese","Excellent","N/A","N/A","Yes","None","None","Bilingual staff","5-10 minutes",,"10007","40.714231","-74.004895","101","1","1078613","1001540023","31","MN0102"
"06/25/2015","DOB","DOB-M-08","Cranes and Derricks","280 Broadway","Manhattan","Chinese","N/A","Good","N/A","Yes","None","None","Bilingual staff","10-30 minutes",,"10007","40.714417","-74.006089","101","1","1079215","1001530001","31","MN0102"
"06/25/2015","DOB","DOB-M-09","Licensing Unit","280 Broadway","Manhattan","Chinese","N/A","Good","N/A","Yes","None","None","Told to find a bilingual person in waiting area","N/A",,"10007","40.714417","-74.006089","101","1","1079215","1001530001","31","MN0102"
"06/25/2015","FDNY","FDN-K-03","Public Records","9 Metrotech Center Fl. 1","Brooklyn","Spanish","Good","Poor","N/A","No","Spanish, Chinese, Arabic, Russian","None","Told to find a bilingual person in waiting area",">30 minutes",,"11201","40.69486","-73.984674","302","33","3058187","3020470011","1502","BK0202"
"06/25/2015","FDNY","FDN-K-03","Public Records","9 Metrotech Center Fl. 1","Brooklyn","Italian","N/A","Fair","N/A","No","Spanish","None","None","N/A",,"11201","40.69486","-73.984674","302","33","3058187","3020470011","1502","BK0202"
"06/25/2015","HRA","HRA-K-36","Michael J. Handy  Veteran Job Center","25 Chapel St. Fl. 6","Brooklyn","Spanish","N/A","Fair","N/A","Yes","None","Spanish","Told to find a bilingual person in waiting area","N/A",,"11201","40.697254","-73.986015","302","33","3335884","3001180006","13","BK0202"
"06/25/2015","HRA","HRA-K-36","Michael J. Handy  Veteran Job Center","25 Chapel St. Fl. 6","Brooklyn","Italian","N/A","N/A","Excellent","Yes","None","None","Language Line","5 minutes or less",,"11201","40.697254","-73.986015","302","33","3335884","3001180006","13","BK0202"
"06/25/2015","HRA","HRA-M-37","Office of Child Support Enforcement","151 West Broadway Fl. 4","Manhattan","Chinese","N/A","Good","Excellent","Yes","None","None","Language Line","10-30 minutes",,"10013","40.717242","-74.007853","101","1","1001621","1001480010","33","MN0102"
"06/25/2015","IDNYC","IDN-K-01","Brooklyn Business Center","210 Joralemon St.","Brooklyn","Italian","N/A","N/A","Excellent","Yes","None","Chinese","Language Line","5-10 minutes",,"11201","40.692459","-73.990491","302","33","3002558","3002667501","9","BK0201"
"06/25/2015","IDNYC","IDN-K-01","Brooklyn Business Center","210 Joralemon St.","Brooklyn","Spanish","N/A","Fair","Excellent","Yes","None","Spanish, Chinese","Bilingual staff","5 minutes or less",,"11201","40.692459","-73.990491","302","33","3002558","3002667501","9","BK0201"
"06/25/2015","SBS","SBS-K-02","Brooklyn Workforce1 Career Center","9 Bond Street","Brooklyn","Spanish","N/A","Fair","Fair","Yes","None","None","Bilingual staff","5 minutes or less",,"11201","40.689376","-73.983164","302","33","3329441","3001600007","37","BK0202"
"06/25/2015","SBS","SBS-K-02","Brooklyn Workforce1 Career Center","9 Bond Street","Brooklyn","Italian","Excellent","Fair","N/A","Yes","None","None","None",">30 minutes",,"11201","40.689376","-73.983164","302","33","3329441","3001600007","37","BK0202"
"06/26/2015","DCWP","DCA-M-04","Adjudications Unit","66 John St.","Manhattan","Italian","N/A","Excellent","Excellent","Yes","None","None","Bilingual staff","5 minutes or less",,"10038","40.708933","-74.007614","101","1","1079043","1000670001","1502","MN0101"
"06/26/2015","DCWP","DCA-M-05","Paid Sick Leave Unit","42 Broadway","Manhattan","Spanish","N/A","Excellent","Excellent","Yes","None","Spanish","Bilingual staff","5 minutes or less",,"10004","40.70627","-74.012909","101","1","1000812","1000220020","9","MN0101"
"06/26/2015","DCWP","DCA-M-04","Adjudications Unit","66 John St.","Manhattan","Spanish","N/A","Fair","N/A","Yes","None","Spanish","Language Line","5 minutes or less",,"10038","40.708933","-74.007614","101","1","1079043","1000670001","1502","MN0101"
"06/26/2015","DCWP","DCA-M05","Paid Sick Leave Unit","42 Broadway","Manhattan","Italian","N/A","N/A","Excellent","Yes","None","None","Language Line","5 minutes or less",,"10004","40.70627","-74.012909","101","1","1000812","1000220020","9","MN0101"
"06/26/2015","DOE","DOE-M-01","Student Enrollment","333 7th Ave.","Manhattan","Chinese","N/A","Poor","Good","Yes","Chinese, Korean, Arabic, Haitian Creole, Hindi","Chinese, Arabic, Korean, Spanish, Hindi","Bilingual staff","10-30 minutes",,"10001","40.747629","-73.99306","105","3","1015097","1008040001","95","MN0501"
"06/26/2015","DOE","DOE-M-01","Student Enrollment","333 7th Ave.","Manhattan","Spanish","N/A","N/A","Excellent","Yes","Spanish, Korean, Chinese, Arabic","Spanish","Bilingual staff","5 minutes or less",,"10001","40.747629","-73.99306","105","3","1015097","1008040001","95","MN0501"
"06/26/2015","DOF","DOF-M-04","City Register","66 John St.","Manhattan","Italian","N/A","N/A","Excellent","Yes","None","None","Bilingual staff","5 minutes or less",,"10038","40.708933","-74.007614","101","1","1079043","1000670001","1502","MN0101"
"06/26/2015","DOF","DOF-M-04","City Register","66 John St.","Manhattan","Spanish","N/A","Poor","Excellent","Yes","None","None","Bilingual staff","5 minutes or less",,"10038","40.708933","-74.007614","101","1","1079043","1000670001","1502","MN0101"
"06/26/2015","ENDGBDV","MYR-M-03","NYC Family Justice Center","80 Centre St.","Manhattan","Spanish","N/A","Excellent","N/A","Yes","None","Spanish","Bilingual staff","5 minutes or less",,"10013","40.715447","-74.00189","101","1","1001830","1001660027","2901","MN0102"
"06/26/2015","HRA","HRA-M-02","Union Square Job Center","109 East 16th St. Fl. 1","Manhattan","Chinese","N/A","Good","Excellent","Yes","Spanish","Chinese, Spanish","Language Line",">30 minutes",,"10003","40.735681","-73.988713","105","2","1017821","1008720013","50","MN0602"
"06/26/2015","HRA","HRA-M-02","Union Square Job Center","109 East 16th St. Fl. 1","Manhattan","Spanish","Fair","Fair","N/A","Yes","Spanish, Chinese, Korean, Arabic","None","Bilingual staff","5-10 minutes",,"10003","40.735681","-73.988713","105","2","1017821","1008720013","50","MN0602"
"06/26/2015","IDNYC","IDN-M-03","Manhattan CBIC","109 E 16th St.","Manhattan","Spanish","Fair","N/A","Excellent","Yes","Spanish, Korean, Chinese","Spanish","Bilingual staff","5 minutes or less",,"10003","40.735681","-73.988713","105","2","1017821","1008720013","50","MN0602"
"06/26/2015","IDNYC","IDN-M-03","Manhattan CBIC","109 E 16th St.","Manhattan","Chinese","N/A","Excellent","N/A","Yes","Chinese","Chinese, Spanish","Language Line","5 minutes or less",,"10003","40.735681","-73.988713","105","2","1017821","1008720013","50","MN0602"
"06/26/2015","IDNYC","IDN-M-02","New York Public Library","455 5th Ave","Manhattan","Chinese","N/A","Good","Good","No","Spanish","Chinese, Greek, Haitian Creole, Korean, Spanish","Bilingual staff","5-10 minutes",,"10016","40.752003","-73.981954","105","4","1017602","1008690074","82","MN0502"
"06/26/2015","IDNYC","IDN-M-02","New York Public Library","455 5th Ave.","Manhattan","Spanish","N/A","Excellent","Excellent","No","Spanish, Chinese","Spanish","Bilingual staff","5 minutes or less",,"10016","40.752003","-73.981954","105","4","1017602","1008690074","82","MN0502"
"06/29/2015","CCHR","CHR-Q-01","NYC Human Rights Community Service Center","153-01 Jamaica Ave.","Queens","Chinese","N/A","Poor","N/A","Yes","None","None","Language Line","5-10 minutes",,"11432","40.702799","-73.802113","412","27","4208826","4097540056","240","QN1201"
"06/29/2015","CCHR","CHR-Q-01","NYC Human Rights community Service Center","153-01 Jamaica Ave.","Queens","Spanish","N/A","Poor","N/A","Yes","None","None","None","N/A",,"11432","40.702799","-73.802113","412","27","4208826","4097540056","240","QN1201"
"06/29/2015","DOE","DOE-Q-04","District Office","90-27 Sutphin Boulevard","Queens","Spanish","N/A","Good","N/A","No","None","One or more languages (specific language not recorded)","None","N/A",,"11435","40.70234","-73.808148","412","27","4206784","4096770007","240","QN1201"
"06/29/2015","DOE","DOE-Q-04","District Office","90-27 Sutphin Boulevard","Queens","Italian","Excellent","N/A","Excellent","Yes","None","Chinese","Bilingual staff","5-10 minutes",,"11435","40.70234","-73.808148","412","27","4206784","4096770007","240","QN1201"
"06/29/2015","DOHMH","DOH-Q-09","Early Intervention Office","90-27 Parsons Blvd.","Queens","Spanish","N/A","N/A","Excellent","Yes","Creole, Chinese, Korean, Russian","Spanish","Bilingual staff","5 minutes or less",,"11432","40.704136","-73.80067","412","27","4595378","4097560006","44601","QN1201"
"06/29/2015","DOHMH","DOH-Q-09","Early Intervention Office","90-27 Parsons Blvd.","Queens","Chinese","N/A","N/A","Good","Yes","Chinese, French, Haitian Creole, Spanish, Russian","None","Bilingual staff","5-10 minutes",,"11432","40.704136","-73.80067","412","27","4595378","4097560006","44601","QN1201"
"06/29/2015","DOHMH","DOH-Q-08","STD Services","90-37 Parsons Blvd.","Queens","Chinese","N/A","Good","Excellent","No","Chinese","None","Bilingual staff","5-10 minutes",,"11432","40.703826","-73.800483","412","27","4208836","4097560006","44601","QN1201"
"06/29/2015","DOHMH","DOH-Q-08","STD Services","90-37 Parsons Blvd.","Queens","Spanish","Good","Good","Excellent","No","None","None","Bilingual staff","5 minutes or less",,"11432","40.703826","-73.800483","412","27","4208836","4097560006","44601","QN1201"
"06/29/2015","IDNYC","IDN-Q-03","Jamaica Branch Library - Queens Library","89-11 Merrick Boulevard","Queens","Italian","N/A","Excellent","Excellent","No","None","Urdu","Bilingual staff","5 minutes or less",,"11432","40.707865","-73.795295","412","27","4209635","4097980006","460","QN1201"
"06/29/2015","IDNYC","IDN-Q-03","Jamaica Branch Library - Queens Library","89-11 Merrick Boulevard","Queens","Spanish","N/A","Good","Good","No","None","One or more languages (specific language not recorded)","Bilingual staff","N/A",,"11432","40.707865","-73.795295","412","27","4209635","4097980006","460","QN1201"
"06/29/2015","NYCHA","NHA-Q-02","Queens Borough Office","90-20 170th St.","Queens","Spanish","N/A","N/A","Fair","No","None","None","None","N/A",,"11432","40.708578","-73.790579","412","27","4209721","4098020041","460","QN1201"
"06/29/2015","NYCHA","NHA-Q-02","Queens Borough Office","90-20 170th St.","Queens","Italian","N/A","N/A","Fair","No","None","None","None",,,"11432","40.708578","-73.790579","412","27","4209721","4098020041","460","QN1201"
"06/29/2015","NYCHA","NHA-Q-02","Queens Borough Office","90-20 170th St.","Queens","Spanish","N/A","N/A","Fair","No","None","None","None",">30 minutes",,"11432","40.708578","-73.790579","412","27","4209721","4098020041","460","QN1201"
"06/29/2015","SBS",,"Queens Center",,"Queens","Spanish","N/A","Excellent","N/A","Yes","None","Spanish","Bilingual staff","5 minutes or less",,,,,,,,,,
"06/29/2015","SBS","SBS-Q-03","Workforce1 Industrial & Transportation Career Center","168-46 91st Ave.","Queens","Spanish","N/A","Excellent","Excellent","Yes","None","One or more languages (specific language not recorded)","Bilingual staff","N/A",,"11432","40.70742","-73.792169","412","27","4209641","4097990001","460","QN1201"
"06/29/2015","SBS","SBS-Q-03","Workforce1 Industrial & Transportation Career Center","168-46 91st Ave.","Queens","Italian","N/A","Fair","N/A","Yes","None","None","None","N/A",,"11432","40.70742","-73.792169","412","27","4209641","4097990001","460","QN1201"
"06/29/2015","SBS",,"Flushing Workforce1 Career Center",,"Queens","Chinese","N/A","Excellent","Excellent","Yes","None","None","Bilingual staff","5 minutes or less",,,,,,,,,,
"06/29/2015","SBS",,"Flushing Workforce1 Career Center",,"Queens","Spanish","N/A","Fair","N/A","Yes","None","None","None","N/A",,,,,,,,,,
"06/30/2015","CLERK","CCK-B-01","Borough Office","851 Grand Concourse","Bronx","Spanish","Good","Good","N/A","No","None","Spanish","Bilingual staff","N/A",,"10451","40.826048","-73.923102","204","16","2002869","2024680001","6301","BX0401"
"06/30/2015","CLERK","CCK-B-01","Borough Office","851 Grand Concourse","Bronx","Chinese","N/A","N/A","Good","Yes","Chinese, Spanish","Chinese","None","10-30 minutes",,"10451","40.826048","-73.923102","204","16","2002869","2024680001","6301","BX0401"
"06/30/2015","DCP","DCP-B-01","Borough Office","1 Fordham Plaza","Bronx","Spanish","Good","Fair","Fair","No","None","None","Bilingual staff","5 minutes or less",,"10458","40.860739","-73.889585","206","15","2088325","2030330053","387","BX0603"
"06/30/2015","DCP","DCP-B-01","Borough Office","1 Fordham Plaza","Bronx","Chinese","N/A","N/A","Excellent","Yes","None","None","Bilingual staff","10-30 minutes",,"10458","40.860739","-73.889585","206","15","2088325","2030330053","387","BX0603"
"06/30/2015","DHS","DHS-B-02","PATH Families Intake","151 E 151st St.","Bronx","Spanish","Excellent","N/A","N/A","Yes","None","None","Bilingual staff","5 minutes or less",,"10451","40.821239","-73.927563","204","8","2117641","2023530057","6301","BX0401"
"06/30/2015","DPR","DPR-M-05","Thomas Jefferson Recreation Center","2180 1st Ave.","Manhattan","Spanish","Good","N/A","N/A","Yes","None","Spanish","None","N/A",,"10029","40.793562","-73.937181","111","8","1085632","1017050001","178","MN1102"
"06/30/2015","DPR","DPR-B-21","West Bronx Recreation Center","1527 Jesup Ave.","Bronx","Chinese","N/A","Excellent","N/A","Yes","None","Chinese","Other","10-30 minutes",,"10452","40.843976","-73.918676","204","16","2008679","2028720126","21302","BX0403"
"06/30/2015","DPR","DPR-B-21","West Bronx Recreation Center","1527 Jesup Ave.","Bronx","Spanish","N/A","Excellent","Excellent","No","Spanish, Korean, Chinese","One or more languages (specific language not recorded)","Bilingual staff","5 minutes or less",,"10452","40.843976","-73.918676","204","16","2008679","2028720126","21302","BX0403"
"06/30/2015","DPR","DPR-B-12","St. Mary's Recreation Center","450 St. Anne's Ave.","Bronx","Spanish","N/A","Excellent","N/A","Yes","None","Spanish","Bilingual staff","5 minutes or less",,,,,,,,,,
"06/30/2015","ENDGBDV","MYR-B-01","NYC Family Justice Center","198 East 161 St.","Bronx","Chinese","N/A","Excellent","Excellent","Yes","None","Chinese","Language Line",">30 minutes",,"10451","40.826354","-73.921024","204","16","2099027","2024430094","61","BX0401"
"06/30/2015","ENDGBDV","MYR-B-01","NYC Family Justice Center","198 East 161 St.","Bronx","Spanish","Excellent","Excellent","Excellent","Yes","Spanish","Spanish","Bilingual staff","5 minutes or less",,"10451","40.826354","-73.921024","204","16","2099027","2024430094","61","BX0401"
"06/30/2015","HRA","HRA-B-10","Lincoln Hospital Medicaid Office","234 E 149th St. Basement Rm. B-75","Bronx","Spanish","N/A","Excellent","N/A","Yes","Spanish","Spanish","Bilingual staff","5 minutes or less",,"10451","40.81774","-73.924156","201","17","2097050","2023350016","65","BX0102"
"06/30/2015","HRA","HRA-B-18","Rider Job Center","300 Canal Pl. Fl. 1","Bronx","Spanish","N/A","Excellent","N/A","Yes","None","Spanish","Bilingual staff","5 minutes or less",,"10451","40.813153","-73.927579","201","8","2000978","2023400072","51","BX0101"
"06/30/2015","NYPD","NYP-B-14","Tow Pound","745 141st St.","Bronx","Spanish","N/A","Fair","N/A","Yes","Spanish","None","Bilingual staff","10-30 minutes",,,,,,,,,,
"06/30/2015","SBS","SBS-B-03","Bronx Workforce 1 Career Center","400 East Fordham Road","Bronx","Spanish","Fair","Good","Good","Yes","Spanish, English, Russian, Mandarin","None","Bilingual staff","5 minutes or less",,"10458","40.8609","-73.891931","206","15","2116415","2030337501","38304","BX0603"
"06/30/2015","SBS","SBS-B-03","Bronx Workforce1 Career Center","400 East Fordham Road","Bronx","Chinese","N/A","Fair","N/A","Yes","None","None","None","N/A",,"10458","40.8609","-73.891931","206","15","2116415","2030337501","38304","BX0603"
"06/30/2015","SBS",,"University Heights Workforce 1 Expansion Center","2150 University Ave","Bronx","Chinese","N/A","N/A","Excellent","Yes","None","One or more languages (specific language not recorded)","Language Line","10-30 minutes",,"10453","40.857797","-73.909375","205","14","2014579","2032110005","251","BX0501"
"06/30/2015","SBS",,"University Heights Workforce 1 Expansion Center","2150 University Ave","Bronx","Spanish","Excellent","Excellent","Excellent","Yes","Spanish , French, Russian, Hindi, Chinese","Spanish , Korean, Russian","Bilingual staff","5 minutes or less",,"10453","40.857797","-73.909375","205","14","2014579","2032110005","251","BX0501"
"06/30/2015","SBS","SBS-M-09","Washingotn Heights Workforce 1 Expansion Center","560 W 181st St.","Manhattan","Chinese","N/A","N/A","Excellent","Yes","None","Chinese","None",">30 minutes",,"10033","40.848992","-73.932965","112","10","1081875","1021530081","269","MN1202"
"07/01/2015","IDNYC","IDN-B-02","Bronx Library Center","310 East Kingsbridge Road","Bronx","Spanish","Excellent","Excellent","Excellent","Yes","Spanish","Spanish","Bilingual staff","5 minutes or less",,"10458","40.863276","-73.89422","207","15","2116006","2031540083","39901","BX0701"
"07/02/2015","CLERK","CCK-K-01","Borough Office","210 Joralemon St.","Brooklyn","Chinese","N/A","N/A","Good","Yes","None","Chinese","None",">30 minutes",,"11201","40.692459","-73.990491","302","33","3002558","3002667501","9","BK0201"
"07/02/2015","DOE","DOE-B-02","Family Welcome Center","1230 Zerega Ave.","Bronx","Spanish","Excellent","N/A","Excellent","Yes","Spanish","Spanish, Chinese, Urdu, Arabic, French","Bilingual staff","5 minutes or less",,"10462","40.833586","-73.845099","209","18","2027195","2038420002","96","BX1001"
"07/02/2015","DOE","DOE-B-02","Family Welcome Center","1230 Zerega Ave.","Bronx","Italian","Excellent","Excellent","Excellent","Yes","Spanish, Chinese","Spanish. Chinese, Urdu, Arabic, French","Language Line","5 minutes or less",,"10462","40.833586","-73.845099","209","18","2027195","2038420002","96","BX1001"
"07/02/2015","DOHMH","DOH-B-02","STD Services","1309 Fulton Ave.","Bronx","Spanish","Excellent","Excellent","Excellent","Yes","Spanish","Spanish","Language Line","5 minutes or less",,"10456","40.832853","-73.903028","203","16","2009620","2029250080","14701","BX0302"
"07/02/2015","DOHMH","DOH-B-02","STD Services","1309 Fulton Ave.","Bronx","Italian","Excellent","Excellent","Excellent","Yes","None","None","Language Line","5 minutes or less",,"10456","40.832853","-73.903028","203","16","2009620","2029250080","14701","BX0302"
"07/02/2015","DOHMH","DOH-M-14","Early Intervention Office","42 Broadway","Manhattan","Chinese","N/A","Excellent","N/A","Yes","Chinese, French, Russian, Spanish, Korean","Chinese","Other","10-30 minutes",,"10004","40.70627","-74.012909","101","1","1000812","1000220020","9","MN0101"
"07/02/2015","DOT","DOT-B-01","Bronx Permit Office","1400 Williamsbridge Rd","Bronx","Spanish","N/A","Excellent","N/A","Yes","Spanish, Chinese, French, Hindi, Russian","Spanish, Chinese, Haitian Creole, Russian","Language Line","5 minutes or less",,"10461","40.842206","-73.844168","210","18","2044091","2040740001","200","BX1001"
"07/02/2015","DOT","DOT-B-01","Bronx Permit Office","1400 Williamsbridge Rd","Bronx","Italian","Excellent","N/A","Excellent","Yes","None","None","Language Line","5 minutes or less",,"10461","40.842206","-73.844168","210","18","2044091","2040740001","200","BX1001"
"07/02/2015","DPR","DPR-B-01","Bronx Permit Office","1 Bronx River Parkway","Bronx","Italian","Excellent","N/A","Good","Yes","None","One or more languages (specific language not recorded)","None",">30 minutes",,"10462","40.847311","-73.870827","227","15","2101002","2043330001","334","BX2791"
"07/02/2015","DPR","DPR-B-01","Bronx Permit Office","1 Bronx River Parkway","Bronx","Spanish","N/A","Good","Excellent","Yes","None","One or more languages (specific language not recorded)","Bilingual staff","5 minutes or less",,"10462","40.847311","-73.870827","227","15","2101002","2043330001","334","BX2791"
"07/02/2015","DPR","DPR-B-08","Owen Dole Recreation Center","2551 Westchester Ave.","Bronx","Spanish","Good","Good","N/A","Yes","None","Spanish","None",">30 minutes",,"10461","40.840398","-73.842354","210","18","2041875","2039840100","200","BX1001"
"07/02/2015","HPD","HPD-B-02","Neighborhood Preservation Offices/Code Enforcement Services","1932 Arthur Ave.","Bronx","Spanish","N/A","Fair","N/A","Yes","None","None","None",">30 minutes",,"10457","40.845685","-73.893294","206","15","2009911","2029470018","36901","BX0602"
"07/02/2015","HPD","HPD-K-02","Code Enforcement Services","210 Joralemon St. - Room 804","Brooklyn","Chinese","N/A","Excellent","Good","Yes","Chinese, Spanish, Haitian Creole, Russian, Korean","None","Language Line","10-30 minutes",,,,,,,,,,
"07/02/2015","HPD","HPD-B-02","Neighborhood Preservation Offices/Code Enforcement Services","1932 Arthur Ave.","Bronx","Italian","Excellent","N/A","Good","Yes","None","None","None",">30 minutes",,"10457","40.845685","-73.893294","206","15","2009911","2029470018","36901","BX0602"
"07/02/2015","HRA","HRA-B-22","Hunts Point SNAP","845 Barretto St. Fl. 1","Bronx","Italian","N/A","Good","N/A","Yes","None","Spanish","None",">30 minutes",,"10474","40.817656","-73.890358","202","17","2005939","2027390015","9301","BX0201"
"07/02/2015","HRA","HRA-B-22","Hunts Point SNAP","845 Barretto St. Fl. 1","Bronx","Spanish","N/A","Good","N/A","Yes","None","SPanish","None","N/A",,"10474","40.817656","-73.890358","202","17","2005939","2027390015","9301","BX0201"
"07/02/2015","IDNYC","IDN-S-01","Staten Island Business Center","350 Saint Marks Place","Staten Island","Bengali","Good","Good","Excellent","Yes","None","Chinese, Spanish","None",">30 minutes",,"10301","40.640708","-74.077697","501","49","5000185","5000160054","3","SI0101"
"07/07/2015","CCHR","CHR-S-01","NYC Human Rights Community Service Center","60 Bay St.","Staten Island","Spanish","Poor","Poor","Poor","No","None","None","None",">30 minutes",,"10301","40.640558","-74.07569","501","49","5000025","5000050051","3","SI0101"
"07/07/2015","CCHR","CHR-S-01","NYC Human Rights Community Service Center","60 Bay St.","Staten Island","Chinese","N/A","Excellent","Excellent","Yes","None","None","Language Line","5-10 minutes",,"10301","40.640558","-74.07569","501","49","5000025","5000050051","3","SI0101"
"07/07/2015","CLERK","CCK-S-01","Borough Office","10 Richmond Terrace","Staten Island","Chinese","N/A","N/A","Excellent","Yes","None","Chinese, Spanish","Language Line","5-10 minutes",,"10301","40.642367","-74.075274","501","49","5000063","5000070001","3","SI0101"
"07/07/2015","CLERK","CCK-S-01","Borough Office","10 Richmond Terrace","Staten Island","Spanish","Fair","Fair","Excellent","Yes","None","One or more languages (specific language not recorded)","Bilingual staff","N/A",,"10301","40.642367","-74.075274","501","49","5000063","5000070001","3","SI0101"
"07/07/2015","DCP","DCP-S-01","Borough Office","130 Stuyvesant Place","Staten Island","Chinese","N/A","Excellent","N/A","No","None","None","Bilingual staff","5-10 minutes",,"10301","40.642907","-74.076889","501","49","5000085","5000080070","3","SI0101"
"07/07/2015","DEP","DEP-S-01","Staten Island Borough Office","60 Bay St","Staten Island","Spanish","Fair","Fair","Poor","Yes","None","None","None",">30 minutes",,"10301","40.640558","-74.07569","501","49","5000025","5000050051","3","SI0101"
"07/07/2015","DEP","DEP-S-01","Staten Island Borough Office","60 Bay St","Staten Island","Chinese","N/A","Excellent","Excellent","No","None","None","Bilingual staff","5 minutes or less",,"10301","40.640558","-74.07569","501","49","5000025","5000050051","3","SI0101"
"07/07/2015","DOE","DOE-S-01","District Office","715 Ocean Terrace","Staten Island","Spanish","Good","N/A","Good","Yes","None","Spanish","Bilingual staff","5 minutes or less",,"10301","40.608756","-74.102344","502","50","5113169","5006830001","17701","SI0203"
"07/07/2015","DOF","DOF-S-01","Staten Island Business Center","350 St. Marks Pl","Staten Island","Spanish","N/A","Good","Fair","Yes","None","None","Bilingual staff","5-10 minutes",,"10301","40.640708","-74.077697","501","49","5000185","5000160054","3","SI0101"
"07/07/2015","DOF","DOF-S-01","Staten Island Business Center","350 St. Marks Pl","Staten Island","Italian","Good","Good","N/A","Yes","None","None","None","N/A",,"10301","40.640708","-74.077697","501","49","5000185","5000160054","3","SI0101"
"07/07/2015","DOHMH","DOH-S-04","Early Intervention Office","51 Stuyvesant PI","Staten Island","Spanish","Poor","N/A","N/A","Yes","None","None","None","N/A",,,,,,,,,,
"07/07/2015","DOHMH","DOH-S-04","Early Intervention Office","51 Stuyvesant Pl","Staten Island","Italian","Excellent","Excellent","Excellent","Yes","None","None","Language Line","5 minutes or less",,"10301","40.644885","-74.078303","501","49","5000089","5000090009","7","SI0101"
"07/07/2015","DPR","DPR-S-02","Greenbelt Recreation Center","501 Brielle Ave.","Staten Island","Spanish","N/A","Good","Good","Yes","None","None","Bilingual staff","5 minutes or less",,"10314","40.592224","-74.13628","502","50","5107273","5019550001","27302","SI0203"
"07/07/2015","DPR","DPR-S-12","Faber Field House","2175 Richmond Terrace","Staten Island","Spanish","N/A","Good","Excellent","No","None","None","Bilingual staff","5 minutes or less",,"10302","40.640265","-74.135434","501","49","5095251","5010700034","20702","SI0106"
"07/07/2015","HRA","HRA-S-09","Staten Island Medicaid Office","215 Bay St. Ground Fl.","Staten Island","Spanish","Poor","Poor","Poor","Yes","None","One or more languages (specific language not recorded)","None",">30 minutes",,"10301","40.636699","-74.076247","501","49","5013236","5004970001","21","SI0102"
"07/07/2015","HRA","HRA-S-02","Office of Child Support Enforcement - Richmond County","100 Richmond Terrace","Staten Island","Italian","Excellent","Good","Good","No","None","None","Told to return later",">30 minutes",,"10301","40.644935","-74.07723","501","49","5000090","5000090022","7","SI0101"
"07/07/2015","HRA","HRA-S-05","Richmond Job Center","201 Bay St. Fl. 1","Staten Island","Italian","N/A","Excellent","N/A","Yes","None","spanish","Other","N/A",,"10301","40.636992","-74.076212","501","49","5013238","5004970009","21","SI0102"
"07/07/2015","HRA","HRA-S-05","Richmond Job Center","201 Bay St. Fl. 1","Staten Island","Spanish","N/A","Good","Good","Yes","None","Spanish","None",">30 minutes",,"10301","40.636992","-74.076212","501","49","5013238","5004970009","21","SI0102"
"07/07/2015","HRA","HRA-S-09","Staten Island Medicaid Office","215 Bay St. Ground Fl.","Staten Island","Chinese","N/A","N/A","Good","Yes","Chinese, Korean","None","None","N/A",,"10301","40.636699","-74.076247","501","49","5013236","5004970001","21","SI0102"
"07/07/2015","HRA","HRA-S-04","Richmond SNAP Center","201 Bay St. Fl. 1","Staten Island","Spanish","Fair","Fair","Good","Yes","None","Spanish","Told to find a bilingual person in waiting area","N/A",,"10301","40.636992","-74.076212","501","49","5013238","5004970009","21","SI0102"
"07/07/2015","HRA","HRA-S-04","Richmond SNAP Center","201 Bay St. Fl. 1","Staten Island","Spanish","Excellent","Excellent","Excellent","Yes","Spanish, English","None","Bilingual staff","5 minutes or less",,"10301","40.636992","-74.076212","501","49","5013238","5004970009","21","SI0102"
"07/07/2015","HRA","HRA-S-04","Richmond SNAP Center","201 Bay St. Fl. 1","Staten Island","Chinese","N/A","Good","N/A","Yes","Spanish","Spanish","None","N/A",,"10301","40.636992","-74.076212","501","49","5013238","5004970009","21","SI0102"
"07/07/2015","NYCHA","NHA-S-02","Social Services","90 Lafayette Ave.","Staten Island","Spanish","N/A","Poor","N/A","Yes","None","Spanish, Chinese, Russian","None",">30 minutes",,"10301","40.642652","-74.095345","501","49","5001761","5000710001","81","SI0101"
"07/07/2015","SBS",,"Staten Island Center",,"Staten Island","Italian","Excellent","Fair","N/A","Yes","None","None","None",">30 minutes",,,,,,,,,,
"07/07/2015","SBS",,"Staten Island Center",,"Staten Island","Spanish","Good","Fair","Fair","Yes","Spanish, Korean, Russian, Mandarin","None","None",">30 minutes",,,,,,,,,,
"07/09/2015","CLERK","CCK-K-01","Borough Office","210 Joralemon St.","Brooklyn","Spanish","Fair","N/A","N/A","Yes","None","Spanish","Told to find a bilingual person in waiting area",">30 minutes",,"11201","40.692459","-73.990491","302","33","3002558","3002667501","9","BK0201"
"07/09/2015","DOF","DOF-Q-01","Queens Business Center","144-06 94th Ave","Queens","Italian","Excellent","Excellent","Excellent","Yes","Spanish, Chinese","None","Language Line","5-10 minutes",,"11435","40.698517","-73.8083","412","27","4439745","4099930003","208","QN1201"
"07/09/2015","DOF","DOF-Q-01","Queens Business Center","144-06 94th Ave","Queens","Chinese","N/A","Poor","Good","Yes","Chinese, Spanish, Korean","None","Bilingual staff","5-10 minutes",,"11435","40.698517","-73.8083","412","27","4439745","4099930003","208","QN1201"
"07/09/2015","DPR","DPR-Q-04","AI Oerter Recreation Center","131-40 Fowler Ave.","Queens","Chinese","N/A","Excellent","N/A","Yes","None","Chinese","Bilingual staff","5 minutes or less",,"11355","40.751616","-73.834155","407","20","4540092","4020180001","38302","QN8191"
"07/09/2015","DPR","DPR-Q-04","AI Oerter Recreation Center","131-40 Fowler Ave.","Queens","Italian","N/A","Excellent","Excellent","Yes","None","None","Language Line","5-10 minutes",,"11355","40.751616","-73.834155","407","20","4540092","4020180001","38302","QN8191"
"07/09/2015","DPR","DPR-K-20","McCarren Park Recreation Center","776 Lorimer St.","Brooklyn","Spanish","N/A","N/A","Excellent","Yes","None","Spanish","Bilingual staff","5 minutes or less",,"11222","40.720182","-73.950375","301","33","3067525","3026960001","515","BK0102"
"07/09/2015","HPD","HPD-K-02","Code Enforcement Services","210 Joralemon St. - Room 804","Brooklyn","Spanish","N/A","Good","Excellent","Yes","None","One or more languages (specific language not recorded)","Bilingual staff","5 minutes or less",,,,,,,,,,
"07/09/2015","HRA","HRA-Q-08","Jamaica Job Center","165-08 88th Ave.","Queens","Chinese","N/A","Good","Good","Yes","Spanish","Chinese","Language Line","5-10 minutes",,"11432","40.708661","-73.796703","412","24","4210062","4098150056","460","QN1201"
"07/09/2015","HRA","HRA-Q-03","Jamaica SNAP","165-08 88th Ave. Fl. 3","Queens","Chinese","N/A","Good","Good","Yes","Spanish","Chinese, Korean, Haitian Creole","Language Line","5-10 minutes",,"11432","40.708661","-73.796703","412","24","4210062","4098150056","460","QN1201"
"07/09/2015","HRA","HRA-Q-24","Queens Community Medicaid Office","45-12 32nd Place","Queens","Italian","Excellent","Good","N/A","Yes","None","None","None",">30 minutes",,"11101","40.744327","-73.932702","402","26","4003444","4002497501","17902","QN0202"
"07/09/2015","HRA","HRA-K-14","Williamsburg SNAP","30 Thornton St.","Brooklyn","Spanish","Poor","N/A","N/A","Yes","None","Spanish","None",">30 minutes",,"11206","40.701103","-73.94354","301","33","3061504","3022760012","507","BK0103"
"07/09/2015","HRA","HRA-Q-03","Jamaica SNAP","165-08 88th Ave. Fl. 3","Queens","Italian","Excellent","Excellent","N/A","Yes","None","None","Bilingual staff","5 minutes or less",,"11432","40.708661","-73.796703","412","24","4210062","4098150056","460","QN1201"
"07/09/2015","HRA","HRA-Q-08","Jamaica Job Center","165-08 88th Ave.","Queens","Italian","N/A","Excellent","Good","Yes","None","None","None",">30 minutes",,"11432","40.708661","-73.796703","412","24","4210062","4098150056","460","QN1201"
"07/09/2015","HRA","HRA-Q-24","Queens Community Medicaid Office","45-12 32nd Place","Queens","Chinese","N/A","Good","N/A","Yes","Spanish","None","None","N/A",,"11101","40.744327","-73.932702","402","26","4003444","4002497501","17902","QN0202"
"07/09/2015","IDNYC","IDN-K-05","Coney Island IDNYC Center","2865 W. 8th St.","Brooklyn","Chinese","N/A","Good","Good","Yes","Spanish","Chinese, Spanish, Russian","None","5-10 minutes",,"11224","40.578356","-73.976327","313","48","3345783","3072790162","354","BK1302"
"07/09/2015","NYPD","NYP-Q-12","Tow Pound","31-22 College Point Boulevard","Queens","Italian","Excellent","N/A","Poor","Yes","None","None","None",">30 minutes",,"11354","40.768682","-73.841095","407","19","4605716","4043820001","907","QN0701"
"07/09/2015","NYPD","NYP-Q-12","Tow Pound","31-22 College Point Boulevard","Queens","Chinese","N/A","Poor","N/A","Yes","None","None","None","N/A",,"11354","40.768682","-73.841095","407","19","4605716","4043820001","907","QN0701"
"07/10/2015","CCHR","CHR-B-01","NYC Human Rights Community Service Cent","1932 Arthur Ave.","Bronx","Italian","N/A","Excellent","Excellent","Yes","None","Spanish","Language Line","5 minutes or less",,"10457","40.845685","-73.893294","206","15","2009911","2029470018","36901","BX0602"
"07/10/2015","CCHR","CHR-B-01","NYC Human Rights Community Service Cent","1932 Arthur Ave.","Bronx","Spanish","N/A","N/A","Excellent","Yes","None","Spanish","Bilingual staff","5 minutes or less",,"10457","40.845685","-73.893294","206","15","2009911","2029470018","36901","BX0602"
"07/10/2015","DEP","DEP-B-01","Bronx Borough Office","1932 Arthur Ave.","Bronx","Italian","N/A","Excellent","Excellent","Yes","None","None","Language Line","5 minutes or less",,"10457","40.845685","-73.893294","206","15","2009911","2029470018","36901","BX0602"
"07/10/2015","DEP","DEP-B-01","Bronx Borough Office","1932 Arthur Ave.","Bronx","Spanish","Excellent","Excellent","Excellent","Yes","None","Spanish","Bilingual staff","5 minutes or less",,"10457","40.845685","-73.893294","206","15","2009911","2029470018","36901","BX0602"
"07/10/2015","DHS","DHS-B-02","PATH Families Intake","151 E 151st St.","Bronx","Chinese","N/A","Good","N/A","Yes","None","None","None","N/A",,"10451","40.821239","-73.927563","204","8","2117641","2023530057","6301","BX0401"
"07/10/2015","DOE","DOE-B-01","District Office","1 Fordham Plaza","Bronx","Italian","Excellent","Excellent","N/A","Yes","None","None","Language Line","10-30 minutes",,"10458","40.860739","-73.889585","206","15","2088325","2030330053","387","BX0603"
"07/10/2015","DOE","DOE-B-01","District Office","1 Fordham Plaza","Bronx","Spanish","Good","Excellent","Excellent","Yes","None","None","Bilingual staff","5 minutes or less",,"10458","40.860739","-73.889585","206","15","2088325","2030330053","387","BX0603"
"07/10/2015","DOF","DOF-B-01","Bronx Business Center","3030 3rd Ave","Bronx","Italian","N/A","Good","Good","Yes","None","None","None",">30 minutes",,"10455","40.819857","-73.913268","201","17","2117395","2023630024","71","BX0102"
"07/10/2015","DOF","DOF-B-01","Bronx Business Center","3030 3rd Ave.","Bronx","Spanish","N/A","Good","N/A","Yes","None","Spanish","None","N/A",,"10455","40.819857","-73.913268","201","17","2117395","2023630024","71","BX0102"
"07/10/2015","DPR","DPR-B-12","St. Mary's Recreation Center","450 St. Anne's Ave.","Bronx","Chinese","N/A","Good","N/A","Yes","None","None","Bilingual staff","5-10 minutes",,,,,,,,,,
"07/10/2015","HRA","HRA-B-10","Lincoln Hospital Medicaid Office","234 E 149th St. Basement Rm. B-75","Bronx","Chinese","N/A","Excellent","Excellent","Yes","None","None","Language Line",">30 minutes",,"10451","40.81774","-73.924156","201","17","2097050","2023350016","65","BX0102"
"07/10/2015","HRA","HRA-B-18","Rider Job Center","300 Canal Pl. Fl. 1","Bronx","Chinese","N/A","Good","N/A","Yes","Spanish","Chinese","None","N/A",,"10451","40.813153","-73.927579","201","8","2000978","2023400072","51","BX0101"
"07/10/2015","IDNYC","IDN-B-O1","Lincoln Medical Center","234 E 149th","Bronx","Chinese","N/A","Good","N/A","Yes","Spanish","Chinese","Language Line",">30 minutes",,,,,,,,,,
"07/10/2015","NYCHA","NHA-B-06","Bronx/Manhattan Customer Contact Center","478 East Fordham Road","Bronx","Spanish","Good","Excellent","N/A","Yes","Spanish, Chinese Russian","Spanish, Chjnese, Russian","Other","N/A",,"10458","40.86051","-73.889148","206","15","2088325","2030330053","387","BX0603"
"07/10/2015","NYCHA","NHA-B-06","Bronx/Manhattan Customer Contact Center","478 East Fordham Road","Bronx","Italian","Excellent","Excellent","Excellent","Yes","None","Spanish","Bilingual staff","10-30 minutes",,"10458","40.86051","-73.889148","206","15","2088325","2030330053","387","BX0603"
"07/10/2015","NYPD","NYP-B-14","Tow Pound","745 141st St.","Bronx","Chinese","Excellent","N/A","Excellent","Yes","Spanish","None","Language Line","5-10 minutes",,,,,,,,,,
"07/13/2015","CLERK","CCK-Q-01","Borough Office","120-55 Queens Blvd.","Queens","Chinese","Excellent","N/A","Excellent","Yes","None","None","Bilingual staff","5 minutes or less",,"11415","40.713329","-73.828601","409","29","4052812","4022740002","21601","QN0901"
"07/13/2015","CLERK","CCK-Q-01","Borough Office","120-55 Queens Blvd.","Queens","Italian","Good","Fair","Fair","Yes","None","None","None",">30 minutes",,"11415","40.713329","-73.828601","409","29","4052812","4022740002","21601","QN0901"
"07/13/2015","DCP","DCP-Q-01","Borough Office","120-55 Queens Blvd.","Queens","Italian","N/A","Fair","N/A","Yes","None","None","None",">30 minutes",,"11415","40.713329","-73.828601","409","29","4052812","4022740002","21601","QN0901"
"07/13/2015","DCP","DCP-Q-01","Borough Office","120-55 Queens Blvd.","Queens","Chinese","N/A","Good","N/A","No","None","None","None",">30 minutes",,"11415","40.713329","-73.828601","409","29","4052812","4022740002","21601","QN0901"
"07/13/2015","DEP","DEP-Q-02","Queens Central Office","59-17 Junction Blvd.","Queens","Spanish","N/A","Good","Good","Yes","None","Spanish, Chinese, Russian","Bilingual staff","5 minutes or less",,"11373","40.734606","-73.864774","404","21","4047310","4019180001","455","QN0402"
"07/13/2015","DEP","DEP-Q-02","Queens Borough Office","96-05 Horace Harding Expressway","Queens","Spanish","N/A","Good","N/A","Yes","None","None","Bilingual staff","5 minutes or less",,"11368","40.734383","-73.864309","404","21","4047337","4019180114","455","QN0402"
"07/13/2015","DOT","DOT-Q-01","Queens Permit Office","120-55 Queens Blvd.","Queens","Chinese","N/A","Good","N/A","Yes","Chinese, Spanish, Russian, Italian, Hatian-Creole","Chinese, Spanish, Korean, Russian","None","N/A",,"11415","40.713329","-73.828601","409","29","4052812","4022740002","21601","QN0901"
"07/13/2015","DOT","DOT-Q-01","Queens Permit Office","120-55 Queens Blvd.","Queens","Italian","Excellent","Excellent","N/A","Yes","None","None","Language Line","5 minutes or less",,"11415","40.713329","-73.828601","409","29","4052812","4022740002","21601","QN0901"
"07/13/2015","DPR","DPR-Q-15","Lost Battalion Hall Recreation Center","93-29 Queens Blvd.","Queens","Spanish","N/A","Fair","Good","Yes","None","Spanish","None",">30 minutes",,"11374","40.73147","-73.866044","406","24","4050408","4020770050","71702","QN0601"
"07/13/2015","ENDGBDV","MYR-Q-02","NYC Family Justice Center","126-02 82nd Ave.","Queens","Italian","Excellent","Excellent","N/A","Yes","None","Urdu","Language Line","5 minutes or less",,"11415","40.713732","-73.826122","409","29","4458616","4096570001","21601","QN0901"
"07/13/2015","ENDGBDV","MYR-Q-02","NYC Family Justice Center","126-02 82nd Ave.","Queens","Chinese","N/A","Excellent","N/A","Yes","None","Chinese","Language Line","5-10 minutes",,"11415","40.713732","-73.826122","409","29","4458616","4096570001","21601","QN0901"
"07/13/2015","HPD","HPD-Q-02","Code Enforcement Services","120-55 Queens Blvd.","Queens","Chinese","N/A","Poor","N/A","Yes","None","None","Language Line","5-10 minutes",,"11415","40.713329","-73.828601","409","29","4052812","4022740002","21601","QN0901"
"07/13/2015","HPD","HPD-Q-02","Code Enforcement Services","120-55 Queens Blvd.","Queens","Italian","N/A","Excellent","N/A","Yes","None","None","Language Line","5 minutes or less",,"11415","40.713329","-73.828601","409","29","4052812","4022740002","21601","QN0901"
"07/13/2015","HRA","HRA-Q-12","Rockaway Job Center","219 Beach 59th St. Fl. 1","Queens","Italian","N/A","Fair","N/A","Yes","Spanish","Spanish","None","N/A",,"11692","40.592902","-73.789051","414","31","4301932","4159000008","964","QN1402"
"07/13/2015","HRA","HRA-Q-10","Rockaway SNAP","219 Beach 59th St. Fl. 1","Queens","Italian","N/A","Fair","Excellent","Yes","Spanish","Spanish","Other","N/A",,"11692","40.592902","-73.789051","414","31","4301932","4159000008","964","QN1402"
"07/13/2015","HRA","HRA-Q-12","Rockaway Job Center","219 Beach 59th St. Fl. 1","Queens","Spanish","N/A","Good","N/A","Yes","None","Spanish","None","N/A",,"11692","40.592902","-73.789051","414","31","4301932","4159000008","964","QN1402"
"07/13/2015","HRA","HRA-Q-10","Rockaway SNAP","219 Beach 59th St. Fl. 1","Queens","Spanish","N/A","Good","N/A","Yes","None","Spanish","None","N/A",,"11692","40.592902","-73.789051","414","31","4301932","4159000008","964","QN1402"
"07/13/2015","NYCHA","NHA-Q-02","Queens Borough Office","90-20 170th St.","Queens","Chinese","N/A","N/A","Fair","No","None","None","None","N/A",,"11432","40.708578","-73.790579","412","27","4209721","4098020041","460","QN1201"
"07/14/2015","BIC","BIC-M-01","Licensing Unit","100 Church St. Fl. 20","Manhattan","Italian","Excellent","N/A","Excellent","Yes","None","Spanish, Chinese","Bilingual staff","5 minutes or less",,"10007","40.712968","-74.00949","101","1","1001409","1001250020","21","MN0102"
"07/14/2015","DCP","DCP-M-01","Borough Office","22 Reade St.","Manhattan","Italian","Excellent","N/A","N/A","Yes","None","None","Language Line","5-10 minutes",,"10007","40.714231","-74.004895","101","1","1078613","1001540023","31","MN0102"
"07/14/2015","DOB","DOB-M-08","Cranes and Derricks","280 Broadway","Manhattan","Italian","N/A","Good","Good","Yes","None","None","None",">30 minutes",,"10007","40.714417","-74.006089","101","1","1079215","1001530001","31","MN0102"
"07/14/2015","DOE","DOE-M-10","Family Welcome Center","388 W. 125th St.","Manhattan","Spanish","Good","Excellent","N/A","Yes","Spanish","Spanish","Bilingual staff","5 minutes or less",,"10027","40.811182","-73.953594","109","9","1087468","1019510004","20901","MN0901"
"07/14/2015","DOHMH","DOH-K-06","Immunization Clinic","295 Flatbush Ext.","Brooklyn","Chinese","N/A","Poor","N/A","Yes","None","None","Other","N/A",,,,,,,,,,
"07/14/2015","DOHMH","DOH-M-05","Manhattanville Sexual Health Clinic","21 Old Broadway","Manhattan","Spanish","N/A","Excellent","N/A","Yes","Spanish, French","Spanish, French","Bilingual staff","5 minutes or less",,"10027","40.815573","-73.956864","109","7","1059720","1019830003","219","MN0902"
"07/14/2015","DOHMH","DOH-M-14","Early Intervention Office","42 Broadway","Manhattan","Italian","Excellent","Excellent","Excellent","Yes","None","None","Language Line","10-30 minutes",,"10004","40.70627","-74.012909","101","1","1000812","1000220020","9","MN0101"
"07/14/2015","DOI","DOI-M-03","Fingerprints","80 Maiden Lane","Manhattan","Chinese","N/A","Good","Good","No","Chinese, Spanish, Russian, French, Hindi","None","Bilingual staff","5-10 minutes",,"10038","40.707116","-74.007329","101","1","1001015","1000420031","7","MN0101"
"07/14/2015","DPR","DPR-M-05","Thomas Jefferson Recreation Center","2180 1st Ave.","Manhattan","Chinese","N/A","Good","N/A","Yes","None","None","None","N/A",,"10029","40.793562","-73.937181","111","8","1085632","1017050001","178","MN1102"
"07/14/2015","ENDGBDV","MYR-M-03","NYC Family Justice Center","80 Centre St.","Manhattan","Italian","Excellent","Excellent","N/A","Yes","None","None","Bilingual staff",,,"10013","40.715447","-74.00189","101","1","1001830","1001660027","2901","MN0102"
"07/14/2015","HPD","HPD-M-05","Code Enforcement Services","94 Old Broadway","Manhattan","Spanish","Poor","N/A","Poor","Yes","None","None","Bilingual staff","5 minutes or less",,"10027","40.818149","-73.955396","109","7","1059727","1019860065","219","MN0902"
"07/14/2015","HRA","HRA-M-37","Office of Child Support Enforcement","151 West Broadway Fl. 4","Manhattan","Italian","Excellent","Excellent","Excellent","Yes","Spanish","None","Language Line","10-30 minutes",,"10013","40.717242","-74.007853","101","1","1001621","1001480010","33","MN0102"
"07/14/2015","HRA","HRA-M-12","St.Nicholas Job Center","132 W 12th St. Floor 2","Manhattan","Spanish","N/A","Good","N/A","Yes","None","Spanish","None","N/A",,"10011","40.73648","-73.998885","102","3","1088864","1006077502","71","MN0203"
"07/14/2015","IDNYC","IDN-M-01","Neighborhood Trust Federal Credit Union","1112 St. Nicholas Avenue","Manhattan","Spanish","N/A","Excellent","Excellent","Yes","Spanish","Spanish","Bilingual staff","5 minutes or less",,"10032","40.839274","-73.939852","112","10","1062988","1021240001","251","MN1201"
"07/14/2015","NYPD","NYP-K-27","Tow Pound","63 Flushing Ave.","Brooklyn","Chinese","N/A","N/A","Poor","Yes","Spanish","None","Language Line","5-10 minutes",,"11205","40.69802","-73.974986","302","33","3335129","3020230001","543","BK0261"
"07/14/2015","SBS","SBS-M-09","Washingotn Heights Workforce 1 Expansion Center","560 W 181st St.","Manhattan","Spanish","N/A","Excellent","Excellent","Yes","Spanish","None","Bilingual staff","5 minutes or less",,"10033","40.848992","-73.932965","112","10","1081875","1021530081","269","MN1202"
"07/16/2015","DHS","DHS-M-04","Adult Family Intake Center","400-430 E 30th St. Fl. 1","Manhattan","Spanish","N/A","Good","Good","Yes","I didn't notice any signs translated walking in.","Spanish","Bilingual staff","5 minutes or less",,"10016","40.74113","-73.975017","106","4","1087298","1009620097","62","MN0603"
"07/16/2015","DOB","DOB-M-09","Licensing Unit","280 Broadway","Manhattan","Italian","N/A","Fair","N/A","Yes","None","None","None",">30 minutes",,"10007","40.714417","-74.006089","101","1","1079215","1001530001","31","MN0102"
"07/16/2015","DOHMH","DOH-M-01","Birth/Death Certificates","125 Worth St","Manhattan","Chinese","Excellent","N/A","Good","Yes","Chinese, Spanish, Korean, French, Russian","None","Language Line","10-30 minutes",,"10013","40.715428","-74.002673","101","1","1001831","1001680032","31","MN0102"
"07/16/2015","DORIS","DOR-M-01","Municipal Archives","31 Chambers Street","Manhattan","Italian","N/A","N/A","Good","Yes","None","None","Bilingual staff","5 minutes or less",,"10007","40.713402","-74.004635","101","1","1001670","1001530024","31","MN0102"
"07/16/2015","DORIS","DOR-M-02","Municipal Library","31 Chambers Street","Manhattan","Chinese","N/A","N/A","Excellent","No","None","None","Bilingual staff","5 minutes or less",,"10007","40.713402","-74.004635","101","1","1001670","1001530024","31","MN0102"
"07/16/2015","FDNY","FDN-K-02","Certificate of Fitness Testing Unit","9 Metrotech Center Fl. 1","Brooklyn","Chinese","Good","Fair","N/A","No","Chinese, Spanish, Korean, Russian, Haitian-Creole","None","None","N/A",,"11201","40.69486","-73.984674","302","33","3058187","3020470011","1502","BK0202"
"07/16/2015","IDNYC","IDN-B-03","Bronx Business Center","3030 Third Ave.","Bronx","Spanish","Fair","Good","Good","Yes","There were no translated signs that I saw.","Spanish","Bilingual staff","5-10 minutes",,"10455","40.819857","-73.913268","201","17","2117395","2023630024","71","BX0102"
"07/17/2015","IDNYC","IDN-Q-01","La Guardia Community College","31-10 Thomson Ave.","Queens","Spanish","Good","Excellent","Excellent","No","None","Spanish","Bilingual staff","5 minutes or less",,"11101","40.744902","-73.935022","402","26","4003534","4002780001","17902","QN0202"
"07/17/2015","IDNYC","IDN-Q-02","DOHMH Corona IDNYC Center","34-33 Junction Blvd.","Queens","Spanish","Excellent","Excellent","Excellent","No","Spanish","None","Bilingual staff","5 minutes or less",,"11372","40.754179","-73.872231","403","21","4042887","4017290027","37502","QN0303"
"07/17/2015","IDNYC","IDN-Q-04","Flushing Branch Library - Queens Library","41-17 Main St.","Queens","Chinese","N/A","Excellent","N/A","No","Chinese","Chinese, Spanish","Bilingual staff","5 minutes or less",,"11355","40.757784","-73.829252","407","20","4114282","4050430011","853","QN0707"
"07/21/2015","IDNYC","IDN-Q-05","Make the Road New York","92-10 Roosevelt Ave","Queens","Spanish","N/A","Excellent","Good","Yes","Spanish","Spanish","Bilingual staff","5 minutes or less",,"11372","40.748623","-73.874487","404","21","4038783","4015500020","46902","QN0401"
"07/23/2015","DCP","DCP-S-01","Borough Office","130 Stuyvesant Place","Staten Island","Spanish","N/A","Excellent","N/A","No","None","None","Bilingual staff","5 minutes or less",,"10301","40.642907","-74.076889","501","49","5000085","5000080070","3","SI0101"
"07/23/2015","DOE","DOE-S-01","District Office","715 Ocean Terrace","Staten Island","Italian","N/A","N/A","Excellent","Yes","Chinese, Spanish, Urdu, French","Urdu, Spanish, French, Chinese","Language Line","5-10 minutes",,"10301","40.608756","-74.102344","502","50","5113169","5006830001","17701","SI0203"
"07/23/2015","DPR","DPR-S-02","Greenbelt Recreation Center","501 Brielle Ave.","Staten Island","Italian","N/A","Excellent","N/A","Yes","None","Spanish","Language Line","10-30 minutes",,"10314","40.592224","-74.13628","502","50","5107273","5019550001","27302","SI0203"
"07/23/2015","DPR","DPR-S-12","Faber Field House","2175 Richmond Terrace","Staten Island","Italian","N/A","Good","N/A","No","Spanish, Chinese","None","None",">30 minutes",,"10302","40.640265","-74.135434","501","49","5095251","5010700034","20702","SI0106"
"07/23/2015","NYCHA","NHA-S-02","Social Services","90 Lafayette Ave.","Staten Island","Italian","N/A","N/A","Excellent","Yes","None","None","Language Line","5-10 minutes",,"10301","40.642652","-74.095345","501","49","5001761","5000710001","81","SI0101"
"07/23/2015","SBS","SBS-S-03","Workforce1 Career Center","120 Stuyvesant Pl","Staten Island","Spanish","N/A","Good","N/A","Yes","None","None","Bilingual staff","5 minutes or less",,"10301","40.643264","-74.077159","501","49","5000084","5000080060","3","SI0101"
"07/23/2015","SBS","SBS-S-03","Workforce1 Career Center","120 Stuyvesant Pl","Staten Island","Italian","N/A","Poor","N/A","No","None","None","None",">30 minutes",,"10301","40.643264","-74.077159","501","49","5000084","5000080060","3","SI0101"
"08/25/2015","DOI","DOI-M-01","Complaint Bureau","80 Maiden Lane","Manhattan","Urdu","N/A","Poor","Excellent","Yes","N/A","None","Bilingual staff",">30 minutes",,"10038","40.707116","-74.007329","101","1","1001015","1000420031","7","MN0101"
"06/13/2016","IDNYC","IDN-S-01","Business Centers","350 St. Mark's Place","Staten Island","French","N/A","Good","Good","Yes","One or more languages (specific language not recorded)","One or more languages (specific language not recorded)","None","N/A",,"10301","40.640708","-74.077697","501","49","5000185","5000160054","3","SI0101"
"06/28/2016","HRA","HRA-M-12","St.Nicholas Job Center","132 W 12th St. Floor 2","Manhattan","French","Good","Poor","N/A","Yes","Spanish","Spanish","None","N/A",,"10011","40.73648","-73.998885","102","3","1088864","1006077502","71","MN0203"
"06/28/2016","HRA","HRA-M-19","East End SNAP","2322 Third Ave.","Manhattan","Spanish","N/A","Excellent","N/A","Yes","Spanish","Spanish","Lanugage Line","5 minutes or less",,"10035","40.804465","-73.93526","111","8","1054497","1017750033","242","MN1102"
"06/28/2016","HRA","HRA-M-12","St.Nicholas Job Center","132 W 12th St. Floor 2","Manhattan","Spanish","N/A","Poor","N/A","Yes","Spanish","Spanish","Bilingual staff","5 minutes or less",,"10011","40.73648","-73.998885","102","3","1088864","1006077502","71","MN0203"
"06/29/2016","HRA","HRA-Q-25","East River Job Center","1 Honeywell Ave.","Queens","Spanish","N/A","N/A","N/A","Yes","One or more languages (specific language not recorded)","No","Other","N/A",,,,,,,,,,
"06/29/2016","HRA","HRA-Q-13","Office of Child Support Enforcement Queens Borough Office","32-20 Northern Blvd.","Queens","Russian","Good",,"Excellent","Yes","None","No","Lanugage Line","10-30 minutes",,"11101","40.75197","-73.931799","401","26","4003105","4002147501","17102","QN0161"
"06/29/2016","HRA","HRA-Q-24","Queens Community Medicaid Office","45-12 32nd Place","Queens","Spanish","N/A","Good","N/A","Yes","One or more languages (specific language not recorded)","No","Bilingual staff","5 minutes or less",,"11101","40.744327","-73.932702","402","26","4003444","4002497501","17902","QN0202"
"07/05/2016","HRA","HRA-M-37","Office of Child Support Enforcement","151 West Broadway Fl. 4","Manhattan","Spanish","Excellent","Excellent","N/A","Yes","Spanish",,"Bilingual staff","5 minutes or less",,"10013","40.717242","-74.007853","101","1","1001621","1001480010","33","MN0102"
"07/05/2016","IDNYC","IDN-M-06","East Harlem Neighborhood Health Action Center","158 East 115th St","Manhattan","Spanish","Excellent","Excellent","N/A","No","None","One or more languages (specific language not recorded)","Bilingual staff","5 minutes or less",,"10029","40.797755","-73.941699","111","8","1052229","1016400147","182","MN1102"
"07/07/2016","HRA","HRA-S-02","Office of Child Support Enforcement - Richmond County","100 Richmond Terrace","Staten Island","Spanish","Excellent","N/A","Excellent","Yes","None","No","Bilingual staff","5 minutes or less",,"10301","40.644935","-74.07723","501","49","5000090","5000090022","7","SI0101"
"07/07/2016","HRA","HRA-S-02","Office of Child Support Enforcement - Richmond County","100 Richmond Terrace","Staten Island","Chinese","Good","N/A","Good","Yes","None","No","Told to return later","N/A",,"10301","40.644935","-74.07723","501","49","5000090","5000090022","7","SI0101"
"07/11/2016","IDNYC","IDN-Q-05","Make the Road New York","92-10 Roosevelt Ave","Queens","French","N/A","Excellent",,"Yes","Spanish","One or more languages (specific language not recorded)","Lanugage Line","5 minutes or less",,"11372","40.748623","-73.874487","404","21","4038783","4015500020","46902","QN0401"
"07/11/2016","IDNYC","IDN-Q-05","Make the Road New York","92-10 Roosevelt Ave","Queens","Chinese","N/A","Fair","N/A","Yes","Spanish","Spanish","None","5 minutes or less",,"11372","40.748623","-73.874487","404","21","4038783","4015500020","46902","QN0401"
"07/11/2016","IDNYC","IDN-Q-06","Flushing Branch Library - Queens Library","41-17 Main St.","Queens","French","Excellent","N/A","Good","Yes","One or more languages (specific language not recorded)","Spanish, Chinese","None","N/A",,"11355","40.757784","-73.829252","407","20","4114282","4050430011","853","QN0707"
"07/11/2016","IDNYC","IDN-Q-06","Flushing Branch Library - Queens Library","41-17 Main St.","Queens","Chinese","Excellent","N/A","Good","Yes","One or more languages (specific language not recorded)","Chinese, Spanish","Bilingual staff","5-10 minutes",,"11355","40.757784","-73.829252","407","20","4114282","4050430011","853","QN0707"
"07/11/2016","IDNYC","IDN-Q-07","Queens Central Library","89-11 Merrick Boulevard","Queens","Russian","Excellent","Excellent","Excellent","Yes","None","One or more languages (specific language not recorded)","Lanugage Line","5-10 minutes",,"11432","40.707865","-73.795295","412","27","4209635","4097980006","460","QN1201"
"07/25/2016","DOT","DOT-Q-04","Parking Operations","34-02 Queens Blvd","Queens","French","Fair","N/A","N/A","No","None","No","None","N/A",,"11101","40.744537","-73.930602","402","26","4003435","4002460001","17902","QN0202"
"07/25/2016","DOT","DOT-Q-04","Parking Operations","34-02 Queens Blvd","Queens","Chinese","Fair","N/A","N/A","No","None","No","None","N/A",,"11101","40.744537","-73.930602","402","26","4003435","4002460001","17902","QN0202"
"07/25/2016","IDNYC","IDN-Q-01","La Guardia Community College","31-10 Thomson Ave.","Queens","French","Excellent","N/A","Good","Yes","None","One or more languages (specific language not recorded)","None","N/A",,"11101","40.744902","-73.935022","402","26","4003534","4002780001","17902","QN0202"
"07/25/2016","IDNYC","IDN-Q-01","La Guardia Community College","31-10 Thomson Ave.","Queens","Chinese","Excellent","Excellent","N/A","Yes","None","Chinese","Lanugage Line","5-10 minutes",,"11101","40.744902","-73.935022","402","26","4003534","4002780001","17902","QN0202"
"07/25/2016","TLC","TLC-Q-01","Licensing Facility","31-100 47th Ave, Floor 3","Queens","French","Excellent","Excellent","Good","Yes","Spanish","No","None","N/A",,,,,,,,,,
"07/25/2016","TLC","TLC-Q-01","Licensing Facility","31-100 47th Ave, Floor 3","Queens","Chinese","Excellent","N/A","Good","Yes","Spanish","No","None","N/A",,,,,,,,,,
"07/27/2016","DCP","DCP-B-01","Borough Office","1 Fordham Plaza","Bronx","Chinese","Excellent","Excellent","N/A","Yes","One or more languages (specific language not recorded)","No","Bilingual staff","10-30 minutes",,"10458","40.860739","-73.889585","206","15","2088325","2030330053","387","BX0603"
"07/27/2016","DCP","DCP-B-01","Borough Office","1 Fordham Plaza","Bronx","French","Excellent",,"Fair","No",,"No",,,,"10458","40.860739","-73.889585","206","15","2088325","2030330053","387","BX0603"
"07/27/2016","DOE","DOE-B-01","District Office","1 Fordham Plaza","Bronx","French","Excellent","Excellent","Excellent","Yes","None","One or more languages (specific language not recorded)","Bilingual staff","5 minutes or less",,"10458","40.860739","-73.889585","206","15","2088325","2030330053","387","BX0603"
"07/27/2016","DOE","DOE-B-01","District Office","1 Fordham Plaza","Bronx","Chinese","Fair",,"N/A","Yes","One or more languages (specific language not recorded)",,,,,"10458","40.860739","-73.889585","206","15","2088325","2030330053","387","BX0603"
"07/27/2016","NYCHA","NHA-B-06","Bronx/Manhattan Customer Contact Center","478 East Fordham Road","Bronx","French","Excellent","Good",,"Yes","One or more languages (specific language not recorded)","Spanish","None","N/A",,"10458","40.86051","-73.889148","206","15","2088325","2030330053","387","BX0603"
"07/27/2016","NYCHA","NHA-B-06","Bronx/Manhattan Customer Contact Center","478 East Fordham Road","Bronx","Chinese","Excellent","Good","Excellent","Yes","Spanish, Chinese, Russian","One or more languages (specific language not recorded)","Bilingual staff",">30 minutes",,"10458","40.86051","-73.889148","206","15","2088325","2030330053","387","BX0603"
"07/27/2016","SBS","SBS-B-03","Bronx Workforce1 Career Center","400 East Fordham Road","Bronx","French","Excellent","Excellent","Excellent","Yes","None","No","Bilingual staff","5 minutes or less",,"10458","40.8609","-73.891931","206","15","2116415","2030337501","38304","BX0603"
"07/27/2016","SBS","SBS-B-03","Bronx Workforce1 Career Center","400 East Fordham Road","Bronx","Chinese","Excellent","Excellent","N/A","Yes","None","No","Lanugage Line","10-30 minutes",,"10458","40.8609","-73.891931","206","15","2116415","2030337501","38304","BX0603"
"07/28/2016","HRA","HRA-Q-03","Jamaica SNAP","165-08 88th Ave. Fl. 3","Queens","French","Excellent","Excellent","N/A","Yes","Spanish","Spanish, Creole","Bilingual staff","5 minutes or less",,"11432","40.708661","-73.796703","412","24","4210062","4098150056","460","QN1201"
"07/28/2016","HRA","HRA-Q-03","Jamaica SNAP","165-08 88th Ave. Fl. 3","Queens","Chinese","Excellent","N/A","Good","Yes","Spanish","One or more languages (specific language not recorded)","None",">30 minutes",,"11432","40.708661","-73.796703","412","24","4210062","4098150056","460","QN1201"
"07/28/2016","HRA","HRA-Q-08","Jamaica Job Center","165-08 88th Ave.","Queens","Chinese","Excellent","Good","Excellent","Yes","Spanish","No","Bilingual staff","10-30 minutes",,"11432","40.708661","-73.796703","412","24","4210062","4098150056","460","QN1201"
"07/28/2016","HRA","HRA-Q-10","Rockaway SNAP","219 Beach 59th St. Fl. 1","Queens","French","Excellent","Excellent",,"Yes","Spanish","One or more languages (specific language not recorded)","Bilingual staff","5 minutes or less",,"11692","40.592902","-73.789051","414","31","4301932","4159000008","964","QN1402"
"07/28/2016","HRA","HRA-Q-10","Rockaway SNAP","219 Beach 59th St. Fl. 1","Queens","Chinese","Excellent","Good","N/A","Yes","Spanish","Spanish","Lanugage Line","5 minutes or less",,"11692","40.592902","-73.789051","414","31","4301932","4159000008","964","QN1402"
"07/28/2016","SBS","SBS-Q-09","Workforce 1","57-17 Shore front parkway, Floor 1","Queens","French","N/A",,"N/A","No","None","No","None","N/A",,"11692","40.592116","-73.788748","414","31","4536731","4159260001","97202","QN1402"
"07/28/2016","SBS","SBS-Q-09","Workforce 1","57-17 Shore front parkway, Floor 1","Queens","Chinese","N/A","Excellent","N/A","No","None","No","Lanugage Line","10-30 minutes",,"11692","40.592116","-73.788748","414","31","4536731","4159260001","97202","QN1402"
"08/01/2016","IDNYC","IDN-Q-02","DOHMH Corona IDNYC Center","34-33 Junction Blvd.","Queens","Chinese","Good","N/A","N/A","Yes","None","Spanish","None","5 minutes or less",,"11372","40.754179","-73.872231","403","21","4042887","4017290027","37502","QN0303"
"08/01/2016","IDNYC","IDN-Q-02","DOHMH Corona IDNYC Center","34-33 Junction Blvd.","Queens","Spanish","Excellent","N/A","N/A","Yes","None","Spanish","Bilingual staff","5 minutes or less",,"11372","40.754179","-73.872231","403","21","4042887","4017290027","37502","QN0303"
"08/01/2016","NYCHA","NHA-Q-02","Queens Borough Office","90-20 170th St.","Queens","Chinese","N/A","Fair","N/A",,"None","No","None","N/A",,"11432","40.708578","-73.790579","412","27","4209721","4098020041","460","QN1201"
"08/01/2016","SBS","SBS-Q-03","Workforce1 Sector-Based Career Center","168-46 91st Ave.","Queens","Chinese","N/A","Excellent","N/A","Yes","None","No","Bilingual staff","5-10 minutes",,"11432","40.70742","-73.792169","412","27","4209641","4097990001","460","QN1201"
"08/01/2016","SBS","SBS-Q-03","Workforce1 Sector-Based Career Center","168-46 91st Ave.","Queens","Spanish","Excellent","Excellent","N/A","Yes","None",,"Bilingual staff","5 minutes or less",,"11432","40.70742","-73.792169","412","27","4209641","4097990001","460","QN1201"
"08/02/2016","IDNYC","IDN-M-01","Neighborhood Trust Federal Credit Union","1112 St. Nicholas Avenue","Manhattan","French","Excellent","Excellent","N/A","Yes","Spanish","Spanish","Lanugage Line","5 minutes or less",,"10032","40.839274","-73.939852","112","10","1062988","1021240001","251","MN1201"
"08/02/2016","IDNYC","IDN-M-01","Neighborhood Trust Federal Credit Union","1112 St. Nicholas Avenue","Manhattan","Spanish","N/A","Excellent","N/A","Yes","Spanish","Spanish","Bilingual staff","5 minutes or less",,"10032","40.839274","-73.939852","112","10","1062988","1021240001","251","MN1201"
"08/02/2016","NYPD","NYP-M-02","Tow Pound","Pier 76. W 38 & 12th Avenue","Manhattan","French","N/A","Excellent","N/A","Yes","None","No","None","N/A",,"10018","40.758493","-74.004924","104","3","1000000","1006650010","9903","MN0401"
"08/02/2016","NYPD","NYP-K-27","Tow Pound","63 Flushing Ave.","Brooklyn","Chinese","Good","Good","N/A","Yes","None","No","Lanugage Line","10-30 minutes",,"11205","40.69802","-73.974986","302","33","3335129","3020230001","543","BK0261"
"06/09/2017","CLERK","CCK-M-01","Borough Office","141 Worth St.","Manhattan","Chinese","Good","Good","Good","Yes","Chinese",,"Bilingual staff","5-10 minutes","Yes","10013","40.715093","-74.001948","101","1","1001830","1001660027","2901","MN0102"
"06/09/2017","CLERK","CCK-M-01","Borough Office","141 Worth St.","Manhattan","Arabic","Fair","Good","Good","Yes","Spanish, Chinese",,"Language Line","5-10 minutes","Yes","10013","40.715093","-74.001948","101","1","1001830","1001660027","2901","MN0102"
"06/09/2017","CLERK","CCK-M-01","Borough Office","141 Worth St.","Manhattan","Spanish","Good","Good","Good","Yes","Spanish &Chinese",,"Language Line","5 minutes or less","Yes","10013","40.715093","-74.001948","101","1","1001830","1001660027","2901","MN0102"
"06/09/2017","DCAS","CAS-M-04","City Store","1 Centre St.","Manhattan","French","N/A",,,"Yes","None",,,,"No","10007","40.713001","-74.004181","101","1","1001394","1001210001","2901","MN0102"
"06/09/2017","DCAS","CAS-M-04","City Store","1 Centre St.","Manhattan","Arabic","N/A","Fair","Fair","Yes","None",,"None","N/A","No","10007","40.713001","-74.004181","101","1","1001394","1001210001","2901","MN0102"
"06/09/2017","DOHMH","DOH-M-01","Birth/Death Certificates","125 Worth Street","Manhattan","Chinese","Good","Fair","N/A","Yes","Spanish, Chinese",,"None","N/A","No","10013","40.715428","-74.002673","101","1","1001831","1001680032","31","MN0102"
"06/09/2017","DOHMH","DOH-M-01","Birth/Death Certificates","125 Worth Street","Manhattan","French","Good","Fair","Good","Yes","Spanish",,"None","5-10 minutes","No","10013","40.715428","-74.002673","101","1","1001831","1001680032","31","MN0102"
"06/09/2017","DOHMH","DOH-M-01","Birth/Death Certificates","125 Worth Street","Manhattan","Arabic","Good","Good","Good","Yes","Spanish",,"Language Line","5-10 minutes","Yes","10013","40.715428","-74.002673","101","1","1001831","1001680032","31","MN0102"
"06/13/2017","CCRB","CRB-M-01","Civilian Complaints Against Police","100 Church St. Floor 10","Manhattan","Arabic","Good","Excellent","N/A",,"Spanish, French",,"None","N/A","Yes","10007","40.712968","-74.00949","101","1","1001409","1001250020","21","MN0102"
"06/13/2017","CCRB","CRB-M-01","Civilian Complaints Against Police","100 Church St. Floor 10","Manhattan",,"Good","Excellent","N/A","Yes","One or more languages (specific language not recorded)","Multiple languages","None","N/A","No","10007","40.712968","-74.00949","101","1","1001409","1001250020","21","MN0102"
"06/13/2017","CCRB","CRB-M-01","Civilian Complaints Against Police","100 Church St. Floor 10","Manhattan",,"Good","Excellent","N/A","Yes","One or more languages (specific language not recorded)","Multiple languages","None","N/A","Yes","10007","40.712968","-74.00949","101","1","1001409","1001250020","21","MN0102"
"06/13/2017","DOHMH","DOH-M-08","Bureau of Food Safety","125 Worth Street","Manhattan","French","N/A","Fair","Excellent","Yes","Spanish, Chinese, Russian",,"Language Line","5 minutes or less","Yes","10013","40.715428","-74.002673","101","1","1001831","1001680032","31","MN0102"
"06/13/2017","DORIS","DOR-M-01","Municipal Archives","31 Chambers Street","Manhattan","French","Good","Good","Excellent","Yes","None",,"Bilingual staff","5 minutes or less","Yes","10007","40.713402","-74.004635","101","1","1001670","1001530024","31","MN0102"
"06/13/2017","ENDGBDV","MYR-M-03","NYC Family Justice Center","80 Centre St.","Manhattan","Spanish","N/A","Fair","N/A","None","None",,"None","5 minutes or less","No","10013","40.715447","-74.00189","101","1","1001830","1001660027","2901","MN0102"
"06/13/2017","OATH","ATH-M-05","OATH Hearings Divison","100 Church street Fl. 12","Manhattan",,"N/A","Good","N/A","None","Spanish",,"None","N/A","No","10007","40.712968","-74.00949","101","1","1001409","1001250020","21","MN0102"
"06/13/2017","OATH","ATH-M-05","OATH Hearings Divison","100 Church street Fl. 12","Manhattan","French","Good","Good","Fair","None","Spanish",,"None","5-10 minutes","No","10007","40.712968","-74.00949","101","1","1001409","1001250020","21","MN0102"
"06/13/2017","OATH","ATH-M-05","OATH Hearings Divison","100 Church street Fl. 12","Manhattan",,"N/A",,,"None","Spanish",,,,,"10007","40.712968","-74.00949","101","1","1001409","1001250020","21","MN0102"
"06/14/2017","DEP","DEP-K-01","Brooklyn Borough Office","250 Livingston St.","Brooklyn","Chinese","N/A","Fair","N/A","Yes","None",,"None","N/A","No","11201","40.689033","-73.984228","302","33","3329443","3001650022","37","BK0202"
"06/14/2017","DEP","DEP-K-01","Brooklyn Borough Office","250 Livingston St.","Brooklyn","French","N/A","Fair","Good",,,,"Language Line","5-10 minutes","Yes","11201","40.689033","-73.984228","302","33","3329443","3001650022","37","BK0202"
"06/14/2017","DOHMH","DOH-K-05","Tuberculosis Clinic","295 Flatbush Ave. Extension","Brooklyn","Spanish","Good","Excellent","N/A","Yes","Spanish",,"Bilingual staff","5 minutes or less","Yes","11201","40.691986","-73.982496","302","35","3058406","3020790021","1502","BK0202"
"06/14/2017","DOHMH","DOH-K-05","Tuberculosis Clinic","295 Flatbush Ave. Extension","Brooklyn",,"Excellent",,,"Yes","Spanish",,,,,"11201","40.691986","-73.982496","302","35","3058406","3020790021","1502","BK0202"
"06/14/2017","ENDGBDV","MYR-K-01","NYC Family Justice Center","350 Jay St.","Brooklyn","Chinese","Excellent","Excellent","Excellent","Yes","Chinese, Spanish",,"Language Line","5-10 minutes","Yes","11201","40.69351","-73.987249","302","33","3000259","3001407501","11","BK0202"
"06/14/2017","ENDGBDV","MYR-K-01","NYC Family Justice Center","350 Jay St.","Brooklyn",,"Good","Good","Excellent","Yes","Spanish","Chinese, Spanish","Bilingual staff","5 minutes or less","Yes","11201","40.69351","-73.987249","302","33","3000259","3001407501","11","BK0202"
"06/15/2017","DOE","DOE-M-10","Family Welcome Center","388 W 125th St.","Manhattan","Arabic","N/A","Excellent","Excellent","Yes","Spanish",,"Language Line","5-10 minutes","Yes","10027","40.811182","-73.953594","109","9","1087468","1019510004","20901","MN0901"
"06/15/2017","DOE","DOE-M-10","Family Welcome Center","388 W 125th St.","Manhattan","Spanish","N/A","Good","Excellent","Yes","Spanish",,"Other","5 minutes or less","Yes","10027","40.811182","-73.953594","109","9","1087468","1019510004","20901","MN0901"
"06/15/2017","DOHMH","DOH-M-06","Health Academy","160 W 100th St.","Manhattan","Arabic","Excellent","Excellent","Excellent","Yes","spanish, chinese",,"Language Line","5-10 minutes","Yes","10025","40.796369","-73.967842","107","7","1055906","1018520049","185","MN0703"
"06/15/2017","DOHMH","N/A","IDNYC Center","158 E 115th St.","Manhattan","Arabic","Good","Good","Good","Yes","Spanish",,"Language Line","5-10 minutes","Yes","10029","40.797755","-73.941699","111","8","1052229","1016400147","182","MN1102"
"06/15/2017","DOHMH","DOH-M-06","Health Academy","160 W 100th St.","Manhattan","French","Good","N/A","Excellent","Yes","Spanish, Chinese",,"Bilingual staff","5 minutes or less","Yes","10025","40.796369","-73.967842","107","7","1055906","1018520049","185","MN0703"
"06/15/2017","IDNYC","IDN-M-01","Federal Credit Union","1112 St. Nicholas Ave","Manhattan","Arabic","N/A","Good","Good","None","Spanish",,"Other","5-10 minutes","Yes","10032","40.839274","-73.939852","112","10","1062988","1021240001","251","MN1201"
"06/15/2017","IDNYC","IDN-M-01","Federal Credit Union","1112 St. Nicholas Ave","Manhattan","Chinese","N/A","Good","N/A","None","One or more languages (specific language not recorded)",,"Other","N/A","Yes","10032","40.839274","-73.939852","112","10","1062988","1021240001","251","MN1201"
"06/15/2017","IDNYC","IDN-M-03","IDNYC Center","158 E 115th St.","Manhattan","Spanish","N/A","Fair","Fair","None","Spanish","Spanish","Bilingual staff","5-10 minutes","No","10029","40.797755","-73.941699","111","8","1052229","1016400147","182","MN1102"
"06/15/2017","IDNYC","IDN-M-01","Federal Credit Union","1112 St. Nicholas Ave","Manhattan","French","N/A","Good","Excellent","None",,,"Told to find a bilingual person in waiting area","5-10 minutes","Yes","10032","40.839274","-73.939852","112","10","1062988","1021240001","251","MN1201"
"06/15/2017","SBS","SBS-M-02","Workforce1 Career Center","215 W 125th St.","Manhattan","French","Good","Good","Excellent","Yes","Spanish",,"Other","5 minutes or less","Yes","10027","40.809259","-73.948979","110","9","1058659","1019310021","222","MN1001"
"06/15/2017","SBS","SBS-M-02","Workforce1 Career Center","215 W 125th St.","Manhattan","Arabic","Good","Good","Good","Yes","Spanish",,"None","10-30 minutes","No","10027","40.809259","-73.948979","110","9","1058659","1019310021","222","MN1001"
"06/16/2017","CCHR","CHR-K-01","NYC Human Rights Community Service Center","275 Livingston St.","Brooklyn","Arabic","Good","Good","Good","Yes","Spanish","Spanish","Bilingual staff","5-10 minutes","Yes","11217","40.68839","-73.982512","302","33","3000000","3001610003","37","BK0202"
"06/16/2017","CLERK","CCK-K-01","Borough Office","210 Joralemon St.","Brooklyn","French","N/A","Good","Good","None","None",,"Bilingual staff","5-10 minutes","Yes","11201","40.692459","-73.990491","302","33","3002558","3002667501","9","BK0201"
"06/16/2017","CLERK","CCK-K-01","Borough Office","210 Joralemon St.","Brooklyn","Arabic","N/A","Good","Good","Yes","None",,"Language Line","5-10 minutes","Yes","11201","40.692459","-73.990491","302","33","3002558","3002667501","9","BK0201"
"06/16/2017","DCP","DCP-K-01","Brooklyn Borough Office","16 Court St. - 7th Floor","Brooklyn","French","Good","Good","N/A","Yes","None",,"Bilingual staff","5 minutes or less","Yes",,,,,,,,,
"06/16/2017","DCP","DCP-K-01","Brooklyn Borough Office","16 Court St. - 7th Floor","Brooklyn","Arabic","N/A","Excellent","Good","Yes","None",,"Language Line","5-10 minutes","Yes",,,,,,,,,
"06/16/2017","DOF","DOF-K-01","Brooklyn Business Center","210 Joralemon St.","Brooklyn","Spanish","Good","Fair","Good","Yes","None",,"None","5-10 minutes","No","11201","40.692459","-73.990491","302","33","3002558","3002667501","9","BK0201"
"06/16/2017","DOF","DOF-K-01","Brooklyn Business Center","210 Joralemon St.","Brooklyn","Arabic","Good","Fair","Good","Yes","Chinese, Spanish, Russian, Arabic",,"Language Line","10-30 minutes","No","11201","40.692459","-73.990491","302","33","3002558","3002667501","9","BK0201"
"06/16/2017","DOT","DOT-K-01","Brooklyn Permit Office","16 Court St. Floor 15","Brooklyn","Spanish","N/A","Good","N/A",,"Spanish, Chinese, Korean, Russian, Hindi",,"Bilingual staff","10-30 minutes","No","11241","40.693445","-73.990577","302","33","3002108","3002500044","9","BK0201"
"06/16/2017","DOT","DOT-K-01","Brooklyn Permit Office","16 Court St. Floor 15","Brooklyn","Arabic","Good","Good","Good","Yes","Arabic, Russian, Chinese",,"Language Line","10-30 minutes","Yes","11241","40.693445","-73.990577","302","33","3002108","3002500044","9","BK0201"
"06/16/2017","HPD","HPD-K-02","Code Enforcement Services","210 Joralemon St. - Room 804","Brooklyn","Spanish","Good","Excellent","N/A","Yes","Mandarin, Korean, Spanish, Russian, Polish, French, Arabic, Hebrew, Hindi, Portuguese",,"Bilingual staff","5 minutes or less","Yes",,,,,,,,,
"06/16/2017","HPD","HPD-K-02","Code Enforcement Services","210 Joralemon St. - Room 804","Brooklyn","Arabic","N/A","Good","N/A","Yes","Spanish, Chinese and Arabic",,"Language Line","5-10 minutes","Yes",,,,,,,,,
"06/16/2017","IDNYC","IDN-K-01","Brooklyn Business Center","210 Joralemon St.","Brooklyn","Arabic","Good","Good","Good","None","None",,"Language Line","5-10 minutes","Yes","11201","40.692459","-73.990491","302","33","3002558","3002667501","9","BK0201"
"06/16/2017","IDNYC","IDN-K-01","Brooklyn Business Center","210 Joralemon St.","Brooklyn","Arabic","Good","Good","Good",,,,,,,"11201","40.692459","-73.990491","302","33","3002558","3002667501","9","BK0201"
"06/16/2017","SBS","SBS-K-02","Workforce 1 Career Center","9 Bond St.","Brooklyn",,"N/A","Fair","Good","None","Spanish",,"Other","5-10 minutes","Yes","11201","40.689376","-73.983164","302","33","3329441","3001600007","37","BK0202"
"06/16/2017","SBS","SBS-K-02","Workforce 1 Career Center","9 Bond St.","Brooklyn","Arabic","Good","Good","Good","Yes","Spanish",,"Language Line","10-30 minutes","Yes","11201","40.689376","-73.983164","302","33","3329441","3001600007","37","BK0202"
"06/19/2017","DCWP","DCA-M-01","Licensing Unit","42 Broadway Floor 1","Manhattan","Chinese","N/A","Excellent","Excellent","Yes","One or more languages (specific language not recorded)",,"Language Line","10-30 minutes","Yes","10004","40.70627","-74.012909","101","1","1000812","1000220020","9","MN0101"
"06/19/2017","DCWP","DCA-M-05","Paid Sick Leave","42 Broadway","Manhattan","Arabic","N/A","Good",,"Yes","Spanish, French",,,,,"10004","40.70627","-74.012909","101","1","1000812","1000220020","9","MN0101"
"06/19/2017","DCWP","DCA-M-02","Consumer Services","42 Broadway","Manhattan","Spanish","Good","Good","N/A","Yes","Spanish and Arabic","Spanish and French","Bilingual staff","5-10 minutes","No","10004","40.70627","-74.012909","101","1","1000812","1000220020","9","MN0101"
"06/19/2017","DOHMH","DOH-M-14","Early Intervention Office","42 Broadway - 16th Floor","Manhattan","French","Good","Good","Excellent","Yes","Spanish, French",,"Bilingual staff","5 minutes or less","Yes",,,,,,,,,
"06/20/2017","DOB","DOB-M-09","Licensing Unit","280 Broadway","Manhattan","Spanish","Good","N/A","Good",,"None",,"Bilingual staff","5-10 minutes","Yes","10007","40.714417","-74.006089","101","1","1079215","1001530001","31","MN0102"
"06/20/2017","DOB","DOB-M-09","Licensing Unit","280 Broadway","Manhattan","Arabic","Excellent","Fair","Fair","Yes","None",,"Language Line","5-10 minutes","Yes","10007","40.714417","-74.006089","101","1","1079215","1001530001","31","MN0102"
"06/20/2017","DOB","DOB-M-09","Licensing Unit","280 Broadway","Manhattan","Chinese","Good","Fair","N/A",,"None",,"None",,"No","10007","40.714417","-74.006089","101","1","1079215","1001530001","31","MN0102"
"06/20/2017","DOF","DOF-M-03","Staten Island Business Center","350 St. Marks Pl","Manhattan","Arabic","Good","Good","Good","Yes","None",,"None","10-30 minutes","No",,,,,,,,,
"06/20/2017","DOI","DOI-M-03","Fingerprinting","80 Maiden Lane","Manhattan","Arabic","Good","Good","Good","Yes","None",,"None","10-30 minutes","Yes","10038","40.707116","-74.007329","101","1","1001015","1000420031","7","MN0101"
"06/20/2017","DOI","DOI-M-01","Complaint Bureau","80 Maiden Lane","Manhattan","Chinese","Good","Poor","Excellent","Yes","None",,"Bilingual staff","10-30 minutes","Yes","10038","40.707116","-74.007329","101","1","1001015","1000420031","7","MN0101"
"06/20/2017","DOT","DOT-M-01","Manhattan Permit office","55 Water St.","Manhattan","French","Good","Good","Good","Yes","Italian, Chinese, Spanish, Bengali, Polish, Russian, Arabic",,"Language Line","5-10 minutes","Yes","10041","40.703608","-74.009691","101","1","1083346","1000327501","9","MN0101"
"06/21/2017","CCHR","CHR-M-03","NYC Human Rights Community Service Center","22 Reade St","Manhattan","Arabic","Good","Good","Excellent","Yes","Korean, Spanish, Russian","Korean, Spanish, Russian","Bilingual staff","5-10 minutes","Yes","10007","40.714231","-74.004895","101","1","1078613","1001540023","31","MN0102"
"06/21/2017","CCHR","CHR-M-03","NYC Human Rights Community Service Center","22 Reade St","Manhattan","Arabic","Good","Good","Excellent","Yes","Korean, Spanish, Russian","Korean, Spanish, Russian","Language Line","10-30 minutes","Yes","10007","40.714231","-74.004895","101","1","1078613","1001540023","31","MN0102"
"06/21/2017","CCHR","CHR-M-03","NYC Human Rights Community Service Center","22 Reade St","Manhattan","Mandarin","Excellent",,,"Yes","Spanish","Korean, Spanish, Russian",,,,"10007","40.714231","-74.004895","101","1","1078613","1001540023","31","MN0102"
"06/21/2017","DCP","DCP-M-03","Borough Office","120 Broadway","Manhattan",,"Fair",,,"Yes",,,,,,"10271","40.708546","-74.011041","101","1","1001026","1000477501","7","MN0101"
"06/21/2017","DOF","DOF-M-04","City Register","66 John St.","Manhattan","Arabic","Good","Good","Fair","Yes","Bengali, Spanish, Korean",,"Language Line","5-10 minutes","Yes","10038","40.708933","-74.007614","101","1","1079043","1000670001","1502","MN0101"
"06/21/2017","OATH","ATH-M-02","OATH Hearings Divison","66 John St. Floor 10","Manhattan","Arabic","Good","Good","Good","None","Arabic, Chinese, Spanish",,"Language Line","5-10 minutes","Yes","10038","40.708933","-74.007614","101","1","1079043","1000670001","1502","MN0101"
"06/23/2017","HRA","HRA-M-10","Waverly SNAP","12 W 14th St. Fl. 4","Manhattan","Arabic","Good","Fair","Fair","Yes","None",,"Language Line","5-10 minutes","Yes","10011","40.736301","-73.994342","102","2","1009716","1005770034","63","MN0202"
"06/23/2017","HRA","HRA-M-02","Union Square Job Center","109 East 16th St. Fl. 1","Manhattan","Arabic","Good","N/A","Fair","Yes","Spanish, Arabic, Chinese, Korean",,"Other","N/A","No","10003","40.735681","-73.988713","105","2","1017821","1008720013","50","MN0602"
"06/23/2017","HRA","HRA-M-10","Waverly SNAP","12 W 14th St. Fl. 4","Manhattan","Chinese","Fair",,,"Yes","Spanish","Spanish, Arabic, Chinese and Korean",,,,"10011","40.736301","-73.994342","102","2","1009716","1005770034","63","MN0202"
"06/23/2017","HRA","HRA-M-02","Union Square Job Center","109 East 16th St. Fl. 1","Manhattan","Chinese","Excellent","Good","N/A","Yes","Spanish","Spanish, Arabic, Chinese and Korean","Language Line","5 minutes or less","Yes","10003","40.735681","-73.988713","105","2","1017821","1008720013","50","MN0602"
"06/23/2017","HRA","HRA-M-06","Chinatown Medicaid Office","115 Chrystie St. Fl. 5","Manhattan","Chinese","N/A","Good","Poor","Yes","Traditional Chinese",,"Other","10-30 minutes","Yes","10002","40.718647","-73.993586","103","1","1005645","1004230022","18","MN0302"
"06/23/2017","NYCHA","NHA-M-06","Social Services","45 Allen St.","Manhattan",,"N/A","Fair",,"None","Spanish, Chinese","Spanish, Chinese","None","N/A","No","10002","40.716605","-73.991714","103","1","1075792","1003070001","16","MN0301"
"06/23/2017","NYCHA","NHA-M-06","Social Services","45 Allen St.","Manhattan","Chinese","N/A","Poor",,"None","Spanish, Chinese","Spanish, Chinese",,,,"10002","40.716605","-73.991714","103","1","1075792","1003070001","16","MN0301"
"06/26/2017","CCHR","CHR-K-01","NYC Human Rights Community Service Center","25 Chapel St","Brooklyn","Arabic","Good","Good","Good","Yes","None",,"Language Line","5-10 minutes","Yes","11201","40.697254","-73.986015","302","33","3335884","3001180006","13","BK0202"
"06/26/2017","HRA","HRA-K-07","Burial Claims Unit","25 Chapel St. Fl. 6","Brooklyn","Arabic","Good","Fair","Good","Yes","None",,"Language Line","5-10 minutes","Yes","11201","40.697254","-73.986015","302","33","3335884","3001180006","13","BK0202"
"06/26/2017","HRA","HRA-K-36","Michael J. Handy  Veteran Job Center","25 Chapel St. Fl. 6","Brooklyn","Arabic","Good","Good","Fair","Yes","None",,"Language Line","5-10 minutes","Yes","11201","40.697254","-73.986015","302","33","3335884","3001180006","13","BK0202"
"06/27/2017","DPR","DPR-M-19","Arsenal Permit Office at The Arsenal","830 Fifth Ave.","Manhattan","Arabic","N/A","Fair","Good","Yes","None",,"Bilingual staff","10-30 minutes","Yes","10065","40.767711","-73.970516","164","6","1083811","1011110001","143","MN6491"
"06/27/2017","DPR","DPR-M-09","Recreation Center 54","348 E 54th St.","Manhattan",,"N/A","Good","Fair","Yes","None",,"None","N/A","No","10022","40.756882","-73.965536","106","4","1039840","1013460032","98","MN0604"
"06/27/2017","IDNYC","IDN-M-02","New York Public Library","455 5th ave","Manhattan","Arabic","N/A","Good","Good","Yes","Spanish, Arabic, Chinese, French",,"Language Line","5-10 minutes","Yes","10016","40.752003","-73.981954","105","4","1017602","1008690074","82","MN0502"
"06/28/2017","DOE","DOE-K-16","Student Enrollment","29 Fort Greene place","Brooklyn","Arabic","Good","Good","Good",,"Spanish, Arabic, Russian, French, Russian and Hindi",,"Language Line","5-10 minutes","Yes","11217","40.688834","-73.976905","302","35","3058752","3020980013","33","BK0203"
"06/28/2017","HRA","HRA-K-39","Brooklyn South Medicaid Office","785 Atlantic Avenue","Brooklyn","Arabic","Good","Good","Fair","Yes","Spanish, Arabic, Chinese, French, Russian",,"None","N/A","No","11238","40.681962","-73.968434","302","35","3335094","3020090001","199","BK0204"
"06/28/2017","NYCHA","NHA-K-09","Brooklyn/Staten Island Customer Contact Center","787 Atlantic Ave.","Brooklyn","Arabic","Good","Good","Good","Yes","Spanish","None","Bilingual staff","10-30 minutes","Yes","11238","40.681945","-73.968351","302","35","3335094","3020090001","199","BK0204"
"07/03/2017","CLERK","CCK-S-01","Borough Office","10 Richmond Terrace","Staten Island","Chinese","Excellent","N/A","Excellent","None","None",,"Bilingual staff","10-30 minutes","Yes","10301","40.642367","-74.075274","501","49","5000063","5000070001","3","SI0101"
"07/03/2017","CLERK","CCK-S-01","Borough Office","10 Richmond Terrace","Staten Island",,"Fair","Good",,,,,,,,"10301","40.642367","-74.075274","501","49","5000063","5000070001","3","SI0101"
"07/03/2017","DEP","DEP-S-01","Staten Island Borough Office","60 Bay St","Staten Island","Arabic","Good","Good","Fair","Yes","None",,"Language Line","10-30 minutes","Yes","10301","40.640558","-74.07569","501","49","5000025","5000050051","3","SI0101"
"07/03/2017","DEP","DEP-S-01","Staten Island Borough Office","60 Bay St","Staten Island","Arabic","Good","Good","Fair","Yes",,,,,,"10301","40.640558","-74.07569","501","49","5000025","5000050051","3","SI0101"
"07/03/2017","DOF","DOF-S-01","Staten Island Business Center","350 St. Marks Pl","Staten Island","Arabic","N/A","Good","Good","Yes","Spanish, Chinese",,"Language Line","5-10 minutes","Yes","10301","40.640708","-74.077697","501","49","5000185","5000160054","3","SI0101"
"07/03/2017","DOF","DOF-S-01","Staten Island Business Center","350 St. Marks Pl","Staten Island",,"N/A","Good",,"Yes","Spanish, Japanese, Korean",,,,,"10301","40.640708","-74.077697","501","49","5000185","5000160054","3","SI0101"
"07/03/2017","HRA","HRA-S-02","Office of Child Support Enforcement - Richmond County","100 Richmond Terrace","Staten Island","Arabic","Good","Good","Good","Yes","Spanish, Korean",,"Language Line","5-10 minutes","Yes","10301","40.644935","-74.07723","501","49","5000090","5000090022","7","SI0101"
"07/03/2017","HRA","HRA-S-02","Office of Child Support Enforcement - Richmond County","100 Richmond Terrace","Staten Island",,"Fair","Good",,,"Korean, Arabic, Spanish",,,,"Yes","10301","40.644935","-74.07723","501","49","5000090","5000090022","7","SI0101"
"07/03/2017","HRA","HRA-S-02","Office of Child Support Enforcement - Richmond County","100 Richmond Terrace","Staten Island",,"Fair",,,"Yes","Spanish, Korean",,,,"Yes","10301","40.644935","-74.07723","501","49","5000090","5000090022","7","SI0101"
"07/03/2017","IDNYC","IDN-S-01","Business Center","350 St. Marks Pl","Staten Island","Chinese","N/A","Excellent","Excellent",,"Chinese, Spanish, Japanese, Korean",,"Bilingual staff","5 minutes or less","Yes","10301","40.640708","-74.077697","501","49","5000185","5000160054","3","SI0101"
"07/03/2017","IDNYC","IDN-S-01","Buisiness Centers","350 St. Marks Pl","Staten Island","Arabic","N/A","Good","Excellent",,"Spanish, Japanese, Korean",,,,,"10301","40.640708","-74.077697","501","49","5000185","5000160054","3","SI0101"
"07/05/2017","ENDGBDV","MYR-Q-02","NYC Family Justice Center","126-02 82nd Ave.","Queens","Chinese","Excellent","Excellent","N/A","Yes","Various","Chinese","N/A","5 minutes or less","No","11415","40.713732","-73.826122","409","29","4458616","4096570001","21601","QN0901"
"07/05/2017","DOB","DOB-Q-01","Queens Borough Office","120-55 Queens Boulevard","Queens","Arabic","Excellent","Good","Good","Yes","None",,"Language Line","10-30 minutes","Yes","11415","40.713329","-73.828601","409","29","4052812","4022740002","21601","QN0901"
"07/05/2017","ENDGBDV","MYR-Q-02","NYC Family Justice Center","126-02 82nd Ave.","Queens","Chinese","Excellent","Excellent","N/A","None","Chinese",,"Language Line","5 minutes or less","Yes","11415","40.713732","-73.826122","409","29","4458616","4096570001","21601","QN0901"
"07/05/2017","HPD","HPD-Q-02","Code Enforcement Services","120-55 Queens Blvd.","Queens","Chinese","Good","Excellent","N/A","Yes","Spanish",,"Language Line","10-30 minutes","Yes","11415","40.713329","-73.828601","409","29","4052812","4022740002","21601","QN0901"
"07/06/2017","DEP","DEP-B-01","Bronx Borough Office","1932 Arthur Avenue","Bronx","Hindi","Fair","Excellent","Excellent","Yes","Chinese, Spanish",,"Language Line","10-30 minutes","Yes","10457","40.845685","-73.893294","206","15","2009911","2029470018","36901","BX0602"
"07/06/2017","DOB","DOB-B-01","Bronx Borough Office","1932 Arthur Ave","Bronx","Arabic","Excellent","Good","Good",,"None",,"Bilingual staff","5-10 minutes","Yes","10457","40.845685","-73.893294","206","15","2009911","2029470018","36901","BX0602"
"07/06/2017","DOHMH","DOH-B-05","Tremont Health Center","1826 Arthur Ave","Bronx","Arabic","Good","Good","Good","Yes",,,,,,"10457","40.844083","-73.894482","206","15","2009891","2029450018","36901","BX0602"
"07/06/2017","HRA","HRA-B-08","Crotona Job Center","1910 Monterey Ave. Fl. 1","Bronx","Arabic","Good","Good","Fair","Yes","None",,"Language Line","5-10 minutes","Yes","10457","40.846932","-73.895099","206","15","2011826","2030600032","37504","BX0602"
"07/06/2017","HRA","HRA-B-07","Crotona SNAP","1910 Monterey Ave. 5th Fl.","Bronx","Bengali","Poor","Fair","Fair","Yes","Spanish",,"Language Line","10-30 minutes","Yes","10457","40.846932","-73.895099","206","15","2011826","2030600032","37504","BX0602"
"07/06/2017","HRA","HRA-B-07","Crotona SNAP","1910 Monterey Ave. 5th Fl.","Bronx","Bengali","Good",,,"Yes","Spanish, Chinese and Arabic","Spanish",,,,"10457","40.846932","-73.895099","206","15","2011826","2030600032","37504","BX0602"
"07/07/2017","HRA","HRA-K-26","North Brooklyn SNAP","500 Dekalb Ave.","Brooklyn","Bengali","Good","Fair","Fair","Yes","Hindi, Urdu, Arabic",,"Language Line","> 30 minutes","Yes","11205","40.690758","-73.956635","303","36","3055395","3019410020","233","BK0301"
"07/07/2017","HRA","HRA-K-27","Dekalb Job Center","500 Dekalb Ave.","Brooklyn","Arabic","Good","Fair","Fair","Yes","None",,"None","> 30 minutes","No","11205","40.690758","-73.956635","303","36","3055395","3019410020","233","BK0301"
"07/10/2017","DOE","DOE-B-01","District Office","1 Fordham Plaza","Bronx","Bengali","Good","Good","N/A","Yes","Spanish",,"Told to bring someone to translate","N/A","No","10458","40.860739","-73.889585","206","15","2088325","2030330053","387","BX0603"
"07/10/2017","NYCHA","NHA-B-06","Bronx/Manhattan Customer Contact Center","478 East Fordham Road","Bronx","Bengali","Good","Fair","Good","Yes","Spanish","Spanish","None","N/A",,"10458","40.86051","-73.889148","206","15","2088325","2030330053","387","BX0603"
"07/10/2017","SBS","SBS-B-01","Workforce1 Career Center","1029 E 163rd St Floor 3","Bronx","Chinese","Fair","Excellent","N/A","None","Spanish",,"Bilingual staff","5-10 minutes","Yes","10459","40.820992","-73.891801","202","17","2005788","2027240190","159","BX0202"
"07/12/2017","DOE","DOE-K-13","District Office","797 Bushwick Ave","Brooklyn","Arabic","Good","Good","Excellent","Yes","None",,"Other","5-10 minutes","Yes","11221","40.695056","-73.92814","304","34","3073761","3032420001","393","BK0401"
"07/12/2017","DOE","DOE-K-13","District Office","797 Bushwick Ave","Brooklyn",,"Excellent","Excellent","Excellent","Yes","Spanish",,"Other","N/A","Yes","11221","40.695056","-73.92814","304","34","3073761","3032420001","393","BK0401"
"07/12/2017","DPR","DPR-K-06","Herbert Von King Cultural Arts Recreation Center","670 Lafayette Ave","Brooklyn","N/A","N/A","N/A","N/A","Yes","N/A","N/A","N/A","N/A","N/A","11216","40.690394","-73.946769","303","36","3049973","3017900001","263","BK0301"
"07/12/2017","HRA","HRA-K-14","Williamsburg SNAP","30 Thornton St.","Brooklyn","Bengali","Good","Fair","Good","Yes","Spanish, Japanese, Arabic",,"Language Line","5-10 minutes","Yes","11206","40.701103","-73.94354","301","33","3061504","3022760012","507","BK0103"
"07/12/2017","HRA","HRA-K-15","Bushwick Job Center","30 Thornton St.","Brooklyn","Arabic","Good","Good","Good","Yes","Spanish, Korean, Arabic",,"Other","5-10 minutes","Yes","11206","40.701103","-73.94354","301","33","3061504","3022760012","507","BK0103"
"07/13/2017","CLERK","CCK-B-01","Borough Office","851 Grand Concourse","Bronx","Chinese","Fair","Excellent","N/A","Yes","None",,"Bilingual staff","5 minutes or less","Yes","10451","40.826048","-73.923102","204","16","2002869","2024680001","6301","BX0401"
"07/13/2017","CLERK","CCK-B-01","Borough Office","851 Grand Concourse","Bronx","Chinese","Fair",,"N/A","None","None",,"Bilingual staff","5 minutes or less","Yes","10451","40.826048","-73.923102","204","16","2002869","2024680001","6301","BX0401"
"07/13/2017","DHS","DHS-B-02","PATH Families Intake","151 E 151st St","Bronx",,"Fair","Good",,"Yes","None",,,,,"10451","40.821239","-73.927563","204","8","2117641","2023530057","6301","BX0401"
"07/13/2017","ENDGBDV","MYR-B-01","NYC Family Justice Center","198 East 161 St.","Bronx","Hindi","Good","Excellent","Excellent","Yes","Spanish",,"Language Line","5 minutes or less","Yes","10451","40.826354","-73.921024","204","16","2099027","2024430094","61","BX0401"
"07/13/2017","HRA","HRA-B-18","Rider Job Center","300 Canal Pl. Fl. 1","Bronx","Arabic","Good","Fair","Good","Yes","Arabic, Chinese, Spanish",,"Language Line","5-10 minutes","Yes","10451","40.813153","-73.927579","201","8","2000978","2023400072","51","BX0101"
"07/13/2017","HRA","HRA-B-10","Lincoln Hospital Medicaid Office","234 E 149th St. Basement Rm. B-75","Bronx","Arabic","Good","Good","Fair","Yes","Spanish",,"Language Line","5-10 minutes","Yes","10451","40.81774","-73.924156","201","17","2097050","2023350016","65","BX0102"
"07/13/2017","IDNYC","IDN-B-O1","Lincoln Medical Center","234 E 149th","Bronx","Arabic","Good","Good","Good","Yes","Chinese, Spanish, Korean",,"Language Line","5-10 minutes","Yes",,,,,,,,,
"07/13/2017","IDNYC","IDN-B-O1","Lincoln Medical Center","234 E 149th","Bronx","Arabic","Good","Good","Good","Yes","Chinese, Spanish, Korean",,"Language Line","5-10 minutes","Yes",,,,,,,,,
"07/19/2017","DCWP","DCA-M-04","Adjudications Unit","66 John St","Manhattan","Arabic","Good","Good","Good","Yes","None",,"Bilingual staff","5-10 minutes","Yes","10038","40.708933","-74.007614","101","1","1079043","1000670001","1502","MN0101"
"07/24/2017","BIC","BIC-M-01","Licensing Unit","100 Church St. Fl. 20","Manhattan","Hindi","Good",,,"Yes","Spanish, Chinese, Korean",,"Bilingual staff","5-10 minutes",,"10007","40.712968","-74.00949","101","1","1001409","1001250020","21","MN0102"
"07/24/2017","BIC","BIC-M-01","Licensing Unit","100 Church St. Fl. 20","Manhattan",,"Good",,,"Yes","Spanish, Chinese, Korean",,,,,"10007","40.712968","-74.00949","101","1","1001409","1001250020","21","MN0102"
"07/24/2017","DOT","DOT-Q-02","Parking Operations","34-02 Queens Blvd","Queens",,"Good",,,"Yes","None","None",,,,"11101","40.744537","-73.930602","402","26","4003435","4002460001","17902","QN0202"
"07/25/2017","DFTA","DFA-M-02","Senior Employment Services","2 Lafayette St. Floor 6","Manhattan","Chinese","Good","Excellent","N/A","Yes","Chinese, Vietnamese, Spanish",,"Bilingual staff","5 minutes or less","Yes","10007","40.713723","-74.003586","101","1","1001672","1001550001","31","MN0102"
"07/25/2017","HRA","HRA-M-37","Office of Child Support Enforcement","151 West Broadway Fl. 4","Manhattan",,"Good",,,"Yes","None",,,,,"10013","40.717242","-74.007853","101","1","1001621","1001480010","33","MN0102"
"07/27/2017","HRA","HRA-Q-08","Jamaica Job Center","165-08 88th Ave.","Queens","Arabic","Excellent","Excellent","Excellent","Yes","Spanish, Arabic, French, Chinese, Korean",,"Other",,,"11432","40.708661","-73.796703","412","24","4210062","4098150056","460","QN1201"
"07/27/2017","HRA","HRA-Q-03","Jamaica SNAP","165-08 88th Ave. Fl. 3","Queens","Bengali","Excellent","Excellent","Excellent","Yes",,,,"None",,"11432","40.708661","-73.796703","412","24","4210062","4098150056","460","QN1201"
"07/31/2017","DCWP","DCA-M-01","Licensing Unit","90-15 Sutphin Blvd","Queens",,"N/A","Poor","N/A",,"Spanish, Korean",,"None","N/A","Yes","11435","40.702571","-73.808241","412","27","4206784","4096770007","240","QN1201"
"07/31/2017","DOE","DOE-Q-04","Student Enrollment","90-27 Sutphin Blvd Floor 1","Queens","Bengali","N/A","Good","Good","Yes","Spanish, Korean",,"None","N/A","No","11435","40.70234","-73.808148","412","27","4206784","4096770007","240","QN1201"
"07/31/2017","DOHMH","DOH-Q-08","Sexual Health Services","90-37 Parsons Blvd","Queens","Chinese","Good","Fair","Good","Yes","Spanish",,"Language Line","10-30 minutes","Yes","11432","40.703826","-73.800483","412","27","4208836","4097560006","44601","QN1201"
"07/31/2017","DOHMH","DOH-Q-10","Queens Early Intervention Office","90-27 Parsons Blvd","Queens","Bengali","Excellent","Good","Fair","Yes","Spanish",,"None","10-30 minutes","Yes","11432","40.704136","-73.80067","412","27","4595378","4097560006","44601","QN1201"
"08/02/2017","DOHMH","DOH-M-05","Manhattanville Sexual Health Clinic","21 Old Broadway","Manhattan","Arabic","Good","Good","Good","Yes","Spanish, Chinese, French",,"Language Line","10-30 minutes","Yes","10027","40.815573","-73.956864","109","7","1059720","1019830003","219","MN0902"
"08/02/2017","HPD","HPD-M-05","Code Enforcement Services","94 Old Broadway","Manhattan","Chinese","N/A","Good","Good","Yes","Spanish, Chinese",,"Language Line","10-30 minutes","Yes","10027","40.818149","-73.955396","109","7","1059727","1019860065","219","MN0902"
"08/02/2017","NYPD","NYP-M-02","Tow Pound","Pier 76. W 38 & 12th Avenue","Manhattan","Chinese","Good","Poor","Good","None","None",,"Other","5-10 minutes","Yes","10018","40.758493","-74.004924","104","3","1000000","1006650010","9903","MN0401"
"06/21/2018","CLERK","CCK-M-01","Borough Office","141 Worth St.","Manhattan","Chinese","N/A","Good","Excellent","No","None","Chinese, Korean, Spanish","Bilingual staff","5 minutes or less","Yes","10013","40.715093","-74.001948","101","1","1001830","1001660027","2901","MN0102"
"06/21/2018","CLERK","CCK-M-01","Borough Office","141 Worth St.","Manhattan","Observation only","N/A",,"Good","No","None","Chinese, Korean, Spanish","Bilingual staff",,,"10013","40.715093","-74.001948","101","1","1001830","1001660027","2901","MN0102"
"06/21/2018","DCAS","CAS-M-04","City Store","1 Centre St.","Manhattan","Korean","N/A",,"Good","Yes","None",,"None","N/A","No","10007","40.713001","-74.004181","101","1","1001394","1001210001","2901","MN0102"
"06/21/2018","DCAS","CAS-M-05","City Store","141 Worth Street","Manhattan","Spanish","N/A","N/A","Fair","No","None",,"Other","5-10 minutes","Yes","10013","40.715093","-74.001948","101","1","1001830","1001660027","2901","MN0102"
"06/21/2018","DOHMH","DOH-M-01","Birth/Death Certificates","125 Worth Street","Manhattan","Korean","N/A",,"Good",,"None",,"Language Line","5 minutes or less","Yes","10013","40.715428","-74.002673","101","1","1001831","1001680032","31","MN0102"
"06/24/2018","DOE","DOE-Q-04","Student Enrollment","90-27 Sutphin Blvd Floor 1","Queens","Korean","Excellent","Fair","N/A","Yes","Spanish, Chinese, Korean, Hindi, Arabic","One or more languages (specific language not recorded)","None","N/A","No","11435","40.70234","-73.808148","412","27","4206784","4096770007","240","QN1201"
"07/10/2018","DCWP","DCA-M-01","Licensing Unit","42 Broadway Floor 1","Manhattan","ASL","Excellent","Fair","Poor","Yes","Spanish","Spanish","Other","N/A","Yes","10004","40.70627","-74.012909","101","1","1000812","1000220020","9","MN0101"
"07/10/2018","DCWP","DCA-M-02","Consumer Services","42 Broadway, floor 9","Manhattan","ASL","N/A","Excellent","N/A","Yes","Spanish","Spanish, Korean, Italian, Traditional Chinese, Haitan Creole, Arabic, Russian, Hindi, Bengali","None","N/A","Yes","10004","40.70627","-74.012909","101","1","1000812","1000220020","9","MN0101"
"07/10/2018","DCWP","DCA-M-03","Licensing unit","42 Broadway, floor 5","Manhattan","ASL","N/A","Good","Good","Yes","Spanish","Spanish, Korean, Italian, Traditional Chinese, Haitan Creole, Arabic, Russian, Hindi, Bengali","None","N/A","Yes","10004","40.70627","-74.012909","101","1","1000812","1000220020","9","MN0101"
"07/10/2018","DOHMH","DOH-M-14","Manhattan Early Intervention Office","42 Broadway Suite 1611","Manhattan","ASL","N/A","Good","Good","Yes","Spanish",,"Other","N/A","Yes","10004","40.70627","-74.012909","101","1","1000812","1000220020","9","MN0101"
"07/11/2018","DOHMH","DOH-M-15","Early Intervention Office","43 Broadway, Suite 1611","Manhattan","Observation only","N/A","Good","Good","Yes","Spanish","Spanish",,,,"10006","40.706347","-74.012869","101","1","1000804","1000200009","13","MN0101"
"07/16/2018","DOHMH","DOH-K-04","Brooklyn Early Intervention Office","16 Court St. Floor 6","Brooklyn","Chinese","Good","Good","Poor","Yes","Spanish",,"Told to return later","10-30 minutes","No","11241","40.693445","-73.990577","302","33","3002108","3002500044","9","BK0201"
"07/16/2018","DOHMH","DOH-K-05","Tuberculosis Clinic","295 Flatbush Avenue Extention","Brooklyn","ASL","Good","Good","Fair","No","None","n/a","Told to bring someone to interpret","N/A","No","11217","40.679035","-73.973786","308","35","3028334","3011500006","161","BK0801"
"07/16/2018","DOHMH","DOH-K-05","Tuberculosis Clinic","295 Flatbush Avenue Extention","Brooklyn","Spanish","Good","Good","Good","No","Spanish",,"Bilingual staff","5-10 minutes","Yes","11217","40.679035","-73.973786","308","35","3028334","3011500006","161","BK0801"
"07/16/2018","HRA","HRA-K-25","Office of Child Support Enforcement Brooklyn Borough Office","1 Metrotech Center Fl. 6","Brooklyn","Chinese","N/A","N/A","Excellent","Yes","Spanish","Spanish","Bilingual staff","5 minutes or less","Yes","11201","40.693463","-73.987227","302","33","3319418","3001470004","11","BK0202"
"07/16/2018","HRA","HRA-K-25","Office of Child Support Enforcement Brooklyn Borough Office","1 Metrotech Center Fl. 6","Brooklyn","Chinese","N/A","N/A","Excellent","Yes","Spanish","Spanish",,,,"11201","40.693463","-73.987227","302","33","3319418","3001470004","11","BK0202"
"07/18/2018","DOF","DOF-K-01","Brooklyn Business Center","210 Joralemon St.","Brooklyn","Chinese","N/A",,,,,,,,,"11201","40.692459","-73.990491","302","33","3002558","3002667501","9","BK0201"
"07/23/2018","DPR","DPR-M-08","Tony Dapolito Recreation Center","3 Clarkson St.","Manhattan","Chinese","Excellent","N/A","N/A","Yes","Spanish and Chinese",,"Bilingual staff","5 minutes or less","Yes","10014","40.729379","-74.005737","102","3","1088894","1005820050","67","MN0203"
"06/10/2019","CCRB","CRB-M-01","Civilian Complaints Against Police","100 Church St. Floor 10","Manhattan","Bengali","Excellent","N/A","Good","Yes","Spanish","One or more languages (specific language not recorded)","Language Line","N/A","N/A","10007","40.712968","-74.00949","101","1","1001409","1001250020","21","MN0102"
"06/10/2019","HPD","HPD-M-01","Section 8 Client and Owner Services","100 Gold St. Ground Floor","Manhattan","Korean","Good","Poor","N/A","Yes","Spanish, Chinese, Arabic","None","Language Line","5-10 minutes","No","10038","40.710353","-74.004007","101","1","1001289","1000940025","1501","MN0101"
"06/10/2019","HPD","HPD-M-06","Division of Property Management Office","100 Gold St. Ground Floor","Manhattan","Korean","Good","Poor","N/A","Yes","Spanish, Chinese","None","Language Line","5-10 minutes","No","10038","40.710353","-74.004007","101","1","1001289","1000940025","1501","MN0101"
"06/10/2019","HPD","HPD-M-07","Property Registration","100 Gold St Floor 6","Manhattan","Korean","Good","Poor","Good","Yes","Spanish, Chinese","None","Language Line","10-30 minutes","Yes","10038","40.710353","-74.004007","101","1","1001289","1000940025","1501","MN0101"
"06/10/2019","OATH","ATH-M-05","OATH Hearings Divison","100 Church street Fl. 12","Manhattan","Hindi","Poor","N/A","Good","No","One or more languages (specific language not recorded)","Spanish, Chinese","Bilingual staff",,"N/A","10007","40.712968","-74.00949","101","1","1001409","1001250020","21","MN0102"
"06/11/2019","DOHMH","DOH-M-16","Food Safety & Community Sanitation","125 Worth St. Fl. 10","Manhattan","Korean","Good","Good","Good","Yes","Spanish, Chinese, Korean, Hindi","Spanish, Chinese, Korean, Hindi","Language Line","5-10 minutes","Yes","10013","40.715428","-74.002673","101","1","1001831","1001680032","31","MN0102"
"06/11/2019","DCP","DCP-M-03","Manhattan Borough Office","120 Broadway Floor 30","Manhattan","Bengali","Poor","N/A","N/A","Not sure","None","None","Other","N/A","N/A","10271","40.708546","-74.011041","101","1","1001026","1000477501","7","MN0101"
"06/11/2019","DCP","DCP-M-03","Manhattan Borough Office","120 Broadway Floor 31","Manhattan","Hindi","Poor","N/A","N/A","Not sure","None","None","Other","N/A","N/A","10271","40.708546","-74.011041","101","1","1001026","1000477501","7","MN0101"
"06/11/2019","DOE","DOE-Q-01","Student Enrollment","28-11 Queens Plaza North Floor 3","Queens","Spanish","Excellent","Excellent","Excellent","Yes","Spanish, Chinese, Korean, Hindi","Spanish, Chinese, Korean, Hindi","Bilingual staff","5 minutes or less","Yes","11101","40.75008","-73.938208","401","26","4005022","4004170002","3301","QN0105"
"06/11/2019","DOHMH","DOH-M-01","Birth/Death Certificates","125 Worth St. Room 133","Manhattan","Hindi","Good","N/A","Excellent","Yes","One or more languages (specific language not recorded)","Spanish, Chinese","Other","5 minutes or less","Yes","10013","40.715428","-74.002673","101","1","1001831","1001680032","31","MN0102"
"06/11/2019","DOHMH","DOH-M-01","Birth/Death Certificates","125 Worth St. Room 125","Manhattan","Hindi","Good","N/A","Excellent","No","None","None","Language Line","5 minutes or less","Yes","10013","40.715428","-74.002673","101","1","1001831","1001680032","31","MN0102"
"06/11/2019","DOHMH","DOH-M-03","Corrections-Birth/Death Certificate","125 Worth St. Rm. 144","Manhattan","Korean","Good","Good","Good","Yes","Spanish","Spanish","Language Line","5-10 minutes","Yes","10013","40.715428","-74.002673","101","1","1001831","1001680032","31","MN0102"
"06/11/2019","HRA","HRA-M-41","Business Link","123 William St. Fl. 6","Manhattan","Bengali","Excellent","N/A","Excellent","Yes","One or more languages (specific language not recorded)","One or more languages (specific language not recorded)","Language Line","10-30 minutes","Yes","10038","40.709112","-74.006893","101","1","1079063","1000780004","1502","MN0101"
"06/12/2019","DOT","DOT-Q-02","Parking Permits and Customer Service","30-30 Thomson","Queens","Bengali","Excellent","Excellent","Excellent","Yes","One or more languages (specific language not recorded)","One or more languages (specific language not recorded)","Language Line","5 minutes or less","Yes",,,,,,,,,
"06/12/2019","HRA","HRA-K-41","Refugee Job Center","32-20 Northern Blvd. Floor 5","Queens","Korean","Poor","N/A","Excellent","Yes","Korean, Spanish, Hindi, Chinese","Korean, Spanish, Hindi, Chinese","Language Line","10-30 minutes","Yes","11101","40.75197","-73.931799","401","26","4003105","4002147501","17102","QN0161"
"06/12/2019","HRA","HRA-Q-18","Queens Job Center","32-20 Northern Blvd. Floor 1","Queens","Spanish","Poor","Poor","N/A","Yes","Spanish","None","N/A","N/A","N/A","11101","40.75197","-73.931799","401","26","4003105","4002147501","17102","QN0161"
"06/12/2019","HRA","HRA-Q-24","Queens Community Medicaid Office","32-20 Northern Blvd. Floor 3","Queens","Spanish","Poor","N/A","Poor","Yes","Spanish","None","N/A","N/A","No","11101","40.75197","-73.931799","401","26","4003105","4002147501","17102","QN0161"
"06/12/2019","OATH","ATH-Q-04","OATH Hearings Divison","31-00 47th Ave Floor 3","Queens","Bengali","Excellent","Good","Excellent","Yes","Spanish, Arabic, Chinese","Spanish, Arabic, Chinese","Language Line","5 minutes or less","Yes","11101","40.74306","-73.935652","402","26","4003539","4002810001","19902","QN0202"
"06/12/2019","OATH","ATH-Q-05","OATH Hearings Divison","31-00 47th Ave Floor 4","Queens","Nepali","Excellent","Excellent","Excellent","Yes","Spanish, Arabic, Chinese","Spanish, Arabic, Chinese","Language Line","5 minutes or less","Yes","11101","40.74306","-73.935652","402","26","4003539","4002810001","19902","QN0202"
"06/12/2019","TLC","TLC-Q-01","Licensing Facility","31-00 47th Ave Floor 3","Queens","Nepali","Poor","Poor","Poor","No","None","None","None",">30 minutes","No","11101","40.74306","-73.935652","402","26","4003539","4002810001","19902","QN0202"
"06/13/2019","DCP","DCP-K-01","Brooklyn Borough Office","16 Court St. Floor 7","Brooklyn","Bengali","Excellent","Excellent","Excellent","Yes","Spanish","One or more languages (specific language not recorded)","Bilingual staff, language line","5 minutes or less","Yes","11241","40.693445","-73.990577","302","33","3002108","3002500044","9","BK0201"
"06/13/2019","DOHMH","DOH-K-04","Brooklyn Early Intervention Office","16 Court St.","Brooklyn","Hindi","Excellent","Excellent","Excellent","Yes","One or more languages (specific language not recorded)","One or more languages (specific language not recorded)","Language Line","5 minutes or less","Yes","11241","40.693445","-73.990577","302","33","3002108","3002500044","9","BK0201"
"06/13/2019","DOHMH","DOH-K-04","Brooklyn Early Intervention Office","16 Court St.","Brooklyn","Hindi","Excellent","Excellent","Excellent","Yes","One or more languages (specific language not recorded)","One or more languages (specific language not recorded)","Language Line","5 minutes or less","Yes","11241","40.693445","-73.990577","302","33","3002108","3002500044","9","BK0201"
"06/13/2019","DOT","DOT-K-01","Brooklyn Permit Office","16 Court St. Floor 15","Brooklyn","Hindi","Good","Good","Good","Yes","One or more languages (specific language not recorded)","One or more languages (specific language not recorded)","Language Line","5-10 minutes","Yes","11241","40.693445","-73.990577","302","33","3002108","3002500044","9","BK0201"
"06/13/2019","DOT","DOT-K-02","Brooklyn HIQA","16 Court St. Floor 15","Brooklyn","Hindi","Good","Good","Good","Yes","One or more languages (specific language not recorded)","One or more languages (specific language not recorded)","Language Line","5-10 minutes","Yes","11241","40.693445","-73.990577","302","33","3002108","3002500044","9","BK0201"
"06/13/2019","FDNY","FDN-K-02","Certificate of Fitness Testing Unit","9 Metrotech Center Fl. 1","Brooklyn","Korean","Good","Fair","N/A","Yes","Spanish, Chinese","Spanish, Chinese","Language Line",">30 minutes","No","11201","40.69486","-73.984674","302","33","3058187","3020470011","1502","BK0202"
"06/13/2019","FDNY","FDN-K-03","Public Records","9 Metrotech Center Fl. 1","Brooklyn","Korean","Good","Fair","N/A","Yes","Spanish, Chinese","Spanish, Chinese","Language Line",">30 minutes","No","11201","40.69486","-73.984674","302","33","3058187","3020470011","1502","BK0202"
"06/13/2019","HRA","HRA-K-25","Office of Child Support Enforcement Brooklyn Borough Office","1 Metrotech Center Fl. 6","Brooklyn","Spanish","Poor","Good","Good","Yes","Spanish and Chinese","Spanish, Chinese","Bilingual staff","N/A","Yes","11201","40.693463","-73.987227","302","33","3319418","3001470004","11","BK0202"
"06/14/2019","DFTA","DFA-M-02","Senior Employment Services","2 Lafayette St. Floor 6","Manhattan","Korean","Excellent","Good","N/A","Yes","Spanish, Chinese, Korean","None","Other","N/A","No","10007","40.713723","-74.003586","101","1","1001672","1001550001","31","MN0102"
"06/14/2019","SBS","SBS-K-07","Workforce 1 Expansion Center","1029 E 163rd St Floor 3","Brooklyn","Bengali","Good","Fair","Good","Yes","One or more languages (specific language not recorded)","None","Language Line","5-10 minutes","Yes",,,,,,,,,
"06/14/2019","SBS","SBS-Q-06","NYC Business Solutions Center","90-27 Sutphin Blvd Floor 4","Queens","Korean","Excellent","Fair","N/A","Yes","Spanish, Chinese, Korean","None","Language Line","5-10 minutes","No","11435","40.70234","-73.808148","412","27","4206784","4096770007","240","QN1201"
"06/15/2019","CLERK","CCK-M-01","Borough Office","141 Worth St.","Manhattan","Spanish","Excellent","Good","Good","Yes","None","Spanish, Chinese, Hindi","Bilingual staff","5 minutes or less","Yes","10013","40.715093","-74.001948","101","1","1001830","1001660027","2901","MN0102"
"06/15/2019","CLERK","CCK-M-01","Borough Office","141 Worth St.","Manhattan","Spanish","Excellent",,,"Yes","Spanish, Chinese, French, Russian","At least the 6 designated citywide languages or more","Bilingual staff","5 minutes or less","Yes","10013","40.715093","-74.001948","101","1","1001830","1001660027","2901","MN0102"
"06/15/2019","DORIS","DOR-M-01","Municipal Archives","31 Chambers Street","Manhattan","Hindi","Good","Good","Good","Yes","None","None","Bilingual staff","5 minutes or less","Yes","10007","40.713402","-74.004635","101","1","1001670","1001530024","31","MN0102"
"06/18/2019","CLERK","CCK-B-01","Borough Office","851 Grand Concourse","Bronx","Bengali","Poor","Poor","Poor","Not sure","None","None","Translation made available, method not specified","N/A","No","10451","40.826048","-73.923102","204","16","2002869","2024680001","6301","BX0401"
"06/18/2019","CLERK","CCK-B-01","Borough Office","851 Grand Concourse","Bronx","Bengali","Poor",,,"Yes","None","Spanish","Other (Google Translate)","N/A","No","10451","40.826048","-73.923102","204","16","2002869","2024680001","6301","BX0401"
"06/18/2019","DOHMH","DOH-B-02","Morrisania Sexual Health Clinic","1309 Fulton Ave. Fl. 2","Bronx","Spanish","Good","N/A","Excellent","Yes","Spanish, Korean, Hindi","Spanish","Bilingual staff","5 minutes or less","Yes","10456","40.832853","-73.903028","203","16","2009620","2029250080","14701","BX0302"
"06/18/2019","DOHMH","DOH-B-04","Bronx Early Intervention Office","1309 Fulton Ave Floor 5","Bronx","Korean","Good","Good","Excellent","Yes","Spanish, Korean, Hindi","Spanish","Language Line","5-10 minutes","Yes","10456","40.832853","-73.903028","203","16","2009620","2029250080","14701","BX0302"
"06/18/2019","ENDGBDV","MYR-B-01","NYC Family Justice Center","198 East 161 St.","Bronx","Nepali","Good","Good","Good","Yes","One or more languages (specific language not recorded)","One or more languages (specific language not recorded)","Translation made available, method not specified","5-10 minutes","Yes","10451","40.826354","-73.921024","204","16","2099027","2024430094","61","BX0401"
"06/18/2019","HRA","HRA-B-20","Office of Child Support Bronx Family Court","900 Sheridan Ave.","Bronx","Bengali","Good","Good","Good","Yes","One or more languages (specific language not recorded)","One or more languages (specific language not recorded)","Translation made available, method not specified","10-30 minutes","Yes","10451","40.826873","-73.920872","204","16","2002704","2024540001","18302","BX0401"
"06/19/2019","CCHR","CHR-M-03","Human Rights Complaints/NYC Human Rights Community Service Center","22 Reade St Floor 1","Manhattan","Korean","Excellent","Good","Excellent","Yes","Spanish, Chinese","None","Language Line","5-10 minutes","Yes","10007","40.714231","-74.004895","101","1","1078613","1001540023","31","MN0102"
"06/19/2019","HRA","HRA-B-25","Concourse Job Center","1365 Jerome Ave.","Bronx","Nepali","Good","Good","Good","Yes","Urdu, Chinese, Russian","One or more languages (specific language not recorded)","None",">30 minutes","No","10452","40.839604","-73.918421","204","16","2008289","2028560020","219","BX0403"
"06/19/2019","HRA","HRA-B-25","Concourse Job Center","1365 Jerome Ave.","Bronx","Bengali","Good","Fair","Good","Yes","Urdu, Chinese, Russian","One or more languages (specific language not recorded)","None",">30 minutes","No","10452","40.839604","-73.918421","204","16","2008289","2028560020","219","BX0403"
"06/19/2019","HRA","HRA-B-17","Concourse SNAP","1375 Jerome Ave. Floor 2","Bronx","Nepali","Good","Good","Good","Yes","Urdu, Chinese, Russian","One or more languages (specific language not recorded)","None",">30 minutes","No","10452","40.839771","-73.918359","204","16","2008289","2028560020","219","BX0403"
"06/19/2019","HRA","HRA-B-02","Morrisania Medicaid Office","1225 Gerard Ave. Basement","Bronx","Nepali","Good","Good","Good","Yes","Hindi, Chinese, Bengali","One or more languages (specific language not recorded)","None",">30 minutes","No","10452","40.835957","-73.919986","204","16","2003015","2024890060","197","BX0401"
"06/19/2019","HRA","HRA-M-37","Office of Child Support Enforcement","151 West Broadway Fl. 4","Manhattan","Korean","Good","Good","Poor","No","None","None","Language Line","5-10 minutes","No","10013","40.717242","-74.007853","101","1","1001621","1001480010","33","MN0102"
"06/19/2019","NYCHA","NHA-M-03","Prevailing Wage Enforcement","250 Broadway Floor 3","Manhattan","Korean","Excellent","Fair","Good","No","None","Russian, Chinese, Spanish","None","N/A","No","10007","40.712982","-74.007301","101","1","1001408","1001247502","21","MN0102"
"06/19/2019","NYCHA","NHA-M-04","Services for People with Disabilities","250 Broadway Floor 3","Manhattan","Korean","Excellent","Fair","Good","No","None","Russian, Chinese, Spanish","None","N/A","No","10007","40.712982","-74.007301","101","1","1001408","1001247502","21","MN0102"
"06/20/2019","DOB","DOB-M-07","Central Filing and Billing Unit","280 Broadway Floor 1","Manhattan","Bengali","Good","Good","Good","Yes","None","None","Language Line","5-10 minutes","No","10007","40.714417","-74.006089","101","1","1079215","1001530001","31","MN0102"
"06/20/2019","DOB","DOB-M-09","Licensing Unit","280 Broadway Floor 1","Manhattan","Bengali","Good","Good","Good","Yes","None","None","Language Line","5-10 minutes","No","10007","40.714417","-74.006089","101","1","1079215","1001530001","31","MN0102"
"06/20/2019","DOF","DOF-M-04","City Register","66 John St. Floor 13","Manhattan","Spanish","Good","Good","Excellent","No","None","None","Bilingual staff","5 minutes or less","Yes","10038","40.708933","-74.007614","101","1","1079043","1000670001","1502","MN0101"
"06/20/2019","DOI","DOI-M-01","Complaint Bureau","80 Maiden Lane","Manhattan","Spanish","Excellent","Excellent","N/A","No","None","None","N/A","N/A","No","10038","40.707116","-74.007329","101","1","1001015","1000420031","7","MN0101"
"06/20/2019","DOT","DOT-M-01","Manhattan Permit office","55 Water St.","Manhattan","Nepali","Fair","Poor","Fair","Yes","One or more languages (specific language not recorded)","Russian, Korean, Spanish","None","N/A","No","10041","40.703608","-74.009691","101","1","1083346","1000327501","9","MN0101"
"06/20/2019","OATH","ATH-M-02","OATH Hearings Divison","66 John St. Floor 10","Manhattan","Spanish","Excellent","Good","Excellent","No","None","None","Bilingual staff","10-30 minutes","Yes","10038","40.708933","-74.007614","101","1","1079043","1000670001","1502","MN0101"
"06/20/2019","OATH","ATH-M-03","OATH Hearings Divison","66 John St. Floor 10","Manhattan","Korean","Excellent","Poor","Excellent","No","None","None","Language Line","5-10 minutes","Yes","10038","40.708933","-74.007614","101","1","1079043","1000670001","1502","MN0101"
"06/20/2019","TLC","TLC-M-04","Executive Offices","33 Beaver St. Floor 22","Manhattan","Hindi","Good","Good","Good","Yes","None","None","Bilingual staff","10-30 minutes","No","10004","40.704967","-74.011711","101","1","1000817","1000240001","9","MN0101"
"06/24/2019","HRA","HRA-M-42","Educational Services","109 East 16th St Fl. 9","Manhattan","Spanish","Excellent","Excellent","N/A","No","None","None","Bilingual staff","5 minutes or less","Yes","10003","40.735681","-73.988713","105","2","1017821","1008720013","50","MN0602"
"06/24/2019","HRA","HRA-K-18","Coney Island Job Center","3050 W 21 St. Floor 1","Brooklyn","Bengali","Good","Good","Good","Yes","One or more languages (specific language not recorded)","One or more languages (specific language not recorded)","Language Line","5-10 minutes","Yes","11224","40.57353","-73.987448","313","47","3189654","3070710123","352","BK1302"
"06/24/2019","HRA","HRA-K-16","Coney Island Medicaid Office","3050 W 21 St. Floor 3","Brooklyn","Nepali","Fair","Fair","Fair","No","One or more languages (specific language not recorded)","One or more languages (specific language not recorded)","Language Line",">30 minutes","Yes","11224","40.57353","-73.987448","313","47","3189654","3070710123","352","BK1302"
"06/24/2019","SBS","SBS-Q-06","NYC Business Solutions Center","90-27 Sutphin Blvd Floor 4","Queens","Korean","Excellent","Fair","N/A","Yes","Korean/Chinese/Spanish","None","Other-asked if anybody spoke Korean in broken English","N/A","No","11435","40.70234","-73.808148","412","27","4206784","4096770007","240","QN1201"
"06/25/2019","DOB","DOB-M-04","Manhattan Borough Office","280 Broadway Floor 3","Manhattan","Spanish","Excellent","Fair","Excellent","Yes","None","None","Bilingual staff","10-30 minutes","Yes","10007","40.714417","-74.006089","101","1","1079215","1001530001","31","MN0102"
"06/25/2019","HRA","HRA-M-06","Chinatown Medicaid Office","115 Chrystie St. Fl. 5","Manhattan","Korean","Poor","Good","N/A","Yes","None","Spanish, Chinese, Korean","None",">30 minutes","No","10002","40.718647","-73.993586","103","1","1005645","1004230022","18","MN0302"
"06/25/2019","HRA","HRA-K-39","Brooklyn South Medicaid Office","785 Atlantic Avenue Fl. 1","Brooklyn","Bengali","Fair","Fair","Poor","No","Spanish, Chinese","None","None",">30 minutes","No","11238","40.681962","-73.968434","302","35","3335094","3020090001","199","BK0204"
"06/25/2019","HRA","HRA-K-39","Brooklyn South Medicaid Office","785 Atlantic Avenue Fl. 5","Brooklyn","Bengali","Fair","Fair","Poor","No","None","None","None","N/A","No","11238","40.681962","-73.968434","302","35","3335094","3020090001","199","BK0204"
"06/25/2019","NYCHA","NHA-K-08","Resident Employment Services","787 Atlantic Ave.","Brooklyn","Bengali","Excellent","Fair","Excellent","Yes","None","None","Language Line","5-10 minutes","Yes","11238","40.681945","-73.968351","302","35","3335094","3020090001","199","BK0204"
"06/25/2019","NYCHA","NHA-K-09","Brooklyn/Staten Island Customer Contact Center","787 Atlantic Ave.","Brooklyn","Bengali","Excellent","Fair","Good","Yes","None","None","Language Line","5-10 minutes","Yes","11238","40.681945","-73.968351","302","35","3335094","3020090001","199","BK0204"
"06/25/2019","NYCHA","NHA-M-06","Social Services","45 Allen St.","Manhattan","Spanish","N/A","Poor","N/A","No","None","None","None","N/A","No","10002","40.716605","-73.991714","103","1","1075792","1003070001","16","MN0301"
"06/25/2019","SBS","SBS-M-05","NYC Business Solution Center","79 John St.","Manhattan","Korean","Excellent","N/A","Excellent","Yes","Korean, Urdu, Chinese, Spanish, Bengali","One or more languages (specific language not recorded)","Language Line","5 minutes or less","Yes","10038","40.708461","-74.006875","101","1","1001186","1000770008","1502","MN0101"
"06/27/2019","CLERK","CCK-S-01","Borough Office","10 Richmond Terrace","Staten Island","Bengali","Good","Good","Good","Yes","One or more languages (specific language not recorded)","One or more languages (specific language not recorded)","Language Line","5-10 minutes","Yes","10301","40.642367","-74.075274","501","49","5000063","5000070001","3","SI0101"
"06/27/2019","CLERK","CCK-S-01","Borough Office","10 Richmond Terrace","Staten Island","Nepali","Good","Good","Good","Y",,,"Language Line","5-10 minutes","Yes","10301","40.642367","-74.075274","501","49","5000063","5000070001","3","SI0101"
"06/27/2019","DCP","DCP-S-01","Staten Island Borough Office","130 Stuyvesant Pl. Floor 6","Staten Island","Hindi","Good","Good","Good","No","None","None","Language Line","5-10 minutes","Yes","10301","40.642907","-74.076889","501","49","5000085","5000080070","3","SI0101"
"06/27/2019","DOB","DOB-S-01","Staten Island Borough Office","10 Richmond Terrace","Staten Island","Nepali","Good","Good","Excellent","Yes","Polish, Urdu","One or more languages (specific language not recorded)","Language Line","5-10 minutes","Yes","10301","40.642367","-74.075274","501","49","5000063","5000070001","3","SI0101"
"06/27/2019","DOT","DOT-S-01","Staten Island Permit Office","10 Richmond Terrace","Staten Island","Bengali","Excellent","Excellent","Excellent","Yes","Spanish, Korean, Chinese","One or more languages (specific language not recorded)","Language Line","10-30 minutes","Yes","10301","40.642367","-74.075274","501","49","5000063","5000070001","3","SI0101"
"06/27/2019","DPR","DPR-M-07","Manhattan Permit Office","24 West 61st  St. Fl. 5","Manhattan","Korean","Excellent","N/A","Fair","Yes","One or more languages (specific language not recorded)","None","None","N/A","No","10023","40.769965","-73.98266","107","6","1027194","1011130051","145","MN0701"
"06/27/2019","DPR","DPR-M-15","Gertrude Ederle Recreation Center","533 W 59th St.","Manhattan","Spanish","Good","Fair","Good","No","None","None","Bilingual staff","5 minutes or less","Yes","10019","40.770866","-73.98866","107","6","1086545","1011510015","147","MN0701"
"06/27/2019","DPR","DPR-M-33","West 79th St. Boat Basin","W 79th St. & Hudson River","Manhattan","Korean","N/A","Fair","Good","No","None","None","Language Line","10-30 minutes","Yes",,,,,,,,,
"06/27/2019","DPR","DPR-M-18","Alfred E. Smith Recreation Center","80 Catherine St.","Manhattan","Spanish","Excellent","Excellent","N/A","No","None","Spanish","Language Line","10-30 minutes","Yes","10038","40.710729","-73.996631","103","1","1083357","1001110160","25","MN0301"
"06/27/2019","ENDGBDV","MYR-S-01","NYC Family Justice Center","126 Stuyvesant Pl.","Staten Island","Nepali","Good","Good","Good","No","None","One or more languages (specific language not recorded)","Language Line","10-30 minutes","Yes","10301","40.642948","-74.076921","501","49","5000085","5000080070","3","SI0101"
"06/27/2019","SBS","SBS-S-04","NYC Business Solutions Center","120 Stuyvesant Place","Staten Island","Bengali","Fair","Fair","Fair","No","Spanish, Korean, Chinese","None","N/A","N/A","No","10301","40.643264","-74.077159","501","49","5000084","5000080060","3","SI0101"
"07/01/2019","BIC","BIC-M-01","Licensing Unit","100 Church St. Fl. 20","Manhattan","Nepali","Poor","Good","Good","Yes","One or more languages (specific language not recorded)","None","Language Line","5-10 minutes","Yes","10007","40.712968","-74.00949","101","1","1001409","1001250020","21","MN0102"
"07/01/2019","DCWP","DCA-M-01","Licensing Unit","42 Broadway Floor 1","Manhattan","Spanish","Excellent","N/A","Fair","No","None","None","Bilingual staff","N/A","Yes","10004","40.70627","-74.012909","101","1","1000812","1000220020","9","MN0101"
"07/01/2019","DCWP","DCA-M-02","Consumer Services","42 Broadway Floor 9","Manhattan","Korean","Excellent","Good","Good","Yes","Spanish, Chinese","Spanish, Chinese, Korean","Language Line","10-30 minutes","Yes","10004","40.70627","-74.012909","101","1","1000812","1000220020","9","MN0101"
"07/02/2019","HRA","HRA-B-12","Fordham Job Center","2541 Bainbridge Ave Floor 1","Bronx","Nepali","Good","Good","Good","Yes","One or more languages (specific language not recorded)","Spanish","Language Line","5-10 minutes","Yes","10458","40.862345","-73.89335","207","15","2016777","2032930008","39901","BX0701"
"07/02/2019","HRA","HRA-B-12","Fordham Job Center","2541 Bainbridge Ave Floor 2","Bronx","Bengali","Good","Good","N/A","Yes","One or more languages (specific language not recorded)","Spanish","Other","N/A","N/A","10458","40.862345","-73.89335","207","15","2016777","2032930008","39901","BX0701"
"07/02/2019","HRA","HRA-B-12","Fordham Job Center","2541 Bainbridge Ave Floor 3","Bronx","Nepali","Good","Good","Good","Yes","One or more languages (specific language not recorded)","Spanish","Language Line","5-10 minutes","Yes","10458","40.862345","-73.89335","207","15","2016777","2032930008","39901","BX0701"
"07/02/2019","HRA","HRA-B-12","Fordham Job Center","2541 Bainbridge Ave Floor 4","Bronx","Bengali","Good","Good","N/A","Yes","One or more languages (specific language not recorded)","Spanish","Other","N/A","N/A","10458","40.862345","-73.89335","207","15","2016777","2032930008","39901","BX0701"
"07/03/2019","HRA","HRA-Q-13","Office of Child Support Enforcement Queens Borough Office","32-20 Northern Blvd. Floor 6","Queens","Hindi","Excellent","Good","Excellent","Yes","Hindi, Urdu, Spanish","None","Language Line","5 minutes or less","Yes","11101","40.75197","-73.931799","401","26","4003105","4002147501","17102","QN0161"
"07/03/2019","HRA","HRA-Q-14","Queens SNAP","32-20 Northern Blvd. Floor 2","Queens","Bengali","Fair","Fair","N/A","Yes","One or more languages (specific language not recorded)","Spanish","None","N/A","No","11101","40.75197","-73.931799","401","26","4003105","4002147501","17102","QN0161"
"07/08/2019","HRA","HRA-Q-12","Rockaway Job Center","219 Beach 59th St. Fl. 1","Queens","Nepali","Fair","Fair","Fair","Yes","One or more languages (specific language not recorded)","None","N/A","N/A","No","11692","40.592902","-73.789051","414","31","4301932","4159000008","964","QN1402"
"07/08/2019","HRA","HRA-Q-10","Rockaway SNAP","219 Beach 59th St. Fl. 1","Queens","Bengali","Fair","Fair","Fair","Yes","One or more languages (specific language not recorded)","None","N/A","10-30 minutes","No","11692","40.592902","-73.789051","414","31","4301932","4159000008","964","QN1402"
"07/11/2019","DOF","DOF-M-03","Manhattan Business Center","66 John St. Floor 2","Manhattan","Hindi","Good","Fair","Poor","Yes","None","None","Bilingual staff","10-30 minutes","Yes","10038","40.708933","-74.007614","101","1","1079043","1000670001","1502","MN0101"
"07/11/2019","DOHMH","DOH-M-07","Central Harlem Sexual Health Clinic","2238 Fifth Ave Floor 1","Manhattan","Korean","N/A","Excellent","Excellent","Yes","None","Spanish","Language Line","5 minutes or less","Yes","10037","40.813645","-73.936992","110","9","1053900","1017340034","212","MN1002"
"07/11/2019","DOHMH","DOH-M-14","Manhattan Early Intervention Office","42 Broadway Suite 1611","Manhattan","Korean","Excellent","Excellent","Excellent","Yes","Korean, Chinese, Russian, 
Spanish, Arabic, French","Spanish, Chinese","Language Line","5-10 minutes","Yes","10004","40.70627","-74.012909","101","1","1000812","1000220020","9","MN0101"
"07/11/2019","DOI","DOI-M-03","Fingerprinting","80 Maiden Lane","Manhattan","Bengali","Good","Good","Fair","No","None","None","None","N/A","No","10038","40.707116","-74.007329","101","1","1001015","1000420031","7","MN0101"
"07/11/2019","DORIS","DOR-M-03","Visitor Center","31 Chambers Street","Manhattan","Hindi","Good","N/A","Good","No","None","None","Language Line","5-10 minutes","Yes","10007","40.713402","-74.004635","101","1","1001670","1001530024","31","MN0102"
"07/11/2019","DPR","DPR-B-13","Hunts Point Recreation Center","765 Manida St.","Bronx","Bengali","Excellent","Good","Excellent","Yes","None","One or more languages (specific language not recorded)","Language Line","5-10 minutes","Yes","10474","40.815865","-73.888768","202","17","2109472","2027630001","9301","BX0201"
"07/11/2019","DPR","DPR-M-10","Hansborough Recreation Center","35 W 134th St.","Manhattan","Korean","N/A","N/A","Excellent","Yes","One or more languages (specific language not recorded)","None","Language Line","10-30 minutes","Yes","10037","40.81265","-73.93949","110","9","1081456","1017300055","212","MN1002"
"07/11/2019","DPR","DPR-M-04","Pelham Fritz Recreation Center","18 Mount Morris Park W","Manhattan","Korean","N/A","N/A","Fair","Yes","None","None","None","N/A","No","10027","40.804822","-73.945457","111","9","1083967","1017190001","198","MN1102"
"07/11/2019","HRA","HRA-B-24","Office of Child Support Enforcement Bronx Borough Office","849 Garrison Ave. Fl. 1","Bronx","Nepali","Good","Good","Good","Yes","One or more languages (specific language not recorded)","One or more languages (specific language not recorded)","Language Line","10-30 minutes","Yes","10474","40.816165","-73.892972","202","17",,,"9301","BX0201"
"07/11/2019","SBS","SBS-B-01","Workforce1 Career Center","1029 E 163rd St Floor 3","Bronx","Bengali","Good","Excellent","N/A","Yes","None","None","Language Line","5-10 minutes","Yes","10459","40.820992","-73.891801","202","17","2005788","2027240190","159","BX0202"
"07/12/2019","DPR","DPR-K-08","Sunset Park Recreation Center","7th Ave. at 43rd St.","Brooklyn","Korean","N/A","Excellent","Excellent","Yes","Korean, Spanish, Chinese, Hindi, Bengali, Albanian","Spanish, Chinese, Korean","Language Line","10-30 minutes","Yes",,,,,,,,,
"07/12/2019","DPR","DPR-K-02","Red Hook Recreation Center","155 Bay St.","Brooklyn","Korean","N/A","Fair","Fair","Yes","None","None","None","10-30 minutes","No","11231","40.671937","-74.003515","306","38","3008670","3005820001","5302","BK0601"
"07/13/2019","DPR","DPR-K-20","McCarren Park Recreation Center","776 Lorimer St.","Brooklyn","Korean","N/A","N/A","Fair","Yes","None","None","None","N/A","No","11222","40.720182","-73.950375","301","33","3067525","3026960001","515","BK0102"
"07/13/2019","DPR","DPR-K-04","Metropolitan Pool & Fitness Center","261 Bedford Ave.","Brooklyn","Korean","N/A","N/A","Excellent","Yes","None","None","Language Line","5-10 minutes","Yes","11211","40.715045","-73.960702","301","34","3062457","3023660004","553","BK0102"
"07/13/2019","SBS","SBS-Q-10","Workforce 1 Sector - Based Expansion Center","1029 E 163rd St Floor 3","Queens","Bengali","Good","Good","Good","No","None","None","Language Line","5-10 minutes","Yes",,,,,,,,,
"07/15/2019","DOE","DOE-M-03","Student Enrollment","166 Essex Street Room 128","Manhattan","Korean","Excellent","N/A","Excellent","Yes","Spanish, Chinese","Spanish, Chinese, Korean","Language Line","5-10 minutes","Yes","10002","40.72154","-73.986648","103","1","1004325","1003550001","3001","MN0302"
"07/15/2019","DOF","DOF-S-01","Staten Island Business Center","350 St. Marks Pl","Staten Island","Nepali","Good","Poor","Good","Yes","One or more languages (specific language not recorded)","N/A","Translation made available, method not specified","5-10 minutes","Yes","10301","40.640708","-74.077697","501","49","5000185","5000160054","3","SI0101"
"07/15/2019","DPR","DPR-M-03","Hamilton Fish Recreation Center","128 Pitt St.","Manhattan","Korean","N/A","Good","N/A","Yes","One or more languages (specific language not recorded)","Spanish, Chinese","Language Line","5-10 minutes","Yes","10002","40.719854","-73.981721","103","2","1081934","1003400001","2201","MN0302"
"07/15/2019","DPR","DPR-M-08","Tony Dapolito Recreation Center","3 Clarkson St","Manhattan","Korean","N/A","Good","Good","No","None","None","Language Line","10-30 minutes","Yes","10014","40.729379","-74.005737","102","3","1088894","1005820050","67","MN0203"
"07/15/2019","HPD","HPD-S-02","Code Enforcement Services","10 Richmond Terrace","Staten Island","Bengali","Good","Fair","N/A","Yes","One or more languages (specific language not recorded)","One or more languages (specific language not recorded)","Translation made available, method not specified","5-10 minutes","Yes","10301","40.642367","-74.075274","501","49","5000063","5000070001","3","SI0101"
"07/15/2019","HRA","HRA-S-02","Office of Child Support Enforcement - Richmond County","100 Richmond Terrace","Staten Island","Hindi","Good","N/A","N/A","N/A","N/A","N/A","N/A","N/A","N/A","10301","40.644935","-74.07723","501","49","5000090","5000090022","7","SI0101"
"07/15/2019","SBS","SBS-M-09","Workforce 1 Expansion Center","560 W 181st St.","Manhattan","Spanish","Good","Excellent","Excellent","Yes","One or more languages (specific language not recorded)","Spanish","Bilingual staff","5 minutes or less","Yes","10033","40.848992","-73.932965","112","10","1081875","1021530081","269","MN1202"
"07/16/2019","DOE","DOE-M-05","Student Enrollment","160 East 120th Street Room 424","Manhattan","Bengali","Good","N/A","Good","Yes","One or more languages (specific language not recorded)","One or more languages (specific language not recorded)","N/A","N/A","Yes","10035","40.801007","-73.939349","111","8","1083501","1017680021","196","MN1102"
"07/16/2019","DPR","DPR-M-05","Thomas Jefferson Recreation Center","2180 1st Ave.","Manhattan","Korean","N/A","Fair","Fair","Yes","Arabic, Nepali, French, Chinese","One or more languages (specific language not recorded)","None","N/A","No","10029","40.793562","-73.937181","111","8","1085632","1017050001","178","MN1102"
"07/16/2019","DPR","DPR-M-09","Recreation Center 54","348 E 54th St.","Manhattan","Korean","N/A","Good","N/A","No","None","None","Language Line","10-30 minutes","Yes","10022","40.756882","-73.965536","106","4","1039840","1013460032","98","MN0604"
"07/16/2019","HRA","HRA-M-20","East End Job Center","2322 Third Ave Floor 1","Manhattan","Nepali","Good","Fair",,"Yes","One or more languages (specific language not recorded)","One or more languages (specific language not recorded)","N/A",">30 minutes","No","10035","40.804465","-73.93526","111","8","1054497","1017750033","242","MN1102"
"07/16/2019","HRA","HRA-M-20","East End Job Center","2322 Third Ave Floor 2","Manhattan","Nepali","Good","N/A","N/A","Yes","One or more languages (specific language not recorded)","One or more languages (specific language not recorded)","N/A","N/A","No","10035","40.804465","-73.93526","111","8","1054497","1017750033","242","MN1102"
"07/16/2019","HRA","HRA-M-20","East End Job Center","2322 Third Ave Floor 3","Manhattan","Bengali","Good","N/A","N/A","Yes","One or more languages (specific language not recorded)","One or more languages (specific language not recorded)","N/A","N/A","No","10035","40.804465","-73.93526","111","8","1054497","1017750033","242","MN1102"
"07/16/2019","HRA","HRA-M-16","Metropolitan Hospital Medicaid Office","1901 First Ave.","Manhattan","Korean","Fair","Fair","N/A","Yes","None","None","None","N/A","No","10029","40.784557","-73.94378","111","8","1083929","1016690001","15602","MN1101"
"07/16/2019","NYCHA","NHA-M-01","Management Borough Office","1980 Lexington Ave.","Manhattan","Bengali","Good","Fair","Excellent","Yes","None","None","Translation made available, method not specified","5 minutes or less","Yes","10035","40.801789","-73.939319","111","9","1054377","1017690005","196","MN1102"
"07/17/2019","DPR","DPR-M-11","J. Hood Wright Recreation Center","351 Fort Washington Ave.","Manhattan","Korean","N/A","Excellent","Excellent","Yes","One or more languages (specific language not recorded)","One or more languages (specific language not recorded)","Language Line","5 minutes or less","Yes","10033","40.846449","-73.940099","112","10","1063445","1021390404","255","MN1201"
"07/17/2019","ENDGBDV","MYR-Q-02","NYC Family Justice Center","126-02 82nd Ave.","Queens","Nepali","Good","Good","Good","No","None","None","Language Line","5 minutes or less","Yes","11415","40.713732","-73.826122","409","29","4458616","4096570001","21601","QN0901"
"07/17/2019","NYCHA","NHA-Q-06","Social Services","70-30 Parsons Blvd Ground Floor","Queens","Hindi","Good","N/A","N/A","Yes","None","None","N/A","N/A","N/A","11365","40.731052","-73.810865","408","24","4451593","4067920001","122702","QN0802"
"07/17/2019","SBS","SBS-M-02","Workforce1 Career Center","215 W 125th St.","Manhattan","Korean","Excellent","Good","N/A","No","None","None","None","N/A","No","10027","40.809259","-73.948979","110","9","1058659","1019310021","222","MN1001"
"07/18/2019","DPR","DPR-Q-08","Sorrentino Recreation Center","18-48 Cornaga Ave.","Queens","Bengali","Excellent","Excellent","Excellent","Yes","One or more languages (specific language not recorded)","Bengali","Language Line","5-10 minutes","Yes","11691","40.602306","-73.751029","414","31","4298254","4155600050","101003","QN1401"
"07/18/2019","DPR","DPR-Q-04","AI Oerter Recreation Center","131-40 Fowler Ave.","Queens","Korean","N/A","Excellent","Excellent","Yes","One or more languages (specific language not recorded)","One or more languages (specific language not recorded)","Language Line","10-30 minutes","Yes","11355","40.751616","-73.834155","407","20","4540092","4020180001","38302","QN8191"
"07/18/2019","DPR","DPR-Q-16","Flushing Meadows Corona Park Aquatic Center","Avery Ave. and 131 St.","Queens","Korean","N/A","Good","N/A","Yes","One or more languages (specific language not recorded)","Spanish, Chinese, Korean","Language Line","10-30 minutes","Yes",,,,,,,,,
"07/18/2019","DPR","DPR-Q-18","Queens Special Events & Permits Office at the Passerelle Building","Flushing Meadows-Corona Park","Queens","Korean","N/A","Good","N/A","Yes","One or more languages (specific language not recorded)","None","Language Line","10-30 minutes","Yes",,,,,,,,,
"07/18/2019","SBS","SBS-Q-09","Workforce 1 Expansion Center","57-17 Shore front parkway, Floor 1","Queens","Nepali","Poor","Poor","Poor","No","None","None","N/A","N/A","No","11692","40.592116","-73.788748","414","31","4536731","4159260001","97202","QN1402"
"07/19/2019","DOHMH","DOH-M-09","Chelsea Health Center (Tuberculosis)","303 9th Ave Floor 3","Manhattan","Bengali","Poor","N/A","N/A","Yes","One or more languages (specific language not recorded)","One or more languages (specific language not recorded)","None","N/A","No","10001","40.749356","-73.999257","104","3","1012830","1007240082","97","MN0401"
"07/19/2019","HRA","HRA-M-07","Office of Child Support Enforcement Manhattan/Staten Island Borough Office","115 Chrystie St. Fl. 3","Manhattan","Nepali","Good","Good","Good","Yes","Urdu, Hindi, Polish","None","Language Line","5 minutes or less","Yes","10002","40.718647","-73.993586","103","1","1005645","1004230022","18","MN0302"
"07/19/2019","HRA","HRA-M-07","Office of Child Support Enforcement Manhattan/Staten Island Borough Office","115 Chrystie St. Fl. 3","Manhattan","Nepali","Good","N/A","Good","Yes","None","None","N/A","N/A","No","10002","40.718647","-73.993586","103","1","1005645","1004230022","18","MN0302"
"07/19/2019","SBS","SBS-Q-07","Workforce 1 Expansion Center","1029 E 163rd St Floor 3","Queens","Korean","Excellent","Poor","N/A","Yes","One or more languages (specific language not recorded)","None","None","N/A","No",,,,,,,,,
"07/22/2019","DEP","DEP-Q-01","BCS Central Office","59-17 Junction Blvd Floor 13","Queens","Nepali","Excellent","Good","Good","Yes","Spanish, Chinese, Urdu","None","Language Line","5-10 minutes","Yes","11373","40.734606","-73.864774","404","21","4047310","4019180001","455","QN0402"
"07/22/2019","DEP","DEP-Q-02","Queens Borough Office","96-05 Horace Harding Exp Ground Floor","Queens","Nepali","Good","Fair","Fair","Yes","None","None","N/A","N/A","Yes","11368","40.734383","-73.864309","404","21","4047337","4019180114","455","QN0402"
"07/22/2019","DOE","DOE-Q-05","Student Enrollment","98-50 50th Avenue Room 102","Queens","Bengali","Poor","N/A","Fair","Yes","One or more languages (specific language not recorded)","One or more languages (specific language not recorded)","N/A","N/A","Yes","11368","40.742668","-73.863307","404","21","4046834","4018910032","44302","QN0402"
"07/22/2019","DPR","DPR-K-10","Fort Hamilton Senior Center","9941 Fort Hamilton","Brooklyn","Korean","N/A","Good","Excellent","Yes","None","Spanish, Chinese, Korean","Language Line","5-10 minutes","Yes","11209","40.609231","-74.028575","310","50","3345717","3061530001","164","BK1061"
"07/22/2019","DPR","DPR-Q-15","Lost Battalion Hall Recreation Center","93-29 Queens Blvd.","Queens","Bengali","N/A","N/A","Fair","Yes","One or more languages (specific language not recorded)","One or more languages (specific language not recorded)","N/A","N/A","Yes","11374","40.73147","-73.866044","406","24","4050408","4020770050","71702","QN0601"
"07/22/2019","SBS","SBS-K-08","Workforce 1 Expansion Center","1029 E 163rd St Floor 3","Brooklyn","Korean","N/A","N/A","Excellent","Yes","None","None","Language Line",">30 minutes","Yes",,,,,,,,,
"07/07/2023","DOHMH","DOH-M-01","Birth/Death Certificates","125 Worth St. Rm. 125","Manhattan","Spanish","N/A","Fair","Poor","Yes","Spanish","Spanish","Told to find a bilingual person in waiting area","5-10 minutes","No","10013","40.715428","-74.002673","101","1","1001831","1001680032","31","MN0102"
"07/07/2023","DOHMH","DOH-M-03","Corrections-Birth/Death Certificate","125 Worth St. Rm. 144","Manhattan","Spanish","N/A","Fair","Good","Yes","Spanish","None","Bilingual staff","5 minutes or less","Yes","10013","40.715428","-74.002673","101","1","1001831","1001680032","31","MN0102"
"07/10/2023","BIC","BIC-M-01","Licensing Unit","100 Church St. Fl. 20","Manhattan","Russian","N/A","Excellent","N/A","Yes","None","Spanish, Korean, Chinese","Language Line","5 minutes or less","Yes","10007","40.712968","-74.00949","101","1","1001409","1001250020","21","MN0102"
"07/10/2023","CCHR","CHR-M-03","NYC Human Rights Complaint Center","22 Reade St.","Manhattan","Spanish","Excellent","Excellent","Excellent","No","One or more languages (specific language not recorded)","10 designated citywide languages","Bilingual staff","5 minutes or less","Yes","10007","40.714231","-74.004895","101","1","1078613","1001540023","31","MN0102"
"07/10/2023","CLERK","CCK-M-01","Borough Office","141 Worth St.","Manhattan","Spanish","Excellent","Excellent","Excellent","No","Spanish","None","Bilingual staff","5-10 minutes","Yes","10013","40.715093","-74.001948","101","1","1001830","1001660027","2901","MN0102"
"07/10/2023","DFTA","DFA-M-02","Senior Employment Services","2 Lafayette St. Floor 6","Manhattan","Spanish","Excellent","Excellent","Excellent","Yes","Spanish","10 designated citywide languages","Bilingual staff","5 minutes or less","Yes","10007","40.713723","-74.003586","101","1","1001672","1001550001","31","MN0102"
"07/10/2023","DOB","DOB-M-04","Manhattan Borough Office","280 Broadway Fl. 1","Manhattan","Spanish","Good","Fair","Fair","No","One or more languages (specific language not recorded)","None","Told to find a bilingual person in waiting area","N/A","No","10007","40.714417","-74.006089","101","1","1079215","1001530001","31","MN0102"
"07/10/2023","DOB","DOB-M-12","Padlock Unit","22 Reade St. Fl. 5","Manhattan","Spanish","Excellent","N/A","N/A","N/A","N/A","N/A","N/A","N/A","N/A","10007","40.714231","-74.004895","101","1","1078613","1001540023","31","MN0102"
"07/10/2023","DPR","DPR-M-18","Alfred E. Smith Recreation Center","80 Catherine St.","Manhattan","Spanish","Good","Good","Good","No","None","None","Bilingual staff","5-10 minutes","Yes","10038","40.710729","-73.996631","103","1","1083357","1001110160","25","MN0301"
"07/10/2023","HPD","HPD-M-01","Section 8 Client and Owner Services","100 Gold St. Ground Floor","Manhattan","Spanish","Excellent","N/A","N/A","No","Spanish","None","Bilingual staff","5 minutes or less","No","10038","40.710353","-74.004007","101","1","1001289","1000940025","1501","MN0101"
"07/10/2023","HRA","HRA-M-41","Business Link","123 William St. Fl. 6","Manhattan","Spanish","Excellent","Excellent","Excellent","yes","Spanish, Korean, Chinese","Spanish, Korean, Chinese","Bilingual staff","5 minutes or less","Yes","10038","40.709112","-74.006893","101","1","1079063","1000780004","1502","MN0101"
"07/10/2023","OATH","ATH-M-02","OATH Hearings Divison","66 John St. Floor 10","Manhattan","Spanish","Excellent","Fair","Fair","Yes","One or more languages (specific language not recorded)","Spanish, Korean, Chinese","Bilingual staff","5-10 minutes","Yes","10038","40.708933","-74.007614","101","1","1079043","1000670001","1502","MN0101"
"07/10/2023","OATH","ATH-M-05","OATH Hearings Divison","100 Church street Fl. 12","Manhattan","Russian","Excellent","N/A","N/A","Not sure","Not sure","Not sure","Other (Google Translate)","5 minutes or less","Yes","10007","40.712968","-74.00949","101","1","1001409","1001250020","21","MN0102"
"07/10/2023","SBS","SBS-M-05","NYC Business Solution Center","79 John St.","Manhattan","Spanish","Excellent","Excellent","N/A","No","None","None","Bilingual staff","5 minutes or less","No","10038","40.708461","-74.006875","101","1","1001186","1000770008","1502","MN0101"
"07/11/2023","CCHR","CHR-K-01","NYC Human Rights 
Community Service Center","25 Chapel St. Floor 6","Brooklyn","French","Excellent","Excellent","Excellent","Yes","Spanish, Arabic, Bengali","10 designated citywide languages","Language Line","5-10 minutes","Yes","11201","40.697254","-73.986015","302","33","3335884","3001180006","13","BK0202"
"07/11/2023","DCAS","CAS-M-04","City Store","1 Centre St.","Manhattan","Russian","N/A","N/A","Excellent","Yes","None","Chinese","Other (Google Translate)","N/A","Yes","10007","40.713001","-74.004181","101","1","1001394","1001210001","2901","MN0102"
"07/11/2023","DCAS","CAS-M-04","City Store","1 Centre St.","Manhattan","Russian","N/A","N/A","Excellent","Yes","None","Chinese","Other (Google Translate)","N/A","Yes","10007","40.713001","-74.004181","101","1","1001394","1001210001","2901","MN0102"
"07/11/2023","DOB","DOB-M-10","Local Law Enforcement","280 Broadway Fl. 3","Manhattan","Spanish","Fair","N/A","Excellent","Yes","Spanish","Spanish","Bilingual staff","5 minutes or less","Yes","10007","40.714417","-74.006089","101","1","1079215","1001530001","31","MN0102"
"07/11/2023","DOHMH","DOH-K-04","Brooklyn Early Intervention Office","16 Court St. Fl. 7","Brooklyn","French","Excellent","Excellent","Excellent","Yes","Spanish","Spanish","None","N/A","Yes","11241","40.693445","-73.990577","302","33","3002108","3002500044","9","BK0201"
"07/11/2023","DOHMH","DOH-M-16","Food Safety & Community Sanitation","125 Worth St. Fl. 10","Manhattan","Spanish","Excellent","Excellent","Excellent","Yes","Spanish","10 designated citywide languages","Bilingual staff","5 minutes or less","Yes","10013","40.715428","-74.002673","101","1","1001831","1001680032","31","MN0102"
"07/11/2023","DORIS","DOR-M-01","Municipal Archives","31 Chambers Street","Manhattan","Russian","N/A","Excellent","N/A","Yes","None","None","Language Line","5 minutes or less","Yes","10007","40.713402","-74.004635","101","1","1001670","1001530024","31","MN0102"
"07/11/2023","DORIS","DOR-M-03","Visitor Center","31 Chambers Street","Manhattan","Chinese","N/A","Fair","N/A","Yes","None","None","Language Line","5 minutes or less","Yes","10007","40.713402","-74.004635","101","1","1001670","1001530024","31","MN0102"
"07/11/2023","ENDGBDV","MYR-K-01","NYC Family Justice Center","350 Jay St.","Brooklyn","Arabic","Excellent","Excellent","N/A","Yes","Spanish","Spanish","Language Line","5 minutes or less","Yes","11201","40.69351","-73.987249","302","33","3000259","3001407501","11","BK0202"
"07/11/2023","ENDGBDV","MYR-M-03","NYC Family Justice Center","80 Centre St.","Manhattan","Spanish","Excellent","Excellent","Excellent","Yes","Spanish","Spanish","Bilingual staff","5 minutes or less","Yes","10013","40.715447","-74.00189","101","1","1001830","1001660027","2901","MN0102"
"07/11/2023","HRA","HRA-M-37","Office of Child Support Enforcement","151 West Broadway Fl. 4","Manhattan","Spanish","Excellent","Fair","Fair","Yes","Spanish","Spanish","Bilingual staff","5-10 minutes","Yes","10013","40.717242","-74.007853","101","1","1001621","1001480010","33","MN0102"
"07/12/2023","DOHMH","DOH-Q-10","Queens Early Intervention Office","90-27 Parsons Blvd. Fl. 2","Queens","Spanish","Good","N/A","Excellent","No","One or more languages (specific language not recorded)","Spanish","Bilingual staff","5 minutes or less","Yes","11432","40.704136","-73.80067","412","27","4595378","4097560006","44601","QN1201"
"07/12/2023","DOHMH","DOH-Q-08","Jamaica Sexual Health Clinic","90-37 Parsons Blvd. Fl. 1","Queens","Spanish","Excellent","Excellent","Excellent","No","Spanish","None","Bilingual staff","5 minutes or less","Yes","11432","40.703826","-73.800483","412","27","4208836","4097560006","44601","QN1201"
"07/12/2023","DPR","DPR-Q-07","Roy Wilkins Center","177-01 Baisely Blvd.","Queens","Spanish","N/A","N/A","Excellent","yes","One or more languages (specific language not recorded)","Spanish","Bilingual staff","5 minutes or less","Yes",,,,,,,,,
"07/12/2023","FDNY","FDN-K-02","Certificate of Fitness Testing Unit","9 Metrotech Center Fl. 1","Brooklyn","Russian","Poor","Fair","Good","No","Spanish","None","Told to find a bilingual person in waiting area, Other (Google Translate)","10-30 minutes","Yes","11201","40.69486","-73.984674","302","33","3058187","3020470011","1502","BK0202"
"07/12/2023","FDNY","FDN-K-03","Public Records","9 Metrotech Center Fl. 1","Brooklyn","Chinese","Poor","Good","Good","Yes","None","Russian, Korean, Spanish","Language Line","5-10 minutes","Yes","11201","40.69486","-73.984674","302","33","3058187","3020470011","1502","BK0202"
"07/12/2023","HRA","HRA-K-07","Burial Claims Unit","25 Chapel St. Fl. 6","Brooklyn","chinese","Excellent","Excellent","Excellent","yes","One or more languages (specific language not recorded)","Hindi, Chinese, Spanish","Other (Google Translate)","5 minutes or less","Yes","11201","40.697254","-73.986015","302","33","3335884","3001180006","13","BK0202"
"07/12/2023","HRA","HRA-K-36","Michael J. Handy  Veteran Job Center","25 Chapel St. Fl. 6","Brooklyn","Chinese","Excellent","Excellent","Excellent","yes","One or more languages (specific language not recorded)","Hindi, Chinese, Spanish","Other (Google Translate)","5 minutes or less","Yes","11201","40.697254","-73.986015","302","33","3335884","3001180006","13","BK0202"
"07/12/2023","HRA","HRA-Q-03","Jamaica SNAP","165-08 88th Ave. Fl. 3","Queens","Spanish","Fair","Good","Excellent","Yes","10 designated citywide languages","10 designated citywide languages","Language Line","5 minutes or less","Yes","11432","40.708661","-73.796703","412","24","4210062","4098150056","460","QN1201"
"07/12/2023","HRA","HRA-Q-08","Jamaica Job Center","165-08 88th Ave.","Queens","Spanish","Fair","Good","N/A","Yes","One or more languages (specific language not recorded)","10 designated citywide languages","None","N/A","Yes","11432","40.708661","-73.796703","412","24","4210062","4098150056","460","QN1201"
"07/12/2023","NYPD","NYP-K-28","NYC Property Clerk Division","11 Front St.","Brooklyn","Russian","N/A","Good","N/A","Yes","None","None","Bilingual staff","5-10 minutes","Yes","11201","40.702577","-73.992917","302","33","3000080","3000350021","21","BK0202"
"07/12/2023","SBS","SBS-Q-01","Workforce 1 Career Center","168-25 Jamaica Ave.","Queens","Spanish","N/A","Excellent","Excellent","Yes","One or more languages (specific language not recorded)","Spanish","Other (Google Translate)","5 minutes or less","Yes","11432","40.706593","-73.791775","412","27","4209641","4097990001","460","QN1201"
"07/12/2023","SBS","SBS-Q-03","Workforce 1 Sector-Based Career Center","168-46 91st Ave.","Queens","Spanish","N/A","N/A","Good","Yes","Spanish","Spanish","Bilingual staff","5 minutes or less","Yes","11432","40.70742","-73.792169","412","27","4209641","4097990001","460","QN1201"
"07/13/2023","DCP","DCP-K-01","Brooklyn Borough Office","16 Court St. Fl. 7","Brooklyn","Chinese","Excellent","Good","Good","Yes","None","None","Language Line","5 minutes or less","Yes","11241","40.693445","-73.990577","302","33","3002108","3002500044","9","BK0201"
"07/13/2023","DPR","DPR-M-03","Hamilton Fish Recreation Center","128 Pitt St.","Manhattan","Spanish","N/A","Fair","Fair","yes","Spanish","Spanish","Other (Google Translate)","N/A","Yes","10002","40.719854","-73.981721","103","2","1081934","1003400001","2201","MN0302"
"07/13/2023","HRA","HRA-K-19","Office of Child Support Enforcement - King County","330 Jay St. Fl. 6","Brooklyn","Russian","Excellent","Good","N/A","Yes","One or more languages (specific language not recorded)","None","Told to return later","N/A","No","11201","40.694495","-73.987198","302","33","3347736","3001407502","11","BK0202"
"07/13/2023","HRA","HRA-K-25","Office of Child Support Enforcement Brooklyn Borough Office","1 Metrotech Center Fl. 6","Brooklyn","Chinese","Excellent","Good","Good","yes","One or more languages (specific language not recorded)","Spanish","Language Line","5 minutes or less","Yes","11201","40.693463","-73.987227","302","33","3319418","3001470004","11","BK0202"
"07/13/2023","HRA","HRA-M-06","Chinatown Medicaid Office","115 Chrystie St. Fl. 5","Manhattan","Russian","Excellent","N/A","Good","yes","One or more languages (specific language not recorded)","Spanish, Chinese","Other (Google Translate)","N/A","No","10002","40.718647","-73.993586","103","1","1005645","1004230022","18","MN0302"
"07/13/2023","HRA","HRA-M-29","Office of Child Suppport Enforcement - Manhattan","60 Lafayette St. Fl. 1","Manhattan","Russian","Excellent","Excellent","Excellent","yes","One or more languages (specific language not recorded)","Spanish","Told to find a bilingual person in waiting area, Other (Google Translate), Language Line","5-10 minutes","Yes","10013","40.71646","-74.002327","101","1","1001842","1001710031","31","MN0102"
"07/13/2023","HRA","HRA-M-07","Office of Child Support Enforcement Manhattan/Staten Island Borough Office","115 Chrystie St. Fl. 3","Manhattan","Chinese","Excellent","Excellent","Excellent","yes","One or more languages (specific language not recorded)","Spanish, Chinese","Language Line","5 minutes or less","Yes","10002","40.718647","-73.993586","103","1","1005645","1004230022","18","MN0302"
"07/13/2023","HRA","HRA-M-09","Waverly Job Center","12 West 14 St.","Manhattan","Spanish","N/A","N/A","N/A","N/A","N/A","N/A","N/A","N/A","N/A","10011","40.736301","-73.994342","102","2","1009716","1005770034","63","MN0202"
"07/13/2023","HRA","HRA-M-10","Waverly SNAP","12 W 14th St. Fl. 4","Manhattan","Spanish","Good","Excellent","Excellent","Yes","10 designated citywide languages","Spanish, Chinese","Bilingual staff","5 minutes or less","Yes","10011","40.736301","-73.994342","102","2","1009716","1005770034","63","MN0202"
"07/17/2023","CCHR","CHR-Q-01","NYC Human Rights Community Service Center","153-02 Jamaica Ave Fl. 2","Queens","Spanish","Excellent","Excellent","Excellent","Yes","None","10 designated citywide languages","Language Line","10-30 minutes","Yes","11432","40.702788","-73.802087","412","27",,,"240","QN1201"
"07/17/2023","DCAS","CAS-Q-01","Civil Service Application & Testing Center","118-35 Queens Blvd.","Queens","Spanish","Good","Fair","Fair","No","None","None","None","N/A","Yes","11375","40.71513","-73.830545","406","29","4052811","4022700041","75701","QN0602"
"07/17/2023","DCWP","DCA-Q-01","Licensing Unit","90-27 Sutphin Blvd. Fl. 4","Queens","Spanish","Good","Good","Good","No","One or more languages (specific language not recorded)","None","Bilingual staff","5 minutes or less","No","11435","40.70234","-73.808148","412","27","4206784","4096770007","240","QN1201"
"07/17/2023","DHS","DHS-M-04","Adult Family Intake Center","400-430 E 30th St. Fl. 1","Manhattan","Chinese","N/A","Poor","Poor","Yes","None","None","None","N/A","No","10016","40.74113","-73.975017","106","4","1087298","1009620097","62","MN0603"
"07/17/2023","DOF","DOF-Q-01","Queens Business Center","144-06 94th Ave. Fl. 1","Queens","Spanish","Good","Good","Good","Yes","None","One or more languages (specific language not recorded)","Language Line","5-10 minutes","Yes","11435","40.698517","-73.8083","412","27","4439745","4099930003","208","QN1201"
"07/17/2023","DPR","DPR-M-07","Manhattan Permit Office","24 West 61st  St. Fl. 5","Manhattan","Russian","Excellent","N/A","Excellent","N/A","None","None","Bilingual staff","5-10 minutes","Yes","10023","40.769965","-73.98266","107","6","1027194","1011130051","145","MN0701"
"07/17/2023","DPR","DPR-M-14","Chelsea  Recreation Center","430 W 25th St.","Manhattan","Chinese","Excellent","Excellent","Excellent","No","None","None","Bilingual staff","5 minutes or less","Yes","10001","40.748291","-74.001649","104","3","1012811","1007220057","93","MN0401"
"07/17/2023","ENDGBDV","MYR-Q-02","NYC Family Justice Center","126-02 82nd Ave.","Queens","Spanish","Good","Excellent","Excellent","yes","None","10 designated citywide languages","Bilingual staff","5 minutes or less","Yes","11415","40.713732","-73.826122","409","29","4458616","4096570001","21601","QN0901"
"07/17/2023","HRA","HRA-Q-02","Office of Child Support","151-20 Jamaica Ave. Fl. 4","Queens","Spanish","Excellent","Excellent","Excellent","Yes","One or more languages (specific language not recorded)","10 designated citywide languages","Bilingual staff","5 minutes or less","Yes","11432","40.702499","-73.803109","412","27","4438731","4100930001","240","QN1201"
"07/17/2023","SBS","SBS-Q-06","NYC Business Solution Center","90-27 Sutphin Blvd Floor 4","Queens","Spanish","Good","N/A","Fair","No","One or more languages (specific language not recorded)","None","Bilingual staff","5 minutes or less","No","11435","40.70234","-73.808148","412","27","4206784","4096770007","240","QN1201"
"07/18/2023","DOF","DOF-B-01","Bronx Business Center","3050 3rd Ave.","Bronx","Russian","Excellent","Excellent","Excellent","Yes","None","None","Language Line","5-10 minutes","Yes","10451","40.820472","-73.912822","201","17",,,"71","BX0102"
"07/18/2023","DPR","DPR-B-12","St. Mary's Recreation Center","450 St. Anne's Ave","Bronx","Chinese","N/A","N/A","N/A","N/A","N/A","N/A","N/A","N/A","N/A",,,,,,,,,
"07/18/2023","DPR","DPR-M-08","Tony Dapolito Recreation Center","3 Clarkson St.","Manhattan","Spanish","N/A","N/A","N/A","N/A","N/A","N/A","N/A","N/A","N/A","10014","40.729379","-74.005737","102","3","1088894","1005820050","67","MN0203"
"07/18/2023","DPR","DPR-M-23","Asser Levy Recreation Center","392 Asser Levy  Pl.","Manhattan","Spanish","Good","Good","Good","Yes","None","None","None","N/A","No","10010","40.736137","-73.976159","106","4","1022552","1009810002","62","MN0603"
"07/18/2023","HRA","HRA-B-10","Lincoln Hospital Medicaid Office","234 E 149th St. Basement Rm. B-75","Bronx","Russian","Excellent","Excellent","N/A","N/A","Spanish","Spanish","N/A","N/A","N/A","10451","40.81774","-73.924156","201","17","2097050","2023350016","65","BX0102"
"07/18/2023","HRA","HRA-B-18","Rider Job Center","300 Canal Pl. Fl. 1","Bronx","Russian","N/A","Good","Good","No","10 designated citywide languages","10 designated citywide languages","Other (Google Translate)","N/A","Yes","10451","40.813153","-73.927579","201","8","2000978","2023400072","51","BX0101"
"07/18/2023","HRA","HRA-B-XX","Medicaid Office","305 Rider Ave.","Bronx","Chinese","Excellent","Good","Good","No","10 designated citywide languages","10 designated citywide languages","Other (Google Translate)","N/A","No","10451","40.812986","-73.926972","201","8","2000978","2023400072","51","BX0101"
"07/18/2023","HRA","HRA-M-02","Union Square Job Center","109 East 16th St. Fl. 1","Manhattan","Spanish","Fair","N/A","N/A","Yes","10 designated citywide languages","One or more languages (specific language not recorded)","Bilingual staff","5 minutes or less","No","10003","40.735681","-73.988713","105","2","1017821","1008720013","50","MN0602"
"07/18/2023","HRA","HRA-M-42","Educational Services","109 East 16th St Fl. 9","Manhattan","Spanish","Good","N/A","N/A","Yes","One or more languages (specific language not recorded)","One or more languages (specific language not recorded)","None","N/A","No","10003","40.735681","-73.988713","105","2","1017821","1008720013","50","MN0602"
"07/18/2023","OATH","ATH-B-01","OATH Hearings Divison","3030 3rd Ave. Rm. 250","Bronx","Chinese","N/A","N/A","N/A","No","None","None","Other (Google Translate)","N/A","No","10455","40.819857","-73.913268","201","17","2117395","2023630024","71","BX0102"
"07/18/2023","SBS","SBS-B-08","Workforce 1 Sector-Based Career Center","1029 E 163rd St Floor 3","Bronx","Chinese","N/A","Excellent","Excellent","Yes","None","10 designated citywide languages","Other (Google Translate)","N/A","Yes","10459","40.820992","-73.891801","202","17","2005788","2027240190","159","BX0202"
"07/19/2023","DOHMH","DOH-M-17","The Health Academy","160 West 100th St. Fl. 2 Rm. 203","Bronx","Spanish","Excellent","Excellent","Excellent","Yes","One or more languages (specific language not recorded)","One or more languages (specific language not recorded)","Bilingual staff","5 minutes or less","Yes",,,,,,,,,
"07/19/2023","DOHMH","DOH-M-18","Riverside Sexual Health Clinic","160 W 100th St.","Manhattan","Spanish","Excellent","Excellent","N/A","No","None","None","Bilingual staff","5 minutes or less","No","10025","40.796369","-73.967842","107","7","1055906","1018520049","185","MN0703"
"07/19/2023","DPR","DPR-M-09","Recreation Center 54","348 E 54th St.","Manhattan","Spanish","N/A","Excellent","N/A","Yes","None","None","Bilingual staff","5 minutes or less","Yes","10022","40.756882","-73.965536","106","4","1039840","1013460032","98","MN0604"
"07/19/2023","DPR","DPR-M-19","Arsenal Permit Office at The Arsenal","830 Fifth Ave.","Manhattan","Spanish","Good","Excellent","Good","No","None","None","Bilingual staff","5 minutes or less","Yes","10065","40.767711","-73.970516","164","6","1083811","1011110001","143","MN6491"
"07/19/2023","DPR","DPR-M-33","West 79th St. Boat Basin","W 79th St. & Hudson River","Manhattan","Spanish","N/A","N/A","N/A","N/A","N/A","N/A","N/A","N/A","N/A",,,,,,,,,
"07/19/2023","DPR","DPR-S-12","Faber Field House","2175 Richmond Terrace","Staten Island","Russian","N/A","N/A","Excellent","No","None","None","Bilingual staff","5 minutes or less","Yes","10302","40.640265","-74.135434","501","49","5095251","5010700034","20702","SI0106"
"07/19/2023","DPR","DPR-M-15","Gertrude Ederle Recreation Center","533 W 59th St.","Manhattan","Spanish","Excellent","Good","N/A","Yes","None","None","Bilingual staff","5 minutes or less","Yes","10019","40.770866","-73.98866","107","6","1086545","1011510015","147","MN0701"
"07/19/2023","ENDGBDV","MYR-S-01","NYC Family Justice Center","126 Stuyvesant Pl.","Staten Island","Chinese","Excellent","N/A","N/A","N/A","N/A","N/A","Other (Google Translate)","N/A","No","10301","40.642948","-74.076921","501","49","5000085","5000080070","3","SI0101"
"07/19/2023","HRA","HRA-S-02","Office of Child Support Enforcement - Richmond County","100 Richmond Terrace","Staten Island","Russian","Good","Excellent","N/A","Yes","10 designated citywide languages","None","Bilingual staff","5 minutes or less","Yes","10301","40.644935","-74.07723","501","49","5000090","5000090022","7","SI0101"
"07/19/2023","SBS","SBS-S-03","Workforce 1 Career Center","120 Stuyvesant Place","Staten Island","Chinese","N/A","Good","Good","No","None","10 designated citywide languages","Other","N/A","Yes","10301","40.643264","-74.077159","501","49","5000084","5000080060","3","SI0101"
"07/19/2023","SBS","SBS-S-04","NYC Business Solution Center","1029 E 163rd St Floor 3","Staten Island","Russian","Excellent","Excellent","Excellent","No","None","10 designated citywide languages","Bilingual staff","5 minutes or less","Yes",,,,,,,,,
"07/19/2023","SBS","SBS-S-06","Workforce 1 Expansion Center","1972 Richmond Center","Staten Island","Chinese","N/A","N/A","N/A","N/A","N/A","N/A","N/A","N/A","N/A",,,,,,,,,
"07/20/2023","CCHR","CHR-S-01","NYC Human Rights Community Service Center","60 Bay St. Fl. 6","Staten Island","Russian","Excellent","N/A","Excellent","N/A","N/A","N/A","Told to return later, Other","N/A","No","10301","40.640558","-74.07569","501","49","5000025","5000050051","3","SI0101"
"07/20/2023","CLERK","CCK-B-01","Borough Office","851 Grand Concourse","Bronx","Spanish","Excellent","Excellent","Fair","Yes","One or more languages (specific language not recorded)","One or more languages (specific language not recorded)","None","N/A","No","10451","40.826048","-73.923102","204","16","2002869","2024680001","6301","BX0401"
"07/20/2023","CLERK","CCK-S-01","Borough Office","10 Richmond Terrace","Staten Island","Chinese","Excellent","Excellent","Excellent","Yes","None","None","Bilingual staff","N/A","Yes","10301","40.642367","-74.075274","501","49","5000063","5000070001","3","SI0101"
"07/20/2023","DCP","DCP-S-01","Staten Island Borough Office","130 Stuyvesant Pl. Fl. 6","Staten Island","Russian","Good","Excellent","Excellent","No","None","None","Bilingual staff","5 minutes or less","Yes","10301","40.642907","-74.076889","501","49","5000085","5000080070","3","SI0101"
"07/20/2023","DHS","DHS-B-02","PATH Families Intake","151 East 151st St.","Bronx","Spanish","Excellent","Fair","N/A","Yes","One or more languages (specific language not recorded)","Spanish","Bilingual staff","5-10 minutes","Yes","10451","40.821239","-73.927563","204","8","2117641","2023530057","6301","BX0401"
"07/20/2023","DOT","DOT-S-01","Staten Island Permit Office","10 Richmond Terrace","Staten Island","Russian","Excellent","Excellent","N/A","Yes","Spanish, Russian, Chinese","One or more languages (specific language not recorded)","Language Line","5 minutes or less","Yes","10301","40.642367","-74.075274","501","49","5000063","5000070001","3","SI0101"
"07/20/2023","DPR","DPR-B-13","Hunts Point Recreation Center","765 Manida St.","Bronx","Spanish","N/A","Excellent","Excellent","Yes","One or more languages (specific language not recorded)","10 designated citywide languages","Bilingual staff","5 minutes or less","Yes","10474","40.815865","-73.888768","202","17","2109472","2027630001","9301","BX0201"
"07/20/2023","ENDGBDV","MYR-B-01","NYC Family Justice Center","198 East 161 St.","Bronx","Spanish","Excellent","Excellent","Excellent","Yes","One or more languages (specific language not recorded)","One or more languages (specific language not recorded)","Bilingual staff","5 minutes or less","Yes","10451","40.826354","-73.921024","204","16","2099027","2024430094","61","BX0401"
"07/20/2023","HPD","HPD-S-02","Code Enforcement Services","10 Richmond Terrace","Staten Island","Chinese","Excellent","Excellent","Excellent","Yes","Spanish","None","Language Line","5 minutes or less","Yes","10301","40.642367","-74.075274","501","49","5000063","5000070001","3","SI0101"
"07/20/2023","HRA","HRA-B-20","Office of Child Support Bronx Family Court","900 Sheridan Ave.","Bronx","Spanish","Excellent","Excellent","Excellent","Yes","One or more languages (specific language not recorded)","10 designated citywide languages","N/A","5 minutes or less","N/A","10451","40.826873","-73.920872","204","16","2002704","2024540001","18302","BX0401"
"07/20/2023","NYCHA","NHA-M-01","Management Borough Office","1980 Lexington Ave.","Manhattan","Spanish","N/A","Excellent","Excellent","No","None","None","Bilingual staff","5 minutes or less","Yes","10035","40.801789","-73.939319","111","9","1054377","1017690005","196","MN1102"
"07/20/2023","OATH","ATH-B-02","OATH Hearings Divison","260 East 161st","Bronx","Spanish","Excellent","Poor","Poor","Yes","One or more languages (specific language not recorded)","One or more languages (specific language not recorded)","Language Line","5 minutes or less","No",,,,,,,,,
"07/20/2023","SBS","SBS-B-01","Workforce 1 Career Center","1029 E 163rd St Floor 3","Bronx","Spanish","N/A","Excellent","Excellent","Yes","One or more languages (specific language not recorded)","One or more languages (specific language not recorded)","Bilingual staff","5-10 minutes","Yes","10459","40.820992","-73.891801","202","17","2005788","2027240190","159","BX0202"
"07/21/2023","DCWP","DCA-M-01","Licensing Unit","42 Broadway St. Fl. 1","Manhattan","Russian","Excellent","N/A","N/A","Yes","None","Spanish, Chinese","Other (Google Translate)","5 minutes or less","Yes","10004","40.70627","-74.012909","101","1","1000812","1000220020","9","MN0101"
"07/21/2023","DOHMH","DOH-M-14","Manhattan Early Intervention Office","42 Broadway Suite 1611","Manhattan","Russian","N/A","N/A","Excellent","Yes","None","Russian, Spanish, Chinese, Bengali","Bilingual staff","5 minutes or less","Yes","10004","40.70627","-74.012909","101","1","1000812","1000220020","9","MN0101"
"07/24/2023","DOB","DOB-Q-01","Queens Borough Office","120-55 Queens Boulevard","Queens","Spanish","Poor","N/A","N/A","N/A","N/A","N/A","N/A","N/A","N/A","11415","40.713329","-73.828601","409","29","4052812","4022740002","21601","QN0901"
"07/24/2023","DOB","DOB-Q-01","Queens Borough Office","120-55 Queens Boulevard","Queens","Spanish","Fair","N/A","N/A","Yes","One or more languages (specific language not recorded)","One or more languages (specific language not recorded)","N/A","N/A","N/A","11415","40.713329","-73.828601","409","29","4052812","4022740002","21601","QN0901"
"07/24/2023","DOHMH","DOH-B-01","Morrisania Chest Center (Tuberculosis)","1309 Fulton Ave. Fl. 1","Bronx","Russian","Excellent","Excellent","N/A","Yes","Spanish","None","Language Line","5 minutes or less","Yes","10456","40.832853","-73.903028","203","16","2009620","2029250080","14701","BX0302"
"07/24/2023","DOHMH","DOH-B-02","Morrisania Sexual Health Clinic","1309 Fulton Ave. Fl. 2","Bronx","Chinese","Excellent","N/A","N/A","N/A","N/A","N/A","N/A","N/A","N/A","10456","40.832853","-73.903028","203","16","2009620","2029250080","14701","BX0302"
"07/24/2023","DOHMH","DOH-B-04","Bronx Early Intervention Office","1309 Fulton Ave Floor 5","Bronx","Chinese","Excellent","N/A","N/A","N/A","N/A","N/A","N/A","N/A","N/A","10456","40.832853","-73.903028","203","16","2009620","2029250080","14701","BX0302"
"07/24/2023","DOT","DOT-Q-01","Queens Permit Office","120-55 Queens Blvd.","Queens","Spanish","Fair","N/A","N/A","Yes","One or more languages (specific language not recorded)","One or more languages (specific language not recorded)","N/A","N/A","N/A","11415","40.713329","-73.828601","409","29","4052812","4022740002","21601","QN0901"
"07/24/2023","DOT","DOT-Q-03","Highway Inspection & Quality Assurance","120-55 Queens Blvd.","Queens","Spanish","Fair","Good","Good","Yes","10 designated citywide languages","None","Other (Google Translate)","N/A","No","11415","40.713329","-73.828601","409","29","4052812","4022740002","21601","QN0901"
"07/24/2023","DPR","DPR-Q-15","Lost Battalion Hall Recreation Center","93-29 Queens Blvd.","Queens","Spanish","N/A","N/A","N/A","N/A","N/A","N/A","N/A","N/A","N/A","11374","40.73147","-73.866044","406","24","4050408","4020770050","71702","QN0601"
"07/24/2023","HPD","HPD-Q-02","Code Enforcement Services","120-55 Queens Blvd Fl. 1","Queens","Spanish","Poor","N/A","N/A","N/A","N/A","N/A","N/A","N/A","N/A","11415","40.713329","-73.828601","409","29","4052812","4022740002","21601","QN0901"
"07/24/2023","HRA","HRA-B-02","Morrisania Medicaid Office","1225 Gerard Ave. Basement","Bronx","Russian","Excellent","N/A","Excellent","No","None","None","None","N/A","N/A","10452","40.835957","-73.919986","204","16","2003015","2024890060","197","BX0401"
"07/24/2023","HRA","HRA-B-22","Hunts Point SNAP","845 Barretto St. Fl. 1","Bronx","Russian","Excellent","Excellent","Excellent","Yes","10 designated citywide languages","One or more languages (specific language not recorded)","Language Line","5 minutes or less","Yes","10474","40.817656","-73.890358","202","17","2005939","2027390015","9301","BX0201"
"07/24/2023","HRA","HRA-B-24","Office of Child Support Enforcement Bronx Borough Office","849 Garrison Ave. Fl. 1","Bronx","Russian","Good","Excellent","N/A","Yes","10 designated citywide languages","None","Language Line","5 minutes or less","Yes","10474","40.816165","-73.892972","202","17",,,"9301","BX0201"
"07/24/2023","HRA","HRA-B-23","Hunt Point Job Center","845 Barretto St. Fl. 1","Bronx","Chinese","Excellent","Fair","Fair","Yes","One or more languages (specific language not recorded)","10 designated citywide languages","Other (Google Translate), Told to return later","N/A","No","10474","40.817656","-73.890358","202","17","2005939","2027390015","9301","BX0201"
"07/24/2023","NYPD","NYP-Q-02","Rifles and Firearms Licensing","120-55 Queens Blvd.","Queens","Spanish","Poor","Fair","Fair","yes","One or more languages (specific language not recorded)","None","None","N/A","Yes","11415","40.713329","-73.828601","409","29","4052812","4022740002","21601","QN0901"
"07/25/2023","CCHR","CHR-B-01","NYC Human Rights Community Service Center","1932 Arthur Ave. Rm 203A","Bronx","Russian","Excellent","N/A","Excellent","Yes","10 designated citywide languages","One or more languages (specific language not recorded)","Language Line","5 minutes or less","Yes","10457","40.845685","-73.893294","206","15","2009911","2029470018","36901","BX0602"
"07/25/2023","DOB","DOB-B-01","Bronx Borough Office","1932 Arthur Ave. Fl. 5","Bronx","Chinese","Excellent","Excellent","Excellent","No","Spanish","None","Language Line","5 minutes or less","Yes","10457","40.845685","-73.893294","206","15","2009911","2029470018","36901","BX0602"
"07/25/2023","DOB","DOB-K-01","Brooklyn Borough Office","210 Joralemon St.","Brooklyn","Spanish","Excellent","Good","Excellent","No","None","None","Bilingual staff","5 minutes or less","Yes","11201","40.692459","-73.990491","302","33","3002558","3002667501","9","BK0201"
"07/25/2023","DOF","DOF-K-01","Brooklyn Business Center","210 Joralemon St.","Brooklyn","Spanish","Good","Good","N/A","yes","None","None","Other (Google Translate)","5-10 minutes","Yes","11201","40.692459","-73.990491","302","33","3002558","3002667501","9","BK0201"
"07/25/2023","DOF","DOF-K-02","City Register","210 Joralemon St Fl. 2","Bronx","Spanish","Good","Fair","N/A","yes","None","None","None","N/A","No",,,,,,,,,
"07/25/2023","DPR","DPR-B-01","Bronx Permit Office","1 Bronx River Parkway","Bronx","Russian","Excellent","N/A","Excellent","No","None","None","Language Line","5-10 minutes","Yes","10462","40.847311","-73.870827","227","15","2101002","2043330001","334","BX2791"
"07/25/2023","HPD","HPD-B-02","Neighborhood Preservation Offices / Code Enforcement","1932 Arthur Ave. Fl. 3","Bronx","Russian","Excellent","Excellent","N/A","Yes","10 designated citywide languages","None","Language Line","5-10 minutes","Yes","10457","40.845685","-73.893294","206","15","2009911","2029470018","36901","BX0602"
"07/25/2023","HPD","HPD-K-04","Neighborhood Preservation","210 Joralemon St. Fl. 13","Brooklyn","Spanish","N/A","N/A","N/A","N/A","N/A","N/A","N/A","N/A","N/A","11201","40.692459","-73.990491","302","33","3002558","3002667501","9","BK0201"
"07/25/2023","HRA","HRA-B-08","Crotona Job Center","1910 Monterey Ave. Fl. 1","Bronx","Chinese","Good","Excellent","Excellent","Yes","One or more languages (specific language not recorded)","10 designated citywide languages","Language Line, Other (Google Translate)","5 minutes or less","Yes","10457","40.846932","-73.895099","206","15","2011826","2030600032","37504","BX0602"
"07/25/2023","SBS","SBS-B-07","Workforce 1 Expansion Center","901 E Tremont Ave. Fl 2","Bronx","Chinese","N/A","Excellent","Excellent","Yes","One or more languages (specific language not recorded)","None","Bilingual staff","N/A","Yes","10460","40.84221","-73.884611","206","15","2113796","2031210033","363","BX0601"
"07/26/2023","DCAS","CAS-S-01","Civil Service Application & Testing Center","135 Canal St. Fl. 3","Staten Island","Russian","Good","Excellent","Excellent","Yes","None","None","Bilingual staff","5 minutes or less","Yes","10304","40.62669","-74.078048","501","49","5013793","5005270001","21","SI0102"
"07/26/2023","DOF","DOF-S-01","Staten Island Business Center","350 Saint Marks Pl.  Fl. 1","Staten Island","Chinese","Excellent","Excellent","Excellent","Yes","10 designated citywide languages","10 designated citywide languages","Language Line","5 minutes or less","Yes","10301","40.640708","-74.077697","501","49","5000185","5000160054","3","SI0101"
"07/26/2023","DOHMH","DOH-S-04","Staten Island Early Intervention Center","135 Canal St.","Staten Island","Chinese","N/A","Fair","Fair","No","One or more languages (specific language not recorded)","None","None","N/A","No","10304","40.62669","-74.078048","501","49","5013793","5005270001","21","SI0102"
"07/26/2023","DPR","DPR-B-07","St. James Recreation Center","2530 Jerome Ave.","Bronx","Spanish","N/A","N/A","N/A","N/A","N/A","N/A","N/A","N/A","N/A","10468","40.864777","-73.899489","207","14","2118325","2031760001","401","BX0701"
"07/26/2023","DPR","DPR-B-07","St. James Recreation Center","2530 Jerome Ave.","Bronx","Spanish","N/A","N/A","N/A","N/A","N/A","N/A","N/A","N/A","N/A","10468","40.864777","-73.899489","207","14","2118325","2031760001","401","BX0701"
"07/26/2023","DPR","DPR-B-10","Williamsburg Oval Recreation Center","3225 Reservoir Oval E","Bronx","Spanish","N/A","Excellent","N/A","yes","One or more languages (specific language not recorded)","One or more languages (specific language not recorded)","Bilingual staff","5 minutes or less","Yes","10467","40.876353","-73.878903","207","11","2018251","2033430400","423","BX0703"
"07/26/2023","HRA","HRA-B-19","North Central Bronx Hospital Medicaid Office","3424 Kossuth Ave.","Bronx","Spanish","Excellent","N/A","N/A","N/A","N/A","N/A","N/A","N/A","N/A","10467","40.880676","-73.881571","207","11","2017787","2033270200","421","BX0703"
"07/26/2023","HRA","HRA-B-YY","Fordham Medicaid Office","2540-549 Bainbridge Ave.","Bronx","Spanish","Excellent","Poor","N/A","yes","One or more languages (specific language not recorded)","None","None","N/A","No","10458","40.862285","-73.893357","207","15","2016586","2032860001","39901","BX0701"
"07/26/2023","HRA","HRA-S-05","Richmond Job Center","201 Bay St. Fl. 1","Staten Island","Russian","Excellent","N/A","Excellent","No","10 designated citywide languages","None","Bilingual staff","5 minutes or less","Yes","10301","40.636992","-74.076212","501","49","5013238","5004970009","21","SI0102"
"07/26/2023","HRA","HRA-S-04","Richmond SNAP Center","201 Bay St. Fl. 1","Staten Island","Chinese","Fair","N/A","N/A","No","One or more languages (specific language not recorded)","None","None","N/A","No","10301","40.636992","-74.076212","501","49","5013238","5004970009","21","SI0102"
"07/26/2023","HRA","HRA-S-09","Staten Island Medicaid Office","215 Bay St. Ground Fl.","Staten Island","Russian","N/A","Excellent","N/A","Yes","None","None","Language Line","5 minutes or less","Yes","10301","40.636699","-74.076247","501","49","5013236","5004970001","21","SI0102"
"07/26/2023","NYCHA","NHA-B-06","Bronx/Manhattan Customer Contact Center","478 East Fordham Road","Bronx","Spanish","N/A","Excellent","Excellent","Yes","One or more languages (specific language not recorded)","One or more languages (specific language not recorded)","Bilingual staff","5 minutes or less","Yes","10458","40.86051","-73.889148","206","15","2088325","2030330053","387","BX0603"
"07/26/2023","SBS","SBS-B-03","Workforce 1 Career Center","400 East Fordham Road","Bronx","Spanish","Excellent","Excellent","Excellent","Yes","One or more languages (specific language not recorded)","One or more languages (specific language not recorded)","Bilingual staff","5 minutes or less","Yes","10458","40.8609","-73.891931","206","15","2116415","2030337501","38304","BX0603"
"07/26/2023","SBS","SBS-B-04","NYC Business Solution Center","400 E Fordham Rd. Fl 7","Bronx","Spanish","Excellent","Excellent","Excellent","yes","One or more languages (specific language not recorded)","One or more languages (specific language not recorded)","Bilingual staff","5-10 minutes","Yes","10458","40.8609","-73.891931","206","15","2116415","2030337501","38304","BX0603"
"07/27/2023","DPR","DPR-M-05","Thomas Jefferson Recreation Center","2180 1st Ave.","Manhattan","Spanish","N/A","Excellent","Excellent","Yes","One or more languages (specific language not recorded)","One or more languages (specific language not recorded)","Bilingual staff","5 minutes or less","Yes","10029","40.793562","-73.937181","111","8","1085632","1017050001","178","MN1102"
"07/27/2023","HRA","HRA-M-16","Metropolitan Hospital Medicaid Office","1901 First Ave.","Manhattan","Spanish","N/A","Excellent","Excellent","Yes","One or more languages (specific language not recorded)","10 designated citywide languages","Bilingual staff","5 minutes or less","N/A","10029","40.784557","-73.94378","111","8","1083929","1016690001","15602","MN1101"
"07/31/2023","DOHMH","DOH-K-05","Fort Greene Chest Center (Tuberculosis)","295 Flatbush Ave. Fl. 4","Brooklyn","Russian","Excellent","Excellent","Good","No","One or more languages (specific language not recorded)","None","Language Line","5 minutes or less","Yes","11217","40.679035","-73.973786","308","35","3028334","3011500006","161","BK0801"
"07/31/2023","DOHMH","DOH-K-06","Fort Greene Health Center","295 Flatbush Ave.","Brooklyn","Chinese","Poor","N/A","N/A","N/A","One or more languages (specific language not recorded)","One or more languages (specific language not recorded)","N/A","N/A","No","11217","40.679035","-73.973786","308","35","3028334","3011500006","161","BK0801"
"07/31/2023","DOHMH","DOH-K-07","Fort Greene Sexual Health Clinic","295 Flatbush Ave. Fl. 2","Brooklyn","Russian","Excellent","N/A","Excellent","No","One or more languages (specific language not recorded)","None","Other (Google Translate)","5 minutes or less","Yes","11217","40.679035","-73.973786","308","35","3028334","3011500006","161","BK0801"
"07/31/2023","DOHMH","DOH-Q-04","Corona Chest Center (Tuberculosis)","34-33 Junction Blvd.","Queens","Spanish","Excellent","Fair","Fair","Yes","One or more languages (specific language not recorded)","None","Language Line","5 minutes or less","Yes","11372","40.754179","-73.872231","403","21","4042887","4017290027","37502","QN0303"
"07/31/2023","DOHMH","DOH-Q-05","Corona Sexual Health Clinic","34-33 Junction Blvd. Fl. 1","Queens","Spanish","Good","N/A","N/A","Yes","One or more languages (specific language not recorded)","N/A","Told to return later","N/A","No","11372","40.754179","-73.872231","403","21","4042887","4017290027","37502","QN0303"
"07/31/2023","DPR","DPR-Q-04","AI Oerter Recreation Center","131-40 Fowler Ave.","Queens","Spanish","N/A","Excellent","Excellent","Yes","One or more languages (specific language not recorded)","None","Bilingual staff","5 minutes or less","Yes","11355","40.751616","-73.834155","407","20","4540092","4020180001","38302","QN8191"
"07/31/2023","DPR","DPR-Q-16","Flushing Meadows Corona Park Aquatic Center","131-04 Meridian Rd.","Queens","Spanish","N/A","N/A","Excellent","Yes","One or more languages (specific language not recorded)","One or more languages (specific language not recorded)","Bilingual staff","5 minutes or less","Yes","11355","40.752442","-73.837885","481","21","4540097","4020180001","38302","QN8191"
"07/31/2023","DPR","DPR-Q-18","Queens Special Events & Permits Office at the Passerelle Building","Flushing Meadows-Corona Park","Queens","Spanish","N/A","Excellent","Excellent","Yes","One or more languages (specific language not recorded)","One or more languages (specific language not recorded)","Bilingual staff","5 minutes or less","Yes",,,,,,,,,
"07/31/2023","HRA","HRA-K-44","Dekalb Job Center","275 Bergen St. Fl. 1","Brooklyn","Russian","N/A","Good","Excellent","Yes","One or more languages (specific language not recorded)","One or more languages (specific language not recorded)","Bilingual staff","5-10 minutes","Yes","11217","40.683749","-73.982816","302","33","3335918","3001970028","39","BK0202"
"07/31/2023","HRA","HRA-K-29","Job Center/Southern Brooklyn","35 4th Ave. Fl. 1","Brooklyn","Chinese","N/A","N/A","N/A","N/A","N/A","N/A","N/A","N/A","N/A","11217","40.683419","-73.97898","306","39","3000000","3009280001","12901","BK0602"
"07/31/2023","OATH","ATH-K-02","OATH Hearings Divison","9 Bond St. Fl. 6","Brooklyn","Chinese","N/A","N/A","N/A","N/A","N/A","N/A","N/A","N/A","N/A","11201","40.689376","-73.983164","302","33","3329441","3001600007","37","BK0202"
"07/31/2023","SBS","SBS-K-02","Brooklyn Workforce1 Career Center","9 Bond Street","Brooklyn","Chinese","Excellent","Fair","Fair","Yes","One or more languages (specific language not recorded)","None","None","N/A","No","11201","40.689376","-73.983164","302","33","3329441","3001600007","37","BK0202"
"07/31/2023","SBS","SBS-K-06","NYC Business Solution Center","9 Bond St. Fl. 5","Brooklyn","Russian","Excellent","Excellent","Excellent","Yes","One or more languages (specific language not recorded)","None","Bilingual staff","5-10 minutes","Yes","11201","40.689376","-73.983164","302","33","3329441","3001600007","37","BK0202"
"07/31/2023","TLC","TLC-Q-04","Safety and Emissions","24-55 Brooklyn-Queens Expwy.","Queens","Spanish","N/A","N/A","N/A","N/A","N/A","N/A","N/A","N/A","N/A","11377","40.764199","-73.902694","401","22","4022499","4010160045","299","QN0171"
"07/10/2024","BIC","BIC-M-01","Licensing Unit","100 Church St. Fl. 20","Manhattan","Chinese","Excellent","Excellent","N/A","Yes","N/A","None","Google Translate","Interpreter not provided","No","10007","40.712968","-74.00949","101","1","1001409","1001250020","21","MN0102"
"07/12/2024","DORIS","DOR-M-01","Municipal Archives","31 Chambers Street","Manhattan","Mandarin","Excellent","Excellent","N/A","Yes","N/A","None","Language Line","5-10 minutes","Yes","10007","40.713402","-74.004635","101","1","1001670","1001530024","31","MN0102"
"07/15/2024","DCP","DCP-M-03","Manhattan Borough Office","120 Broadway","Manhattan","Mandarin","Excellent","Good","N/A","Yes","N/A","None","N/A","Interpreter not provided","No","10271","40.708546","-74.011041","101","1","1001026","1000477501","7","MN0101"
"07/15/2024","DOF","DOF-M-04","City Register","66 John St.","Manhattan","Chinese","Excellent","Good","Good","Yes","N/A","None","Told to return later","Interpreter not provided","No","10038","40.708933","-74.007614","101","1","1079043","1000670001","1502","MN0101"
"07/15/2024","DOHMH","DOH-M-14","Manhattan Early Intervention Office","42 Broadway Suite 1611","Manhattan","Mandarin","Good","Good","Excellent","Yes","N/A","One or more languages (specific language not recorded)","Language Line","5 minutes or less","Yes","10004","40.70627","-74.012909","101","1","1000812","1000220020","9","MN0101"
"07/16/2024","DOB","DOB-M-04","Manhattan Borough Office","280 Broadway Floor 3","Manhattan","Mandarin","Excellent","Fair","N/A","Yes","N/A","None","N/A","Interpreter not provided","No","10007","40.714417","-74.006089","101","1","1079215","1001530001","31","MN0102"
"07/17/2024","CCRB","CRB-M-01","Civilian Complaints Against Police","100 Church St Floor 10","Manhattan","Cantonese","Excellent",,"Excellent","No","N/A","None","Google Translate","Interpreter not provided","Yes","10007","40.712968","-74.00949","101","1","1001409","1001250020","21","MN0102"
"07/17/2024","DOB","DOB-M-12","Padlock Unit","22 Reade St Fl 5","Manhattan","Mandarin","Excellent","N/A","N/A","No","N/A","None","N/A","Interpreter not provided","No","10007","40.714231","-74.004895","101","1","1078613","1001540023","31","MN0102"
"07/18/2024","CLERK","CCK-M-01","Borough Office","141 Worth St.","Manhattan","Chinese","Excellent","N/A","N/A","No","N/A","None","Google Translate","Interpreter not provided","Yes","10013","40.715093","-74.001948","101","1","1001830","1001660027","2901","MN0102"
"07/18/2024","DOHMH","DOH-M-16","Food Safety & Community Sanitation","125 Worth St. Fl. 10","Manhattan","Mandarin","Excellent","Excellent","Good","Yes","One or more languages (specific language not recorded)","None","Language Line","5 minutes or less","Yes","10013","40.715428","-74.002673","101","1","1001831","1001680032","31","MN0102"
"07/18/2024","HRA","HRA-M-37","Office of Child Support Enforcement","151 West Broadway Fl. 4","Manhattan","Mandarin","Excellent","Fair","Excellent","Yes","N/A","One or more languages (specific language not recorded)","Language Line","5 minutes or less","Yes","10013","40.717242","-74.007853","101","1","1001621","1001480010","33","MN0102"
"07/19/2024","DFTA","DFA-M-02","Senior Employement Services","2 Lafayette St. Fl 6","Manhattan","Mandarin","Excellent","Good","Excellent","Yes","N/A","One or more languages (specific language not recorded)","Bilingual staff","5-10 minutes","Yes","10007","40.713723","-74.003586","101","1","1001672","1001550001","31","MN0102"
"07/19/2024","DOB","DOB-M-10","Local Law enforment","280 Broadway Floor 4","Manhattan","Chinese","Excellent","Excellent","Excellent","Yes","10 designated citywide languages","10 designated citywide languages","Bilingual staff","5-10 minutes","Yes","10007","40.714417","-74.006089","101","1","1079215","1001530001","31","MN0102"
"07/19/2024","ENDGBDV","MYR-M-03","NYC Family Justice Center","80 Centre St.","Manhattan","Chinese","Excellent","Excellent","Excellent","Yes","N/A","None","Google Translate","N/A","Yes","10013","40.715447","-74.00189","101","1","1001830","1001660027","2901","MN0102"
"07/19/2024","HRA","HRA-M-41","Business Link","123 William St. Fl. 6","Manhattan","Chinese","Poor","Poor","Poor","Yes","10 designated citywide languages","None","Told to return later","Interpreter not provided","No","10038","40.709112","-74.006893","101","1","1079063","1000780004","1502","MN0101"
"07/22/2024","DOT","DOT-K-01","Brooklyn Permit Office","16 Court St Floor 15","Brooklyn","Cantonese","Excellent","N/A","N/A","Yes","10 designated citywide languages","N/A","Google Translate","Interpreter not provided","No","11241","40.693445","-73.990577","302","33","3002108","3002500044","9","BK0201"
"07/22/2024","ENDGBDV","MYR-K-01","NYC Family Justice Center","350 Jay St.","Brooklyn","Cantonese","Excellent","Excellent","Excellent","Yes","10 designated citywide languages","None","Google Translate","Interpreter not provided","Yes","11201","40.69351","-73.987249","302","33","3000259","3001407501","11","BK0202"
"07/22/2024","FDNY","FDN-K-02","Certificate of Fitness Testing Unit","9 Metrotech Center Fl. 1","Brooklyn","Mandarin","Excellent","N/A","N/A","Yes","N/A",,"N/A","N/A","No","11201","40.69486","-73.984674","302","33","3058187","3020470011","1502","BK0202"
"07/22/2024","FDNY","FDN-K-03","Public Records","9 Metrotech Center Fl. 1","Brooklyn","Mandarin","Excellent","Excellent","Fair","No","None",,"None","N/A","Yes","11201","40.69486","-73.984674","302","33","3058187","3020470011","1502","BK0202"
"07/22/2024","HRA","HRA-K-19","Office of Child Support Enforcement - King County","330 Jay St. Fl. 6","Brooklyn","Cantonese","Good","Excellent","Excellent","No","N/A","N/A","Google Translate","Interpreter not provided","No","11201","40.694495","-73.987198","302","33","3347736","3001407502","11","BK0202"
"07/22/2024","HRA","HRA-K-36","Michael J. Handy  Veteran Job Center","25 Chapel St. Fl. 6","Brooklyn","Chinese","Poor","Excellent","Excellent","Yes","10 designated citywide languages","None","Language Line","5 minutes or less","Yes","11201","40.697254","-73.986015","302","33","3335884","3001180006","13","BK0202"
"07/23/2024","DCAS","CAS-Q-01","Civil Service Application &Testing Center","118-35 Queens Blvd Floor 5","Queens","Cantonese","Excellent","Excellent","N/A","Yes","10 designated citywide languages","None","Bilingual staff","5 minutes or less","Yes","11375","40.71513","-73.830545","406","29","4052811","4022700041","75701","QN0602"
"07/23/2024","DOF","DOF-K-01","Brooklyn Business Center","210 Joralemon St Fl 1","Brooklyn","Mandarin","Good","N/A","Fair","Yes","N/A","None","None","N/A","No","11201","40.692459","-73.990491","302","33","3002558","3002667501","9","BK0201"
"07/23/2024","DOF","DOF-K-02","City Register","210 Joralemon St F 2","Brooklyn","Mandarin","Good","N/A","Fair","Yes","N/A","None","N/A","N/A","No","11201","40.692459","-73.990491","302","33","3002558","3002667501","9","BK0201"
"07/23/2024","DOHMH","DOH-K-04","Brooklyn Early Intervention Office","16 Court St.","Brooklyn","Mandarin","Excellent","Excellent","N/A","Yes","One or more languages (specific language not recorded)","One or more languages (specific language not recorded)","Language Line","5 minutes or less","Yes","11241","40.693445","-73.990577","302","33","3002108","3002500044","9","BK0201"
"07/23/2024","ENDGBDV","MYR-Q-02","NYC Family Justice Center","126-02 82nd Ave.","Queens","Cantonese","N/A","N/A","N/A","N/A","N/A","N/A","N/A","N/A","N/A","11415","40.713732","-73.826122","409","29","4458616","4096570001","21601","QN0901"
"07/23/2024","HRA","HRA-Q-02","Office of Child Support","151-20 Jamaica Ave. Fl. 4","Queens","Cantonese","Excellent","Excellent","N/A","Yes","10 designated citywide languages","10 designated citywide languages","Google Translate","Interpreter not provided","Yes","11432","40.702499","-73.803109","412","27","4438731","4100930001","240","QN1201"
"07/23/2024","HRA","HRA-Q-03","Jamaica SNAP","165-08 88th Ave. Fl. 3","Queens","Cantonese","Excellent","Excellent","Excellent","Yes","10 designated citywide languages","10 designated citywide languages","Google Translate","Interpreter not provided","Yes","11432","40.708661","-73.796703","412","24","4210062","4098150056","460","QN1201"
"07/23/2024","HRA","HRA-Q-08","Jamaica Job Center","165-08 88th Ave.","Queens","Cantonese","Excellent","Excellent","N/A","Yes","10 designated citywide languages","None","Google Translate","Interpreter not provided","Yes","11432","40.708661","-73.796703","412","24","4210062","4098150056","460","QN1201"
"07/23/2024","SBS","SBS-K-02","Brooklyn Workforce1 Career Center","9 Bond Street","Brooklyn","Cantonese","Fair","Excellent","Good","Yes","10 designated citywide languages","None","Google Translate","Interpreter not provided","Yes","11201","40.689376","-73.983164","302","33","3329441","3001600007","37","BK0202"
"07/24/2024","CCHR","CHR-Q-01","NYC Human Rights Community Service Center","153-02 Jamaica Ave Fl. 2","Queens","Mandarin","Poor","N/A","N/A","No","Spanish",,,,,"11432","40.702788","-73.802087","412","27",,,"240","QN1201"
"07/24/2024","SBS","SBS-Q-03","Workforce 1 Sector-Based Career Center","168-46 91st Ave.","Queens","Mandarin","Fair","Excellent","Excellent","Yes","N/A","None","Bilingual staff","5 minutes or less","Yes","11432","40.70742","-73.792169","412","27","4209641","4097990001","460","QN1201"
"07/25/2024","DOF","DOF-Q-01","Queens Business Center","144-06 94th Ave. Fl 1","Queens","Mandarin","Excellent","Fair","Fair","Yes","N/A","None","N/A","N/A","No","11435","40.698517","-73.8083","412","27","4439745","4099930003","208","QN1201"
"07/25/2024","DOHMH","DOH-M-03","Corrections-Birth/Death Certificate","125 Worth St. Rm 144","Manhattan","Haitian Creole","Poor","Poor","N/A","Yes","10 designated citywide languages","None","Told to find a bilingual person in waiting area, Language Line","10-30 minutes","Yes","10013","40.715428","-74.002673","101","1","1001831","1001680032","31","MN0102"
"07/25/2024","DOT","DOT-Q-01","Queens Permit Office","120-55 Queens Blvd.","Queens","Mandarin","Good","Good","Good","Yes","10 designated citywide languages","One or more languages (specific language not recorded)","Language Line","5-10 minutes","Yes","11415","40.713329","-73.828601","409","29","4052812","4022740002","21601","QN0901"
"07/25/2024","DOT","DOT-Q-03","Highway Inspection & Quality Assurance","120-55 Queens Blvd.","Queens","Mandarin","Good","Good","Good","Yes","N/A","None","Google Translate","N/A","Yes","11415","40.713329","-73.828601","409","29","4052812","4022740002","21601","QN0901"
"07/25/2024","NYPD","NYP-Q-02","Rifles and Firearms Licensing","120-55 Queens Blvd.","Queens","Mandarin","Good","Fair","N/A","Yes","N/A","None","None","N/A","Yes","11415","40.713329","-73.828601","409","29","4052812","4022740002","21601","QN0901"
"07/29/2024","DPR","DPR-M-09","Recreation Center 54","348 E 54th St.","Manhattan","Cantonese","N/A","Excellent","Excellent","Yes","10 designated citywide languages","10 designated citywide languages","Google Translate","Interpreter not provided","Yes","10022","40.756882","-73.965536","106","4","1039840","1013460032","98","MN0604"
"07/29/2024","HRA","HRA-M-06","Chinatown Medicaid Office","115 Chrystie St. Fl. 5","Manhattan","Mandarin","Excellent","N/A","Fair","Yes","10 designated citywide languages","One or more languages (specific language not recorded)","Bilingual staff","N/A","No","10002","40.718647","-73.993586","103","1","1005645","1004230022","18","MN0302"
"07/29/2024","HRA","HRA-M-29","Office of Child Suppport Enforcement - Manhattan","60 Lafayette St. Fl. 1","Manhattan","Mandarin","Excellent","Good","Good","Yes","N/A","One or more languages (specific language not recorded)","Google Translate","5 minutes or less","Yes","10013","40.71646","-74.002327","101","1","1001842","1001710031","31","MN0102"
"07/30/2024","DHS","DHS-M-04","Adult Family Intake center","400-430 E 30th St. Fl 1","Manhattan","Mandarin","N/A","N/A","N/A","N/A","N/A","N/A","N/A","N/A","N/A","10016","40.74113","-73.975017","106","4","1087298","1009620097","62","MN0603"
"07/30/2024","DOF","DOF-B-01","Bronx Business Center","3050 3rd Ave","Bronx","Cantonese","Good","Fair","Good","Yes","10 designated citywide languages","None","Language Line","5 minutes or less","Yes","10451","40.820472","-73.912822","201","17",,,"71","BX0102"
"07/30/2024","DOT","DOT-M-01","Manhattan Permit office","55 Water St.","Manhattan","Cantonese","N/A","N/A","N/A","N/A","N/A","N/A","N/A","N/A","N/A","10041","40.703608","-74.009691","101","1","1083346","1000327501","9","MN0101"
"07/30/2024","DPR","DPR-M-03","Hamilton Fish Recreation Center","128 Pitt St.","Manhattan","Cantonese","N/A","Excellent","Excellent","Yes","10 designated citywide languages","10 designated citywide languages","Google Translate","Interpreter not provided","Yes","10002","40.719854","-73.981721","103","2","1081934","1003400001","2201","MN0302"
"07/30/2024","DPR","DPR-M-14","Chelsea Recreation center","430 W 25th St.","Manhattan","Cantonese","N/A","Excellent","Excellent","Yes","10 designated citywide languages","10 designated citywide languages","Google Translate","Interpreter not provided","Yes","10001","40.748291","-74.001649","104","3","1012811","1007220057","93","MN0401"
"07/30/2024","DPR","DPR-M-18","Alfred E Smith Recreation Center","80 Catherine St.","Manhattan","Cantonese","N/A","Excellent","Excellent","Yes","10 designated citywide languages","10 designated citywide languages","Google Translate","Interpreter not provided","Yes","10038","40.710729","-73.996631","103","1","1083357","1001110160","25","MN0301"
"07/30/2024","DPR","DPR-M-23","Asser Levy Recreation Center","392 Asser Levy  Pl.","Manhattan","Mandarin","N/A","Excellent","N/A","Yes","N/A","One or more languages (specific language not recorded)","Google Translate","5 minutes or less","Yes","10010","40.736137","-73.976159","106","4","1022552","1009810002","62","MN0603"
"07/30/2024","HRA","HRA-M-02","Union Square Job Center","109 East 16th St. Fl. 1","Manhattan","Cantonese","Good","Excellent","Good","Yes","10 designated citywide languages","10 designated citywide languages","Bilingual staff","5 minutes or less","No","10003","40.735681","-73.988713","105","2","1017821","1008720013","50","MN0602"
"07/30/2024","HRA","HRA-M-07","Office of Child Support Enforcement Manhattan/Staten Island Borough Office","115 Chrystie St. Fl. 3","Manhattan","Cantonese","Good","Excellent","Fair","Yes","10 designated citywide languages","None","Language Line","5 minutes or less","Yes","10002","40.718647","-73.993586","103","1","1005645","1004230022","18","MN0302"
"07/30/2024","HRA","HRA-M-42","Educational Services","109 East 16th St Fl. 9","Manhattan","Mandarin","Fair","Excellent","N/A","Yes","N/A","None","None","N/A","No","10003","40.735681","-73.988713","105","2","1017821","1008720013","50","MN0602"
"07/30/2024","SBS","SBS-B-08","Workforce 1 Sector Based","14 Bruckner Blvd.","Bronx","Cantonese","Good","Good","Good","Yes","10 designated citywide languages","10 designated citywide languages","Language Line","5 minutes or less","Yes","10454","40.807517","-73.929123","201","8","2000682","2023080001","1901","BX0101"
"07/31/2024","HRA","HRA-B-26","Medicaid Office","305 Rider Ave.","Bronx","Mandarin","Good","Good","Good","Yes","N/A","None","Google Translate","Interpreter not provided","Yes","10451","40.812986","-73.926972","201","8","2000978","2023400072","51","BX0101"
"07/31/2024","OATH","ATH-B-01","OATH Hearings Divison","3030 3rd Ave. Rm. 250","Bronx","Mandarin","Good","Good","Good","Yes","N/A","None","Google Translate","Interpreter not provided","Yes","10455","40.819857","-73.913268","201","17","2117395","2023630024","71","BX0102"
"08/01/2024","DCAS","CAS-S -01","Civil Service Application &Testing Center","135 Canal St 3rd Fl","Staten Island","Haitian Creole","Good","Yes","N/A","Yes","10 designated citywide languages","10 designated citywide languages","Google Translate","Interpreter not provided","No","10304","40.62669","-74.078048","501","49","5013793","5005270001","21","SI0102"
"08/01/2024","DOHMH","DOH-M-17","The Health Academy","160 West 100th St. Fl. 2 Rm. 203","Manhattan","Mandarin","Excellent","Excellent","Excellent","Yes","None","None","None","N/A","Yes","10025","40.796369","-73.967842","107","7","1055906","1018520049","185","MN0703"
"08/01/2024","DOHMH","DOH-S-04","Staten Island Early Intervention Center","135 Canal Street 2nd Fl","Staten Island","Haitian Creole/French","Good","N/A","N/A","Yes","One or more languages (specific language not recorded)","None","Google Translate","Interpreter not provided","No","10304","40.62669","-74.078048","501","49","5013793","5005270001","21","SI0102"
"08/01/2024","DPR","DPR-M-19","Arsenal Permit Office at The Arsenal","830 Fifth Ave.","Manhattan","Mandarin","Excellent","Good","Excellent","Yes","10 designated citywide languages","None","Google Translate","Interpreter not provided","Yes","10065","40.767711","-73.970516","164","6","1083811","1011110001","143","MN6491"
"08/01/2024","DPR","DPR-M-15","Gertrude Ederle Recreation Center","533 W 59th St.","Manhattan","Cantonese","N/A","Excellent","Excellent","Yes","10 designated citywide languages","10 designated citywide languages","Google Translate","Interpreter not provided","Yes","10019","40.770866","-73.98866","107","6","1086545","1011510015","147","MN0701"
"08/01/2024","HRA","HRA-Q-14","Queens SNAP","32-20 Northern Blvd. Floor 2","Queens","French","Excellent","Excellent","Fair","Yes","10 designated citywide languages","Spanish","Language Line","5 minutes or less","Yes","11101","40.75197","-73.931799","401","26","4003105","4002147501","17102","QN0161"
"08/01/2024","HRA","HRA-Q-18","Queens Job Center","32-20 Northern Blvd.","Queens","Spanish","Excellent","Excellent","N/A","N/A","N/A","N/A","None","Interpreter not provided","No","11101","40.75197","-73.931799","401","26","4003105","4002147501","17102","QN0161"
"08/01/2024","HRA","HRA-Q-24","Queens Community Medicaid Office","32-20 Northern Blvd. Floor 3","Queens","Spanish","Poor","Excellent","Poor","Yes","10 designated citywide languages","None","Language Line","5 minutes or less","Yes","11101","40.75197","-73.931799","401","26","4003105","4002147501","17102","QN0161"
"08/02/2024","HRA","HRA-M-09","Waverly Job Center","12 West 14 St.","Manhattan","Korean","Good","Excellent","Excellent","N/A","10 designated citywide languages","None",,"5 minutes or less",,"10011","40.736301","-73.994342","102","2","1009716","1005770034","63","MN0202"
"08/05/2024","DOT","DOT-S-01","Staten Island Permit Office","10 Richmond Terrace","Staten Island","Mandarin","Excellent","N/A","N/A","Yes","N/A","None","N/A","N/A","N/A","10301","40.642367","-74.075274","501","49","5000063","5000070001","3","SI0101"
"08/05/2024","DPR","DPR-B-13","Hunts Point Recreation Center","765 Manida St.","Bronx","Cantonese","N/A","Excellent","Excellent","Yes","10 designated citywide languages","10 designated citywide languages","Google Translate","Interpreter not provided","Yes","10474","40.815865","-73.888768","202","17","2109472","2027630001","9301","BX0201"
"08/05/2024","DPR","DPR-S-12","Faber Field House","2175 Richmond Terrace","Staten Island","Mandarin","N/A","Excellent","N/A","Yes","N/A","One or more languages (specific language not recorded)","Google Translate","Interpreter not provided","Yes","10302","40.640265","-74.135434","501","49","5095251","5010700034","20702","SI0106"
"08/05/2024","ENDGBDV","MYR-B-01","NYC Family Justice Center","198 East 161 St.","Bronx","Cantonese","Excellent","Excellent","Excellent","Yes","10 designated citywide languages","None","Google Translate","Interpreter not provided","Yes","10451","40.826354","-73.921024","204","16","2099027","2024430094","61","BX0401"
"08/05/2024","HPD","HPD-S-02","Code Enforcement Services","10 Richmond Terrace","Staten Island","Mandarin","Excellent","Good",,"Yes","None","None","Google Translate","N/A","No","10301","40.642367","-74.075274","501","49","5000063","5000070001","3","SI0101"
"08/05/2024","HRA","HRA-B-20","Office of Child Support Bronx Family Court","900 Sheridan Ave.","Bronx","Cantonese","Excellent","N/A","N/A","Yes","10 designated citywide languages","N/A","Google Translate","5 minutes or less","Yes","10451","40.826873","-73.920872","204","16","2002704","2024540001","18302","BX0401"
"08/05/2024","HRA","HRA-B-23","Hunt Point Job Center","845 Barretto St. Fl. 1","Bronx","Cantonese","Excellent","N/A","N/A","Yes","10 designated citywide languages","N/A","N/A","N/A","No","10474","40.817656","-73.890358","202","17","2005939","2027390015","9301","BX0201"
"08/05/2024","HRA","HRA-B-24","Office of Child Support Enforcement Bronx Borough Office","849 Garrison Ave. Fl. 1","Bronx","Cantonese","Excellent","Excellent","N/A","Yes","10 designated citywide languages","None","Language Line","5 minutes or less","Yes","10474","40.816165","-73.892972","202","17",,,"9301","BX0201"
"08/05/2024","SBS","SBS-S-04","NYC Business Solution Center","120 Stuyvesant Place","Staten Island","Mandarin","Excellent","Good",,"Yes","N/A","None","Google Translate","Interpreter not provided","Yes","10301","40.643264","-74.077159","501","49","5000084","5000080060","3","SI0101"
"08/06/2024","CLERK","CCK-S-01","Borough Office","10 Richmond Terrace","Staten Island","Cantonese","Excellent","N/A","N/A","N/A","N/A","N/A","Google Translate","Interpreter not provided","No","10301","40.642367","-74.075274","501","49","5000063","5000070001","3","SI0101"
"08/06/2024","DCP","DCP-S-01","Staten Island Borough Office","130 Stuyveysant Pl. Fl 6","Staten Island","Cantonese","Good","Good","N/A","Yes","N/A","None","Google Translate","Interpreter not provided","Yes",,,,,,,,,
"08/06/2024","DEP","DEP-S-01","Staten Island Borough Office","60 Bay St","Staten Island","Cantonese","Excellent","N/A","N/A","N/A","N/A","N/A","N/A","N/A","N/A","10301","40.640558","-74.07569","501","49","5000025","5000050051","3","SI0101"
"08/06/2024","ENDGBDV","MYR-S-01","NYC Family Justice Center","126 Stuyvesant Pl.","Staten Island","Cantonese","Good","Good","N/A","Yes","10 designated citywide languages","None","Google Translate","N/A","Yes","10301","40.642948","-74.076921","501","49","5000085","5000080070","3","SI0101"
"08/06/2024","HRA","HRA-S-02","Office of Child Support Enforcement - Richmond County","100 Richmond Terrace","Staten Island","Cantonese","Excellent","Excellent","N/A","Yes","10 designated citywide languages","N/A","Language Line","5 minutes or less","Yes","10301","40.644935","-74.07723","501","49","5000090","5000090022","7","SI0101"
"08/06/2024","SBS","SBS-M-05","NYC Business Solution Center","79 John St.","Manhattan","Korean","N/A","N/A","N/A","N/A","N/A","N/A","N/A","N/A","N/A","10038","40.708461","-74.006875","101","1","1001186","1000770008","1502","MN0101"
"08/06/2024","SBS","SBS-S-03","Workforce 1 Career Center","120 Stuyvesant Place","Staten Island","Cantonese","Good","Good","N/A","Yes","10 designated citywide languages","None","Language Line","5 minutes or less","Yes","10301","40.643264","-74.077159","501","49","5000084","5000080060","3","SI0101"
"08/07/2024","CLERK","CCK-B-01","Borough Office","851 Grand Concourse","Bronx","Mandarin","Fair","N/A","N/A","Yes","N/A","None","Google Translate","Interpreter not provided","No","10451","40.826048","-73.923102","204","16","2002869","2024680001","6301","BX0401"
"08/07/2024","DHS","DHS-B-02","PATH Families Intake","151 East 151 st.","Bronx","Mandarin","N/A","N/A","N/A","Yes","None","None",,,,"10451","40.821239","-73.927563","204","8","2117641","2023530057","6301","BX0401"
"08/07/2024","OATH","ATH-B-02","OATH Hearings Divison","260 East 161st","Bronx","Mandarin","Excellent","Excellent","Excellent","Yes","Arabic","One or more languages (specific language not recorded)","Language Line","5 minutes or less","Yes",,,,,,,,,
"08/08/2024","DOHMH","DOH-B-01","Morrisania Chest Center (Tuberculosis)","1309 Fulton Ave. Fl 1","Bronx","Mandarin","N/A","N/A","N/A","Yes","N/A","None","Google Translate","N/A","No","10456","40.832853","-73.903028","203","16","2009620","2029250080","14701","BX0302"
"08/08/2024","DOHMH","DOH-B-02","Morrisania Sexual Health Clinic","1309 Fulton Ave. Fl 2","Bronx","Mandarin","N/A","N/A","N/A","Yes","None","None",,,"No","10456","40.832853","-73.903028","203","16","2009620","2029250080","14701","BX0302"
"08/08/2024","DOHMH","DOH-B-04","Bronx Early Intervention Office","1309 Fulton Ave Floor 5","Bronx","Mandarin","N/A","Excellent","N/A","Yes","Spanish","One or more languages (specific language not recorded)","Google Translate","N/A","Yes","10456","40.832853","-73.903028","203","16","2009620","2029250080","14701","BX0302"
"08/08/2024","HRA","HRA-K-29","Job Center/Southern Brooklyn","35 4th Ave. Fl. 1","Brooklyn","Korean","N/A","N/A","N/A","N/A","N/A","N/A","N/A","N/A","N/A","11217","40.683419","-73.97898","306","39","3000000","3009280001","12901","BK0602"
"08/08/2024","OATH","ATH-K-02","OATH Hearings Divison","9 Bond St. Fl. 6","Brooklyn","Korean","Excellent","N/A","Excellent","Yes","10 designated citywide languages","None","Language Line","5 minutes or less","Yes","11201","40.689376","-73.983164","302","33","3329441","3001600007","37","BK0202"
"08/08/2024","SBS","SBS-B-01","Workforce 1 Career Center","1029 E 163rd St Floor 3","Bronx","Mandarin","N/A","Fair","N/A","Yes","Spanish","Spanish","None","Interpreter not provided","Yes","10459","40.820992","-73.891801","202","17","2005788","2027240190","159","BX0202"
"08/12/2024","DPR","DPR-M-04","Pelham Fritz Recreation Center","18 Mount Morris Park W","Manhattan","Mandarin","Excellent","N/A","Excellent","Yes","10 designated citywide languages","None","Language Line","N/A","Yes","10027","40.804822","-73.945457","111","9","1083967","1017190001","198","MN1102"
"08/12/2024","HRA","HRA-M-20","East End Job Center","2322 Third Ave.","Manhattan","Mandarin","N/A","Good","N/A","Yes","N/A","None","N/A","N/A","Yes","10035","40.804465","-73.93526","111","8","1054497","1017750033","242","MN1102"
"08/13/2024","DOHMH","DOH-M-07","Central Harlem Sexual Health Clinic","2238 Fifth Ave Floor 1","Manhattan","Mandarin","Excellent","N/A","N/A","No","One or more languages (specific language not recorded)","Spanish",,,,"10037","40.813645","-73.936992","110","9","1053900","1017340034","212","MN1002"
"08/14/2024","DPR","DPR-M-05","Thomas Jefferson Recreation Center","2180 1st Ave.","Manhattan","Cantonese","N/A","Good","Good","Yes","10 designated citywide languages","10 designated citywide languages","Language Line","5 minutes or less","Yes","10029","40.793562","-73.937181","111","8","1085632","1017050001","178","MN1102"
"08/14/2024","DPR","DPR-M-06","Highbridge Recreation Center","2301 Amsterdam Ave.","Manhattan","Mandarin","Excellent","Excellent","N/A","Yes","10 designated citywide languages","One or more languages (specific language not recorded)","Google Translate","Interpreter not provided","Yes","10033","40.843434","-73.934301","112","10","1085868","1021060001","311","MN1291"
"08/14/2024","DPR","DPR-M-20","Jackie Robinson Recreation Center","85 Bradhurst Ave.","Manhattan","Mandarin","Excellent","Excellent","N/A","Yes","Spanish","None","Google Translate","Interpreter not provided","Yes","10039","40.824198","-73.942229","110","9","1084164","1020520001","231","MN0903"
"08/14/2024","HRA","HRA-M-12","St.Nicholas Job Center","132 W 12th St. Floor 2","Manhattan","Cantonese","Excellent","N/A","Excellent","Yes","10 designated citywide languages","None","Language Line","5 minutes or less","Yes","10011","40.73648","-73.998885","102","3","1088864","1006077502","71","MN0203"
"08/14/2024","NYCHA","NHA-M-01","Management Borough Office","1980 Lexington Ave.","Manhattan","Cantonese","N/A","Excellent","Excellent","Yes","10 designated citywide languages","10 designated citywide languages","Language Line","5 minutes or less","Yes","10035","40.801789","-73.939319","111","9","1054377","1017690005","196","MN1102"
"08/14/2024","SBS","SBS-M-02","Workforce 1 Career Center","215 W 125th St.","Manhattan","Cantonese","Good","Excellent","N/A","Yes","10 designated citywide languages","None","Language Line","5 minutes or less","Yes","10027","40.809259","-73.948979","110","9","1058659","1019310021","222","MN1001"
"08/14/2024","SBS","SBS-M-06","NYC Business Solution Center","560 W 181st St.","Manhattan","mandarin","Good","Good","N/A","Yes","N/A","None","None","N/A","yes","10033","40.848992","-73.932965","112","10","1081875","1021530081","269","MN1202"
"08/14/2024","SBS","SBS-M-09","Washingotn Heights Workforce 1 Expansion Center","560 W 181st St.","Manhattan","mandarin","Good","Good","N/A","Yes","Spanish","None","Google Translate","N/A","Yes","10033","40.848992","-73.932965","112","10","1081875","1021530081","269","MN1202"
"08/15/2024","HRA","HRA-S-04","Richmond Snap Center","201 Bay St. Fl. 1","Staten Island","Haitian Creole","N/A","N/A","N/A","No","10 designated citywide languages","Spanish","N/A","Interpreter not provided","No","10301","40.636992","-74.076212","501","49","5013238","5004970009","21","SI0102"
"08/15/2024","HRA","HRS-S-05","Richmond Job Center","201 Bay St. Fl. 1","Staten Island","Haitian Creole","N/A","N/A","N/A","No","10 designated citywide languages","N/A",,,,"10301","40.636992","-74.076212","501","49","5013238","5004970009","21","SI0102"
"08/16/2024","DOHMH","DOH-K-06","Fort Greene Health Center","295 Flatbush Ave.","Brooklyn","Korean","N/A","Excellent","Excellent","Yes","Haitian Creole, Chinese, Spanish","None",,"Interpreter not provided","No","11217","40.679035","-73.973786","308","35","3028334","3011500006","161","BK0801"
"08/16/2024","SBS","SBS-K-06","NYC Business Solution Center","9 Bond St. Fl. 5","Brooklyn","Korean","Excellent","Excellent","Excellent","Yes","10 designated citywide languages","None","Language Line","5 minutes or less","Yes","11201","40.689376","-73.983164","302","33","3329441","3001600007","37","BK0202"
"09/03/2024","DOB","DOB-Q-01","Queens Borough Office","120-55 Queens Boulevard","Queens","Spanish","Good","Poor","Poor","Yes","n/a","None","None","Interpreter not provided","No","11415","40.713329","-73.828601","409","29","4052812","4022740002","21601","QN0901"
"09/03/2024","HPD","HPD-Q-02","Code Enforcement Services","120-55 Queens Blvd.","Queens","Russian","Poor",,"Good","Yes","None","Russian, Chinese, Arabic, Spanish, HC","Bilingual staff","5-10 minutes","Yes","11415","40.713329","-73.828601","409","29","4052812","4022740002","21601","QN0901"
"09/03/2024","HRA","HRA-Q-13","Office of Child Support Enforcement Queens Borough Office","32-20 Northern Blvd. Floor 6","Queens","Spanish","Good","Fair","Excellent","Yes","10 designated citywide languages","10 designated citywide languages","None","n/a","Yes","11101","40.75197","-73.931799","401","26","4003105","4002147501","17102","QN0161"
"09/03/2024","HRA","HRA-Q-18","Queens Job Center","32-20 Northern Blvd.","Queens","Russian","Poor","Fair","Good","Yes","10 designated citywide languages","Spanish","Language Line","10-30 minutes","Yes","11101","40.75197","-73.931799","401","26","4003105","4002147501","17102","QN0161"
,"CCHR","CHR-B-01","NYC Human Rights Community Service Center","1932 Arthuer Ave. Rm 203A","Bronx","N/A","N/A","N/A","N/A","N/A","N/A","N/A","N/A","N/A","N/A",,,,,,,,,
,"CCHR","CHR-K-01","NYC Human Rights Community Service Center","25 Chapel St","Brooklyn","N/A","N/A","N/A","N/A","N/A","N/A","N/A","N/A","N/A","N/A","11201","40.697254","-73.986015","302","33","3335884","3001180006","13","BK0202"
,"CCHR","CHR-M-03","NYC Human Rights Community Service Center","22 Reade St.","Manhattan","N/A","N/A","N/A","N/A","N/A","N/A","N/A","N/A","N/A","N/A","10007","40.714231","-74.004895","101","1","1078613","1001540023","31","MN0102"
,"CCHR","CHR-S-01","NYC Human Rights Community Service Center","60 Bay St Fl 6","Staten Island","N/A","N/A","N/A","N/A","N/A","N/A","N/A","N/A","N/A","N/A","10301","40.640558","-74.07569","501","49","5000025","5000050051","3","SI0101"
,"DOB","DOB-B-01","Bronx Borough Office","1932 Arthur Ave","Bronx","N/A","N/A","N/A","N/A","N/A","N/A","N/A","N/A","N/A","N/A","10457","40.845685","-73.893294","206","15","2009911","2029470018","36901","BX0602"
,"DOB","DOB-K-01","Brooklyn Borough Office","210 Joralemon Street","Brooklyn","N/A","N/A","N/A","N/A","N/A","N/A","N/A","N/A","N/A","N/A","11201","40.692459","-73.990491","302","33","3002558","3002667501","9","BK0201"
,"DOHMH","DOH-Q-04","Corona Chest Center (Tuberculosis)","34-33 Junction Blvd","Queens","N/A","N/A","N/A","N/A","N/A","N/A","N/A","N/A","N/A","N/A","11372","40.754179","-73.872231","403","21","4042887","4017290027","37502","QN0303"
,"DOHMH","DOH-Q-05","Corona Sexual Health Clinic","34-33 Junxtion Blvd Fl 1","Queens","N/A","N/A","N/A","N/A","N/A","N/A","N/A","N/A","N/A","N/A",,,,,,,,,
,"DOHMH","DOH-Q-10","Queens Early Intervention Office","90-27 Parson Blvd. Fl 2","Queens","N/A","N/A","N/A","N/A","N/A","N/A","N/A","N/A","N/A","N/A",,,,,,,,,
,"DOHMH","DOH-K-05","Fort Greene Chest Center (Tuberculosis)","295 Flatbush Ave. Fl 4","Brooklyn","N/A","N/A","N/A","N/A","N/A","N/A","N/A","N/A","N/A","N/A","11217","40.679035","-73.973786","308","35","3028334","3011500006","161","BK0801"
,"DOHMH","DOH-K-07","Fort Greene Sexual Health Clinic","295 Flatbush Ave. Fl 2","Brooklyn","N/A","N/A","N/A","N/A","N/A","N/A","N/A","N/A","N/A","N/A","11217","40.679035","-73.973786","308","35","3028334","3011500006","161","BK0801"
,"DOHMH","DOH-M-18","Riverside Sexual Health Clinic","160 W 100th St.","Manhattan","N/A","N/A","N/A","N/A","N/A","N/A","N/A","N/A","N/A","N/A","10025","40.796369","-73.967842","107","7","1055906","1018520049","185","MN0703"
,"DOHMH","DOH-Q-08","Jamaica Sexual Health Clinic","90-37 Parsons Blvd. Fl. 1","Queens","N/A","N/A","N/A","N/A","N/A","N/A","N/A","N/A","N/A","N/A","11432","40.703826","-73.800483","412","27","4208836","4097560006","44601","QN1201"
,"DPR","DPR-B-01","Bronx Permit Office","1 Bronx River Parkway","Bronx","N/A","N/A","N/A","N/A","N/A","N/A","N/A","N/A","N/A","N/A","10462","40.847311","-73.870827","227","15","2101002","2043330001","334","BX2791"
,"DPR","DPR-B-07","St. James Recreation Center","2530 Jerome Ave.","Bronx","N/A","N/A","N/A","N/A","N/A","N/A","N/A","N/A","N/A","N/A","10468","40.864777","-73.899489","207","14","2118325","2031760001","401","BX0701"
,"DPR","DPR-B-10","Williamsburg Oval Recreation Center","3225 Reservoir Oval E","Bronx","N/A","N/A","N/A","N/A","N/A","N/A","N/A","N/A","N/A","N/A","10467","40.876353","-73.878903","207","11","2018251","2033430400","423","BX0703"
,"DPR","DPR-B-12","St. Mary's Recreation Center","450 St. Anne's Ave.","Bronx","N/A","N/A","N/A","N/A","N/A","N/A","N/A","N/A","N/A","N/A",,,,,,,,,
,"HPD","HPD-B-02","Neighborhood Preservation Offices/Code Enforcement Services","1932 Arthur Ave.","Bronx","N/A","N/A","N/A","N/A","N/A","N/A","N/A","N/A","N/A","N/A","10457","40.845685","-73.893294","206","15","2009911","2029470018","36901","BX0602"
,"HPD","HPD-K-04","Neighborhood Preservation","210 Joralemon St. Fl. 13","Brooklyn","N/A","N/A","N/A","N/A","N/A","N/A","N/A","N/A","N/A","N/A","11201","40.692459","-73.990491","302","33","3002558","3002667501","9","BK0201"
,"HPD","HPD-M-01","Section 8 Client and Owner Services","100 Gold Street","Manhattan","N/A","N/A","N/A","N/A","N/A","N/A","N/A","N/A","N/A","N/A","10038","40.710353","-74.004007","101","1","1001289","1000940025","1501","MN0101"
,"NYCHA","NHA-B-06","Bronx/Manhattan Customer Contact Center","478 East Fordham Road","Bronx","N/A","N/A","N/A","N/A","N/A","N/A","N/A","N/A","N/A","N/A","10458","40.86051","-73.889148","206","15","2088325","2030330053","387","BX0603"
,"NYPD","NYP-K-28","NYC Property Clerk Division","11 Front St.","Brooklyn","N/A","N/A","N/A","N/A","N/A","N/A","N/A","N/A","N/A","N/A","11201","40.702577","-73.992917","302","33","3000080","3000350021","21","BK0202"
,"OATH","ATH-M-02","OATH Hearings Divison","66 John St. Floor 10","Manhattan","N/A","N/A","N/A","N/A","N/A","N/A","N/A","N/A","N/A","N/A","10038","40.708933","-74.007614","101","1","1079043","1000670001","1502","MN0101"
,"OATH","ATH-M-05","OATH Hearings Divison","100 Church street Fl. 12","Manhattan","N/A","N/A","N/A","N/A","N/A","N/A","N/A","N/A","N/A","N/A","10007","40.712968","-74.00949","101","1","1001409","1001250020","21","MN0102"
,"TLC","TLC-Q-04","Safety and Emissions","24-55 Brooklyn-Queens Expwy.","Queens","N/A","N/A","N/A","N/A","N/A","N/A","N/A","N/A","N/A","N/A","11377","40.764199","-73.902694","401","22","4022499","4010160045","299","QN0171"
"07/22/2024","DCP","DCP-K-01","Brooklyn Borough Office","16 Court St. Floor 7","Brooklyn","Cantonese","Excellent","Excellent","N/A","No","N/A","None","Google Translate","Interpreter not provided","Yes","11241","40.693445","-73.990577","302","33","3002108","3002500044","9","BK0201"
"06/12/2019","HRA","HRA-K-44","Dekalb Job Center","275 Bergen St. Fl. 1","Brooklyn","Korean","Excellent","Good","Fair","Yes","10 designated citywide languages","None","Language Line","5-10 minutes",,"11217","40.683749","-73.982816","302","33","3335918","3001970028","39","BK0202"
