{
  "type": "FeatureCollection",
  "generator": "overpass-turbo",
  "copyright": "The data included in this document is from www.openstreetmap.org. The data is made available under ODbL.",
  "timestamp": "2026-05-26T14:47:00Z",
  "features": [
    {
      "type": "Feature",
      "properties": {
        "@id": "relation/5381435",
        "addr:city": "Manhattan",
        "addr:housenumber": "1105",
        "addr:postcode": "66502",
        "addr:street": "Sunset Avenue",
        "amenity": "clinic",
        "building": "yes",
        "emergency": "no",
        "healthcare": "clinic",
        "name": "Lafene Health Center",
        "type": "multipolygon",
        "@geometry": "center"
      },
      "geometry": {
        "type": "Point",
        "coordinates": [
          -96.5904142,
          39.1918144
        ]
      },
      "id": "relation/5381435"
    },
    {
      "type": "Feature",
      "properties": {
        "@id": "way/63943995",
        "addr:city": "Manhattan",
        "addr:housenumber": "630",
        "addr:postcode": "66502",
        "addr:street": "Poyntz Avenue",
        "amenity": "doctors",
        "building": "yes",
        "healthcare": "alternative",
        "healthcare:speciality": "chiropractic",
        "name": "Sorell-Iverson Chiropractic Clinic",
        "source": "survey",
        "@geometry": "center"
      },
      "geometry": {
        "type": "Point",
        "coordinates": [
          -96.5664819,
          39.1796328
        ]
      },
      "id": "way/63943995"
    },
    {
      "type": "Feature",
      "properties": {
        "@id": "way/67145661",
        "addr:city": "Manhattan",
        "addr:housenumber": "2900",
        "addr:postcode": "66503",
        "addr:street": "Amherst Avenue",
        "amenity": "doctors",
        "building": "yes",
        "healthcare": "doctor",
        "@geometry": "center"
      },
      "geometry": {
        "type": "Point",
        "coordinates": [
          -96.6100134,
          39.1805554
        ]
      },
      "id": "way/67145661"
    },
    {
      "type": "Feature",
      "properties": {
        "@id": "way/71135610",
        "addr:housenumber": "324C",
        "building": "yes",
        "healthcare": "alternative",
        "healthcare:speciality": "chiropractic",
        "name": "Premier Chiropractic & Wellness",
        "@geometry": "center"
      },
      "geometry": {
        "type": "Point",
        "coordinates": [
          -96.605984,
          39.1739698
        ]
      },
      "id": "way/71135610"
    },
    {
      "type": "Feature",
      "properties": {
        "@id": "way/79884493",
        "addr:city": "Manhattan",
        "addr:housenumber": "1325",
        "addr:postcode": "66502",
        "addr:state": "KS",
        "addr:street": "Anderson Avenue",
        "building": "yes",
        "healthcare": "alternative",
        "healthcare:speciality": "chiropractic",
        "name": "Shaw Family Chiropractic",
        "opening_hours": "Mo-Tu 10:00-19:00; We 08:00-11:00,14:00-18:00; Th-Fr 10:00-19:00; Sa 09:00-12:00",
        "phone": "+1 785-320-2318",
        "source": "Riley county imagery",
        "source:name": "survey",
        "@geometry": "center"
      },
      "geometry": {
        "type": "Point",
        "coordinates": [
          -96.5775821,
          39.1856808
        ]
      },
      "id": "way/79884493"
    },
    {
      "type": "Feature",
      "properties": {
        "@id": "way/104897737",
        "addr:city": "Manhattan",
        "addr:housenumber": "2429",
        "addr:postcode": "66502",
        "addr:street": "Claflin Road",
        "amenity": "pharmacy",
        "building": "yes",
        "healthcare": "pharmacy",
        "name": "Dunne's Pharmacy",
        "opening_hours": "Mo-Fr 08:30-18:00, Sa 08:30-13:00",
        "@geometry": "center"
      },
      "geometry": {
        "type": "Point",
        "coordinates": [
          -96.5994041,
          39.1927215
        ]
      },
      "id": "way/104897737"
    },
    {
      "type": "Feature",
      "properties": {
        "@id": "way/104897853",
        "addr:city": "Manhattan",
        "addr:housenumber": "1133",
        "addr:postcode": "66502",
        "addr:street": "College Avenue",
        "addr:suite": "F100",
        "amenity": "doctors",
        "building": "yes",
        "doctors": "physical_therapy",
        "healthcare": "doctor",
        "name": "Mathis Rehab Center",
        "phone": "+1 785 539 9669",
        "ref": "F",
        "source": "Riley county imagery",
        "@geometry": "center"
      },
      "geometry": {
        "type": "Point",
        "coordinates": [
          -96.6001135,
          39.1914284
        ]
      },
      "id": "way/104897853"
    },
    {
      "type": "Feature",
      "properties": {
        "@id": "way/137285662",
        "addr:city": "New York",
        "addr:housenumber": "630",
        "addr:postcode": "10031",
        "addr:street": "West 168th Street",
        "amenity": "hospital",
        "emergency": "yes",
        "healthcare": "hospital",
        "name": "Columbia University Irving Medical Center",
        "opening_hours": "24/7",
        "operator": "Columbia University",
        "phone": "+1 212 305 2862",
        "website": "https://www.cuimc.columbia.edu/",
        "wikidata": "Q2415975",
        "wikipedia": "en:Columbia University Irving Medical Center",
        "@geometry": "center"
      },
      "geometry": {
        "type": "Point",
        "coordinates": [
          -73.9420005,
          40.8419985
        ]
      },
      "id": "way/137285662"
    },
    {
      "type": "Feature",
      "properties": {
        "@id": "way/144177848",
        "addr:housenumber": "240",
        "addr:postcode": "10016",
        "addr:street": "East 38th Street",
        "amenity": "clinic",
        "building": "yes",
        "healthcare": "clinic",
        "name": "NYU Langone Ambulatory Care Center",
        "operator": "NYU Langone Health",
        "operator:type": "private",
        "operator:wikidata": "Q6956114",
        "operator:wikipedia": "en:NYU Langone Health",
        "toilets": "yes",
        "toilets:access": "permissive",
        "toilets:unisex": "no",
        "toilets:wheelchair": "yes",
        "wikipedia": "en:240 East 38th Street",
        "@geometry": "center"
      },
      "geometry": {
        "type": "Point",
        "coordinates": [
          -73.9749319,
          40.7472614
        ]
      },
      "id": "way/144177848"
    },
    {
      "type": "Feature",
      "properties": {
        "@id": "way/146967028",
        "access": "private",
        "addr:city": "New York",
        "addr:housenumber": "423",
        "addr:postcode": "10010",
        "addr:street": "East 23rd Street",
        "amenity": "hospital",
        "emergency": "yes",
        "healthcare": "hospital",
        "healthcare:for": "veteran",
        "name": "Veteran Affairs New York Harbor Healthcare System",
        "opening_hours": "24/7",
        "operator": "Veterans Health Administration",
        "operator:short": "VA",
        "operator:type": "government",
        "operator:wikidata": "Q6580225",
        "operator:wikipedia": "en:Veterans Health Administration",
        "phone": "+1 212 686 7500",
        "short_name": "VA",
        "website": "https://www.nyharbor.va.gov/",
        "wikidata": "Q29469843",
        "wikipedia": "en:VA New York Harbor Healthcare System",
        "@geometry": "center"
      },
      "geometry": {
        "type": "Point",
        "coordinates": [
          -73.9768987,
          40.7370721
        ]
      },
      "id": "way/146967028"
    },
    {
      "type": "Feature",
      "properties": {
        "@id": "way/150365209",
        "addr:city": "New York",
        "addr:housenumber": "462",
        "addr:postcode": "10010",
        "addr:street": "1st Avenue",
        "amenity": "hospital",
        "emergency": "yes",
        "gnis:feature_id": "973369",
        "healthcare": "hospital",
        "name": "NYC Health + Hospitals/Bellevue",
        "old_name": "Bellevue Hospital Center",
        "opening_hours": "24/7",
        "operator": "NYC Health + Hospitals",
        "phone": "+1-212-562-4141",
        "website": "https://www.nychealthandhospitals.org/bellevue/",
        "wikidata": "Q2894927",
        "wikipedia": "en:Bellevue Hospital",
        "@geometry": "center"
      },
      "geometry": {
        "type": "Point",
        "coordinates": [
          -73.9752246,
          40.7389726
        ]
      },
      "id": "way/150365209"
    },
    {
      "type": "Feature",
      "properties": {
        "@id": "way/150368085",
        "addr:city": "New York",
        "addr:housenumber": "550",
        "addr:postcode": "10016",
        "addr:state": "NY",
        "addr:street": "1st Avenue",
        "alt_name": "New York University Langone Medical Center",
        "amenity": "hospital",
        "check_date": "2024-09-22",
        "emergency": "yes",
        "gnis:feature_id": "2083131",
        "healthcare": "hospital",
        "name": "NYU Langone Health - Tisch Hospital",
        "opening_hours": "24/7",
        "operator": "NYU Langone Health",
        "operator:wikidata": "Q6956114",
        "phone": "+1 646 929 7870",
        "website": "https://nyulangone.org/locations/tisch-hospital",
        "wikidata": "Q6956114",
        "wikipedia": "en:NYU Langone Health",
        "@geometry": "center"
      },
      "geometry": {
        "type": "Point",
        "coordinates": [
          -73.9736761,
          40.7420343
        ]
      },
      "id": "way/150368085"
    },
    {
      "type": "Feature",
      "properties": {
        "@id": "way/173019432",
        "alt_name": "Zespół Szpitalny ul. Dekerta",
        "amenity": "hospital",
        "email": "sekretariat@szpital.gorzow.pl",
        "emergency": "yes",
        "healthcare": "hospital",
        "name": "Wielospecjalistyczny Szpital Wojewódzki",
        "operator": "Samorząd Województwa Lubuskiego",
        "phone": "+48 95 782 77 77",
        "website": "http://www.szpital.gorzow.pl",
        "@geometry": "center"
      },
      "geometry": {
        "type": "Point",
        "coordinates": [
          15.2371804,
          52.7610879
        ]
      },
      "id": "way/173019432"
    },
    {
      "type": "Feature",
      "properties": {
        "@id": "way/176910377",
        "addr:city": "Manhattan",
        "addr:housenumber": "2011",
        "addr:postcode": "66502",
        "addr:street": "Claflin Road",
        "amenity": "clinic",
        "building": "yes",
        "healthcare": "clinic",
        "name": "Pawnee Mental Health Services",
        "@geometry": "center"
      },
      "geometry": {
        "type": "Point",
        "coordinates": [
          -96.589696,
          39.192727
        ]
      },
      "id": "way/176910377"
    },
    {
      "type": "Feature",
      "properties": {
        "@id": "way/193926947",
        "building": "healthcare",
        "building:levels": "1",
        "building:usage:pl": "Ochrony zdrowia, opieki socjalnej",
        "healthcare": "centre",
        "healthcare:speciality": "microbiology",
        "name": "Zakład mikrobiologii",
        "source": "UM Gorzów",
        "@geometry": "center"
      },
      "geometry": {
        "type": "Point",
        "coordinates": [
          15.239377,
          52.7613905
        ]
      },
      "id": "way/193926947"
    },
    {
      "type": "Feature",
      "properties": {
        "@id": "way/248143719",
        "addr:housenumber": "1145",
        "addr:postcode": "10001",
        "addr:street": "Broadway",
        "building": "yes",
        "cannabis:cbd": "only",
        "healthcare": "alternative",
        "height": "19.3",
        "name": "Standard Dose",
        "nycdoitt:bin": "1015646",
        "phone": "+1 212-547-9453",
        "shop": "cannabis",
        "website": "https://standarddose.com",
        "@geometry": "center"
      },
      "geometry": {
        "type": "Point",
        "coordinates": [
          -73.9892272,
          40.7441076
        ]
      },
      "id": "way/248143719"
    },
    {
      "type": "Feature",
      "properties": {
        "@id": "way/248143723",
        "addr:housenumber": "1153",
        "addr:postcode": "10001",
        "addr:street": "Broadway",
        "amenity": "doctors",
        "building": "yes",
        "healthcare": "doctor",
        "height": "14.7",
        "name": "Forward",
        "nycdoitt:bin": "1015656",
        "phone": "+1-833-334-6393",
        "website": "https://goforward.com/",
        "@geometry": "center"
      },
      "geometry": {
        "type": "Point",
        "coordinates": [
          -73.9891977,
          40.7443494
        ]
      },
      "id": "way/248143723"
    },
    {
      "type": "Feature",
      "properties": {
        "@id": "way/249657982",
        "addr:housename": "Roberto Clemente Center",
        "addr:housenumber": "540",
        "addr:postcode": "10009",
        "addr:street": "East 13th Street",
        "amenity": "clinic",
        "brand": "NYC Health + Hospitals",
        "building": "hospital",
        "building:levels": "2",
        "healthcare": "clinic",
        "height": "6.1",
        "name": "NYC Health + Hospitals/Gotham Health, Roberto Clemente Center",
        "nycdoitt:bin": "1005213",
        "opening_hours": "Mo-Th 09:00-20:00; Fr 09:00-15:00",
        "phone": "+1 212-387-7400",
        "roof:shape": "flat",
        "short_name": "Gotham Health",
        "website": "https://www.nychealthandhospitals.org/clemente",
        "@geometry": "center"
      },
      "geometry": {
        "type": "Point",
        "coordinates": [
          -73.9792839,
          40.7288021
        ]
      },
      "id": "way/249657982"
    },
    {
      "type": "Feature",
      "properties": {
        "@id": "way/249663131",
        "addr:city": "New York",
        "addr:housenumber": "301",
        "addr:postcode": "10003",
        "addr:street": "East 17th Street",
        "amenity": "hospital",
        "building": "yes",
        "emergency": "no",
        "gnis:feature_id": "2420558",
        "healthcare": "hospital",
        "healthcare:speciality": "orthopaedics",
        "name": "NYU Langone Orthopedic Hospital",
        "nycdoitt:bin": "1020429",
        "old_name": "Hospital for Joint Diseases",
        "operator": "NYU Langone Health",
        "phone": "+1 212 598 6000",
        "start_date": "1966",
        "urgent_care": "yes",
        "website": "https://nyulangone.org/locations/nyu-langone-orthopedic-hospital",
        "wikidata": "Q30253515",
        "@geometry": "center"
      },
      "geometry": {
        "type": "Point",
        "coordinates": [
          -73.9829907,
          40.7344007
        ]
      },
      "id": "way/249663131"
    },
    {
      "type": "Feature",
      "properties": {
        "@id": "way/249664556",
        "addr:city": "New York",
        "addr:housenumber": "22",
        "addr:postcode": "10013",
        "addr:state": "NY",
        "addr:street": "Renwick Street",
        "amenity": "dentist",
        "building": "yes",
        "healthcare": "dentist",
        "height": "42.8",
        "name": "Emergency Dentist SoHo",
        "nycdoitt:bin": "1010303",
        "@geometry": "center"
      },
      "geometry": {
        "type": "Point",
        "coordinates": [
          -74.0083049,
          40.724995
        ]
      },
      "id": "way/249664556"
    },
    {
      "type": "Feature",
      "properties": {
        "@id": "way/249665011",
        "addr:city": "New York",
        "addr:housenumber": "214",
        "addr:postcode": "10014",
        "addr:state": "NY",
        "addr:street": "West Houston Street",
        "building": "yes",
        "building:levels": "6",
        "healthcare": "rehabilitation",
        "height": "33.5",
        "name": "VillageCare Rehabilitation & Nursing Center",
        "nycdoitt:bin": "1088511",
        "operator": "VillageCare",
        "phone": "+1-212-337-9400",
        "website": "https://www.villagecare.org/vcrn",
        "wheelchair": "yes",
        "@geometry": "center"
      },
      "geometry": {
        "type": "Point",
        "coordinates": [
          -74.0044478,
          40.7288213
        ]
      },
      "id": "way/249665011"
    },
    {
      "type": "Feature",
      "properties": {
        "@id": "way/250266726",
        "addr:city": "New York",
        "addr:housenumber": "104",
        "addr:postcode": "10002",
        "addr:street": "Delancey Street",
        "amenity": "clinic",
        "building": "yes",
        "building:colour": "#CDC9C0",
        "building:levels": "3",
        "fax": "+1-212-982-2792",
        "healthcare": "clinic",
        "height": "10.1",
        "name": "Mount Sinai Doctors",
        "nycdoitt:bin": "1075884;1077345",
        "opening_hours": "Mo-Th 08:00-20:00; Fr 08:00-17:00; Sa 09:00-17:00",
        "phone": "+1-212-677-2157",
        "roof:material": "concrete",
        "roof:shape": "flat",
        "website": "https://www.mountsinai.org/locations/msd-104-delancey",
        "@geometry": "center"
      },
      "geometry": {
        "type": "Point",
        "coordinates": [
          -73.9885695,
          40.7189954
        ]
      },
      "id": "way/250266726"
    },
    {
      "type": "Feature",
      "properties": {
        "@id": "way/265261994",
        "addr:housenumber": "160",
        "addr:postcode": "10016",
        "addr:street": "East 34th Street",
        "alt_name": "Laura and Isaac Perlmutter Cancer Center",
        "amenity": "clinic",
        "building": "yes",
        "healthcare": "clinic",
        "height": "50.2",
        "name": "Perlmutter Cancer Center",
        "nycdoitt:bin": "1018503",
        "opening_hours": "Mo-Fr 06:30-20:00; Sa-Su 07:00-17:00",
        "operator": "NYU Langone Health",
        "operator:type": "private",
        "operator:wikidata": "Q6956114",
        "phone": "+1-212-731-6000",
        "website": "https://nyulangone.org/locations/perlmutter-cancer-center",
        "@geometry": "center"
      },
      "geometry": {
        "type": "Point",
        "coordinates": [
          -73.9788228,
          40.7457146
        ]
      },
      "id": "way/265261994"
    },
    {
      "type": "Feature",
      "properties": {
        "@id": "way/265276924",
        "addr:city": "New York",
        "addr:housenumber": "460",
        "addr:postcode": "10001",
        "addr:state": "NY",
        "addr:street": "8th Avenue",
        "amenity": "pharmacy",
        "atm": "yes",
        "brand": "Duane Reade",
        "brand:wikidata": "Q5310380",
        "building": "retail",
        "dispensing": "yes",
        "drink:beer": "yes",
        "drink:wine": "yes",
        "healthcare": "pharmacy",
        "height": "6.3",
        "name": "Duane Reade",
        "nycdoitt:bin": "1014384",
        "opening_hours": "00:00-24:00 open \"Store\" ||Mo-Fr 08:00-21:00; Sa 09:00-18:00; Su 10:00-17:00 open \"Pharmacy\"",
        "phone": "+1 212-244-4026",
        "ref": "14345",
        "website": "https://www.walgreens.com/locator/duane+reade-460+8th+ave-new+york-ny-10001/id=14345",
        "@geometry": "center"
      },
      "geometry": {
        "type": "Point",
        "coordinates": [
          -73.9934861,
          40.7517409
        ]
      },
      "id": "way/265276924"
    },
    {
      "type": "Feature",
      "properties": {
        "@id": "way/265282522",
        "addr:city": "New York",
        "addr:housenumber": "446",
        "addr:postcode": "10018",
        "addr:state": "NY",
        "addr:street": "West 38th Street",
        "addr:unit": "1",
        "amenity": "doctors",
        "building": "yes",
        "healthcare": "doctor",
        "healthcare:speciality": "dermatology",
        "height": "29.6",
        "name": "Pura Dermatology",
        "nycdoitt:bin": "1012983",
        "@geometry": "center"
      },
      "geometry": {
        "type": "Point",
        "coordinates": [
          -73.9966302,
          40.7565732
        ]
      },
      "id": "way/265282522"
    },
    {
      "type": "Feature",
      "properties": {
        "@id": "way/265318744",
        "addr:city": "New York",
        "addr:housenumber": "520",
        "addr:postcode": "10019",
        "addr:state": "NY",
        "addr:street": "West 49th Street",
        "air_conditioning": "yes",
        "brand": "American Red Cross",
        "brand:wikidata": "Q470110",
        "building": "yes",
        "building:levels": "4",
        "building:levels:underground": "1",
        "building:material": "brick",
        "donation:compensation": "no",
        "healthcare": "blood_donation",
        "height": "22.3",
        "name": "American Red Cross Greater New York Chapter",
        "nycdoitt:bin": "1080966",
        "official_name": "The American National Red Cross",
        "phone": "+1-877-733-2767",
        "short_name": "Red Cross",
        "smoking": "no",
        "website": "https://www.redcross.org/local/new-york/greater-new-york.html",
        "wheelchair": "yes",
        "@geometry": "center"
      },
      "geometry": {
        "type": "Point",
        "coordinates": [
          -73.9936949,
          40.7644178
        ]
      },
      "id": "way/265318744"
    },
    {
      "type": "Feature",
      "properties": {
        "@id": "way/265329518",
        "addr:city": "New York",
        "addr:housenumber": "355",
        "addr:postcode": "10019",
        "addr:state": "NY",
        "addr:street": "West 52nd Street",
        "air_conditioning": "yes",
        "amenity": "clinic",
        "brand": "NYU Langone Health",
        "brand:wikidata": "Q6956114",
        "building": "yes",
        "healthcare": "clinic",
        "height": "33.1",
        "name": "NYU Langone Ambulatory Care West Side",
        "nycdoitt:bin": "1025239",
        "operator": "NYU Langone Health",
        "operator:type": "private",
        "operator:wikidata": "Q6956114",
        "phone": "+1-646-754-2100",
        "smoking": "no",
        "wheelchair": "yes",
        "@geometry": "center"
      },
      "geometry": {
        "type": "Point",
        "coordinates": [
          -73.9868683,
          40.764487
        ]
      },
      "id": "way/265329518"
    },
    {
      "type": "Feature",
      "properties": {
        "@id": "way/266910528",
        "addr:housenumber": "234",
        "addr:postcode": "10028",
        "addr:street": "East 85th Street",
        "amenity": "clinic",
        "building": "yes",
        "healthcare": "clinic",
        "height": "28.4",
        "name": "Mount Sinai Doctors",
        "nycdoitt:bin": "1048744",
        "opening_hours": "Mo 08:00-17:30; Tu,Th 08:00-19:00; We 09:00-18:00; Fr 08:00-14:00",
        "@geometry": "center"
      },
      "geometry": {
        "type": "Point",
        "coordinates": [
          -73.9529752,
          40.7772527
        ]
      },
      "id": "way/266910528"
    },
    {
      "type": "Feature",
      "properties": {
        "@id": "way/266931520",
        "amenity": "dentist",
        "healthcare": "dentist",
        "height": "31.2",
        "nycdoitt:bin": "1047662",
        "@geometry": "center"
      },
      "geometry": {
        "type": "Point",
        "coordinates": [
          -73.9571241,
          40.778197
        ]
      },
      "id": "way/266931520"
    },
    {
      "type": "Feature",
      "properties": {
        "@id": "way/266941944",
        "addr:city": "New York",
        "addr:housename": "The Warren Alpert Pavillion",
        "addr:housenumber": "1184",
        "addr:postcode": "10029",
        "addr:state": "NY",
        "addr:street": "5th Avenue",
        "amenity": "hospital",
        "building": "hospital",
        "building:levels": "7",
        "check_date": "2024-08-14",
        "healthcare": "hospital",
        "height": "35.0",
        "name": "Mount Sinai Kravis Children's Hospital",
        "nycdoitt:bin": "1083921",
        "operator": "Mount Sinai Health System",
        "operator:wikidata": "Q5165549",
        "phone": "+1 212-241-9500",
        "website": "https://www.mountsinai.org/locations/kravis-childrens",
        "@geometry": "center"
      },
      "geometry": {
        "type": "Point",
        "coordinates": [
          -73.9538776,
          40.7900542
        ]
      },
      "id": "way/266941944"
    },
    {
      "type": "Feature",
      "properties": {
        "@id": "way/266941950",
        "addr:housenumber": "5",
        "addr:postcode": "10029",
        "addr:street": "East 98th Street",
        "amenity": "clinic",
        "building": "yes",
        "check_date": "2025-12-25",
        "healthcare": "clinic",
        "height": "60.7",
        "name": "May Center for Mount Sinai Doctors",
        "nycdoitt:bin": "1083920",
        "phone": "+1 866-674-3721",
        "website": "https://www.mountsinai.org/locations/msd-may-center",
        "@geometry": "center"
      },
      "geometry": {
        "type": "Point",
        "coordinates": [
          -73.953908,
          40.7890941
        ]
      },
      "id": "way/266941950"
    },
    {
      "type": "Feature",
      "properties": {
        "@id": "way/271805638",
        "addr:city": "New York",
        "addr:housenumber": "133",
        "addr:postcode": "10027",
        "addr:state": "NY",
        "addr:street": "Morningside Avenue",
        "amenity": "clinic",
        "building": "yes",
        "healthcare": "clinic",
        "height": "44.3",
        "name": "Harlem Health Center",
        "nycdoitt:bin": "1087468",
        "opening_hours": "Mo-Fr 07:30-19:00",
        "@geometry": "center"
      },
      "geometry": {
        "type": "Point",
        "coordinates": [
          -73.9537464,
          40.8109202
        ]
      },
      "id": "way/271805638"
    },
    {
      "type": "Feature",
      "properties": {
        "@id": "way/275048181",
        "addr:city": "New York",
        "addr:housenumber": "3959",
        "addr:postcode": "10032",
        "addr:street": "Broadway",
        "amenity": "hospital",
        "beds": "299",
        "building": "hospital",
        "emergency": "yes",
        "healthcare": "hospital",
        "healthcare:speciality": "paediatrics",
        "height": "52.8",
        "name": "Morgan Stanley Children's Hospital",
        "nycdoitt:bin": "1084387",
        "opening_hours": "24/7",
        "operator": "NewYork-Presbyterian Hospital",
        "phone": "+1 212 305 5437",
        "website": "https://www.nyp.org/morganstanley",
        "wikidata": "Q6911843",
        "wikipedia": "en:Morgan Stanley Children's Hospital",
        "@geometry": "center"
      },
      "geometry": {
        "type": "Point",
        "coordinates": [
          -73.9414477,
          40.8397497
        ]
      },
      "id": "way/275048181"
    },
    {
      "type": "Feature",
      "properties": {
        "@id": "way/277890503",
        "addr:housenumber": "144",
        "addr:postcode": "10007",
        "addr:street": "Chambers Street",
        "amenity": "dentist",
        "building": "yes",
        "email": "info@tribecadentaldesign.com",
        "healthcare": "dentist",
        "height": "18.0",
        "name": "Tribeca Dental Design",
        "nycdoitt:bin": "1001498",
        "phone": "+1 212 227-9127",
        "website": "https://tribecadentaldesign.com/",
        "@geometry": "center"
      },
      "geometry": {
        "type": "Point",
        "coordinates": [
          -74.0097594,
          40.7155439
        ]
      },
      "id": "way/277890503"
    },
    {
      "type": "Feature",
      "properties": {
        "@id": "way/278254355",
        "addr:city": "New York",
        "addr:housenumber": "227",
        "addr:postcode": "10002",
        "addr:state": "NY",
        "addr:street": "Madison Street",
        "amenity": "clinic",
        "building": "hospital",
        "healthcare": "clinic",
        "height": "53.1",
        "name": "Gouverneur Health Medical Center",
        "nycdoitt:bin": "1003224",
        "phone": "+1-212-238-7897",
        "source": "http://www.nyc.gov/html/hhc/gouverneur/html/services/services.shtml",
        "wikidata": "Q131531112",
        "@geometry": "center"
      },
      "geometry": {
        "type": "Point",
        "coordinates": [
          -73.987839,
          40.7131856
        ]
      },
      "id": "way/278254355"
    },
    {
      "type": "Feature",
      "properties": {
        "@id": "way/278328269",
        "amenity": "clinic",
        "building": "yes",
        "check_date": "2024-09-22",
        "healthcare": "clinic",
        "height": "26.5",
        "name": "New York University Medical Center",
        "nycdoitt:bin": "1022549",
        "@geometry": "center"
      },
      "geometry": {
        "type": "Point",
        "coordinates": [
          -73.9714663,
          40.7459572
        ]
      },
      "id": "way/278328269"
    },
    {
      "type": "Feature",
      "properties": {
        "@id": "way/285940929",
        "addr:housenumber": "268",
        "addr:postcode": "10013",
        "addr:state": "NY",
        "addr:street": "Canal Street",
        "amenity": "clinic",
        "building": "yes",
        "healthcare": "clinic",
        "height": "25.5",
        "name": "Charles B. Wang Community Health Center",
        "nycdoitt:bin": "1002344",
        "@geometry": "center"
      },
      "geometry": {
        "type": "Point",
        "coordinates": [
          -74.0013731,
          40.7186672
        ]
      },
      "id": "way/285940929"
    },
    {
      "type": "Feature",
      "properties": {
        "@id": "way/299598608",
        "addr:city": "New York",
        "addr:postcode": "10035",
        "amenity": "hospital",
        "emergency": "no",
        "gnis:feature_id": "956352",
        "healthcare": "hospital",
        "healthcare:speciality": "psychiatry",
        "name": "Manhattan Psychiatric Center",
        "phone": "+1 646 672 6767",
        "short_name": "MPC",
        "website": "https://www.omh.ny.gov/omhweb/facilities/mapc/",
        "wikidata": "Q6749295",
        "wikipedia": "en:Manhattan Psychiatric Center",
        "@geometry": "center"
      },
      "geometry": {
        "type": "Point",
        "coordinates": [
          -73.9299445,
          40.7887991
        ]
      },
      "id": "way/299598608"
    },
    {
      "type": "Feature",
      "properties": {
        "@id": "node/357607688",
        "access": "private",
        "addr:city": "Wards Island",
        "addr:housenumber": "600",
        "addr:postcode": "10029",
        "addr:street": "East 125th Street",
        "amenity": "hospital",
        "emergency": "no",
        "gnis:feature_id": "1993311",
        "healthcare": "hospital",
        "healthcare:speciality": "psychiatry",
        "name": "Kirby Forensic Psychiatric Center",
        "phone": "+1 646 672 5800",
        "website": "https://www.omh.ny.gov/omhweb/facilities/krpc/",
        "wikidata": "Q78638788"
      },
      "geometry": {
        "type": "Point",
        "coordinates": [
          -73.9322574,
          40.7865276
        ]
      },
      "id": "node/357607688"
    },
    {
      "type": "Feature",
      "properties": {
        "@id": "node/357616245",
        "addr:city": "New York",
        "addr:housenumber": "13",
        "addr:postcode": "10029",
        "addr:street": "Hell Gate Circle",
        "amenity": "hospital",
        "beds": "231",
        "emergency": "no",
        "gnis:feature_id": "2076782",
        "healthcare": "hospital",
        "healthcare:speciality": "psychiatry",
        "name": "George Rosenfeld Center for Recovery",
        "old_name": "Manhattan Children's Psychiatric Center",
        "operator": "Odyssey House",
        "phone": "+1 212 426 6633",
        "short_name": "GRCR",
        "website": "https://odysseyhousenyc.org/george-rosenfeld-center-for-recovery/"
      },
      "geometry": {
        "type": "Point",
        "coordinates": [
          -73.9279094,
          40.7851459
        ]
      },
      "id": "node/357616245"
    },
    {
      "type": "Feature",
      "properties": {
        "@id": "node/357620244",
        "addr:city": "New York",
        "addr:housenumber": "30",
        "addr:postcode": "10011",
        "addr:street": "7th Avenue",
        "amenity": "hospital",
        "check_date": "2024-01-11",
        "emergency": "yes",
        "gnis:feature_id": "2082882",
        "healthcare": "hospital",
        "name": "Lenox Health Greenwich Village",
        "opening_hours": "24/7",
        "operator": "Northwell Health",
        "operator:type": "private",
        "operator:wikidata": "Q7056650",
        "operator:wikipedia": "en:Northwell Health",
        "phone": "+1 646 665 6000",
        "website": "https://www.northwell.edu/lenox-health-greenwich-village"
      },
      "geometry": {
        "type": "Point",
        "coordinates": [
          -74.0008333,
          40.7377778
        ]
      },
      "id": "node/357620244"
    },
    {
      "type": "Feature",
      "properties": {
        "@id": "node/357620336",
        "addr:city": "New York",
        "addr:housenumber": "279",
        "addr:postcode": "10009",
        "addr:street": "East 3rd Street",
        "amenity": "clinic",
        "gnis:feature_id": "2083005",
        "healthcare": "clinic",
        "name": "Ryan/NENA Comprehensive Heath Service Center",
        "opening_hours": "Mo,Th 08:30-19:00; Tu,We,Fr 08:30-16:30; Sa 09:30-13:00 \"Every other Saturday except in July and August\"",
        "operator": "William F. Ryan Community Health Network",
        "phone": "+1 212 477 8500",
        "website": "https://ryanhealth.org/"
      },
      "geometry": {
        "type": "Point",
        "coordinates": [
          -73.9800525,
          40.7215695
        ]
      },
      "id": "node/357620336"
    },
    {
      "type": "Feature",
      "properties": {
        "@id": "node/357642730",
        "addr:city": "New York",
        "addr:housenumber": "420",
        "addr:postcode": "10021",
        "addr:street": "East 76th Street",
        "amenity": "hospital",
        "emergency": "no",
        "gnis:feature_id": "2420554",
        "healthcare": "hospital",
        "healthcare:speciality": "psychiatry",
        "name": "Gracie Square Hospital",
        "opening_hours": "24/7",
        "phone": "+1 212 434 5300",
        "website": "https://www.nygsh.org/",
        "wikidata": "Q5591536",
        "wikipedia": "en:Gracie Square Hospital"
      },
      "geometry": {
        "type": "Point",
        "coordinates": [
          -73.9529748,
          40.7697091
        ]
      },
      "id": "node/357642730"
    },
    {
      "type": "Feature",
      "properties": {
        "@id": "node/357642735",
        "access": "private",
        "addr:city": "New York",
        "addr:housenumber": "1230",
        "addr:postcode": "10021",
        "addr:street": "York Avenue",
        "amenity": "hospital",
        "beds": "40",
        "check_date": "2024-09-16",
        "emergency": "no",
        "gnis:feature_id": "2420556",
        "healthcare": "hospital",
        "name": "Rockefeller University Hospital",
        "note": "Specialty research hospital.",
        "phone": "+1 212 327 7511",
        "website": "https://rucares.org/",
        "wikidata": "Q30265216"
      },
      "geometry": {
        "type": "Point",
        "coordinates": [
          -73.9553606,
          40.7620381
        ]
      },
      "id": "node/357642735"
    },
    {
      "type": "Feature",
      "properties": {
        "@id": "node/357642745",
        "addr:city": "New York",
        "addr:housenumber": "310",
        "addr:postcode": "10003",
        "addr:street": "East 14th Street",
        "amenity": "hospital",
        "emergency": "no",
        "gnis:feature_id": "2420559",
        "healthcare": "hospital",
        "healthcare:speciality": "ophthalmology;otolaryngology",
        "name": "New York Eye and Ear Infirmary of Mount Sinai",
        "operator": "Mount Sinai",
        "phone": "+1 212 979 4000",
        "short_name": "NYEE",
        "website": "https://www.nyee.edu/",
        "wikidata": "Q7013496",
        "wikipedia": "en:New York Eye and Ear Infirmary"
      },
      "geometry": {
        "type": "Point",
        "coordinates": [
          -73.9845807,
          40.7318799
        ]
      },
      "id": "node/357642745"
    },
    {
      "type": "Feature",
      "properties": {
        "@id": "node/357642750",
        "addr:city": "New York",
        "addr:housenumber": "210",
        "addr:postcode": "10065",
        "addr:street": "East 64th Street",
        "amenity": "hospital",
        "emergency": "no",
        "gnis:feature_id": "2420561",
        "healthcare": "hospital",
        "healthcare:speciality": "ophthalmology",
        "name": "Manhattan Eye Ear and Throat Hospital",
        "operator": "Northwell Health",
        "operator:type": "private",
        "operator:wikidata": "Q7056650",
        "operator:wikipedia": "en:Northwell Health",
        "phone": "+1 212 838 9200",
        "short_name": "MEETH",
        "website": "https://www.northwell.edu/find-care/locations/manhattan-eye-ear-and-throat-hospital",
        "wikidata": "Q6749254"
      },
      "geometry": {
        "type": "Point",
        "coordinates": [
          -73.963647,
          40.764233
        ]
      },
      "id": "node/357642750"
    },
    {
      "type": "Feature",
      "properties": {
        "@id": "node/357642771",
        "addr:city": "New York",
        "addr:housenumber": "264",
        "addr:postcode": "10026",
        "addr:street": "West 118th Street",
        "amenity": "clinic",
        "healthcare": "clinic",
        "name": "NYC Health + Hospitals/Gotham Health, Sydenham",
        "operator": "NYC Health + Hospitals",
        "phone": "+1 212 932 6500",
        "website": "https://www.nychealthandhospitals.org/sydenham/"
      },
      "geometry": {
        "type": "Point",
        "coordinates": [
          -73.9536189,
          40.8051864
        ]
      },
      "id": "node/357642771"
    },
    {
      "type": "Feature",
      "properties": {
        "@id": "node/368045996",
        "addr:housenumber": "1315",
        "addr:postcode": "10021",
        "addr:street": "York Avenue",
        "alt_name": "Stich Medical Offices",
        "amenity": "clinic",
        "gnis:feature_id": "2042642",
        "healthcare": "clinic",
        "name": "The Herman J. Stich Medical Building",
        "website": "https://library.weill.cornell.edu/new-york-hospital-herman-j-stich-medical-building"
      },
      "geometry": {
        "type": "Point",
        "coordinates": [
          -73.9548792,
          40.7659059
        ]
      },
      "id": "node/368045996"
    },
    {
      "type": "Feature",
      "properties": {
        "@id": "node/368046013",
        "addr:state": "NY",
        "amenity": "doctors",
        "ele": "13",
        "gnis:feature_id": "2083574",
        "healthcare": "doctor",
        "name": "New York Academy of Medicine",
        "source": "USGS Geonames"
      },
      "geometry": {
        "type": "Point",
        "coordinates": [
          -73.9525,
          40.7919444
        ]
      },
      "id": "node/368046013"
    },
    {
      "type": "Feature",
      "properties": {
        "@id": "way/377371385",
        "addr:city": "New York",
        "addr:housenumber": "1",
        "addr:postcode": "10003",
        "addr:state": "NY",
        "addr:street": "Union Square South",
        "amenity": "pharmacy",
        "atm": "yes",
        "branch": "14468",
        "brand": "Duane Reade",
        "brand:wikidata": "Q5310380",
        "building:part": "retail",
        "dispensing": "yes",
        "healthcare": "pharmacy",
        "name": "Duane Reade",
        "opening_hours": "00:00-24:00 open \"Store\" ||Mo-Fr 09:00-21:00; Sa 09:00-18:00; Su 10:00-18:00 open \"Pharmacy\"",
        "phone": "+1 212-358-8206",
        "ref": "14468",
        "website": "https://www.walgreens.com/locator/duane+reade-1+union+square+south-new+york-ny-10003/id=14468",
        "wheelchair": "yes",
        "@geometry": "center"
      },
      "geometry": {
        "type": "Point",
        "coordinates": [
          -73.9903145,
          40.7343857
        ]
      },
      "id": "way/377371385"
    },
    {
      "type": "Feature",
      "properties": {
        "@id": "way/395304938",
        "addr:city": "New York",
        "addr:housenumber": "1",
        "addr:postcode": "10129",
        "addr:street": "Gustave L. Levy Place",
        "amenity": "hospital",
        "check_date": "2025-07-30",
        "emergency": "yes",
        "gnis:feature_id": "957912",
        "healthcare": "hospital",
        "name": "The Mount Sinai Hospital",
        "opening_hours": "24/7",
        "operator": "Mount Sinai",
        "phone": "+1 212-241-6500",
        "website": "https://www.mountsinai.org/locations/mount-sinai",
        "wikidata": "Q1476505",
        "wikipedia": "en:Mount Sinai Hospital (Manhattan)",
        "@geometry": "center"
      },
      "geometry": {
        "type": "Point",
        "coordinates": [
          -73.9530515,
          40.7897421
        ]
      },
      "id": "way/395304938"
    },
    {
      "type": "Feature",
      "properties": {
        "@id": "way/433259798",
        "addr:housenumber": "133-141",
        "addr:postcode": "10034",
        "addr:street": "Dyckman Street",
        "amenity": "pharmacy",
        "brand": "Duane Reade",
        "brand:wikidata": "Q5310380",
        "building": "yes",
        "check_date": "2026-05-08",
        "dispensing": "yes",
        "healthcare": "pharmacy",
        "name": "Duane Reade",
        "opening_hours": "PH,Mo-Su 09:00-19:00",
        "@geometry": "center"
      },
      "geometry": {
        "type": "Point",
        "coordinates": [
          -73.9253742,
          40.8632013
        ]
      },
      "id": "way/433259798"
    },
    {
      "type": "Feature",
      "properties": {
        "@id": "way/458061825",
        "addr:city": "New York",
        "addr:housenumber": "525",
        "addr:postcode": "10065",
        "addr:street": "East 68th Street",
        "amenity": "hospital",
        "check_date": "2024-03-23",
        "emergency": "yes",
        "healthcare": "hospital",
        "name": "NewYork-Presbyterian / Weill Cornell Medical Center",
        "opening_hours": "24/7",
        "operator": "NewYork-Presbyterian",
        "phone": "+1 212 746 5454",
        "website": "https://www.nyp.org/locations/newyork-presbyterian-weill-cornell-medical-center",
        "@geometry": "center"
      },
      "geometry": {
        "type": "Point",
        "coordinates": [
          -73.95394,
          40.7647343
        ]
      },
      "id": "way/458061825"
    },
    {
      "type": "Feature",
      "properties": {
        "@id": "way/473560485",
        "amenity": "pharmacy",
        "healthcare": "pharmacy",
        "indoor": "room",
        "level": "0",
        "room": "shop",
        "@geometry": "center"
      },
      "geometry": {
        "type": "Point",
        "coordinates": [
          -73.9781236,
          40.7527591
        ]
      },
      "id": "way/473560485"
    },
    {
      "type": "Feature",
      "properties": {
        "@id": "way/562303098",
        "addr:city": "New York",
        "addr:postcode": "10003",
        "amenity": "hospital",
        "beds": "799",
        "emergency": "yes",
        "healthcare": "hospital",
        "name": "Mount Sinai Beth Israel",
        "old_name": "Beth Israel Medical Center",
        "opening_hours": "24/7",
        "operator": "Mount Sinai",
        "phone": "+1 212 420 2000",
        "website": "https://www.mountsinai.org/locations/beth-israel",
        "wikidata": "Q2575019",
        "wikipedia": "en:Mount Sinai Beth Israel",
        "@geometry": "center"
      },
      "geometry": {
        "type": "Point",
        "coordinates": [
          -73.9824426,
          40.7332252
        ]
      },
      "id": "way/562303098"
    },
    {
      "type": "Feature",
      "properties": {
        "@id": "way/562360129",
        "addr:city": "New York",
        "addr:housenumber": "1275",
        "addr:postcode": "10065",
        "addr:street": "York Avenue",
        "amenity": "hospital",
        "check_date": "2024-04-09",
        "emergency": "no",
        "gnis:feature_id": "2042641",
        "healthcare": "hospital",
        "healthcare:speciality": "oncology",
        "name": "Memorial Sloan Kettering Cancer Center",
        "operator": "Memorial Sloan Kettering Cancer Center",
        "phone": "+1 212 639 2000",
        "website": "https://www.mskcc.org/",
        "wikidata": "Q1808012",
        "wikipedia": "en:Memorial Sloan Kettering Cancer Center",
        "@geometry": "center"
      },
      "geometry": {
        "type": "Point",
        "coordinates": [
          -73.956963,
          40.7644584
        ]
      },
      "id": "way/562360129"
    },
    {
      "type": "Feature",
      "properties": {
        "@id": "way/562361553",
        "addr:city": "New York",
        "addr:housenumber": "100",
        "addr:postcode": "10075",
        "addr:street": "East 77th Street",
        "amenity": "hospital",
        "beds": "652",
        "check_date": "2024-03-13",
        "emergency": "yes",
        "gnis:feature_id": "955201",
        "healthcare": "hospital",
        "name": "Lenox Hill Hospital",
        "opening_hours": "24/7",
        "operator": "Northwell Health",
        "operator:type": "private",
        "operator:wikidata": "Q7056650",
        "operator:wikipedia": "en:Northwell Health",
        "phone": "+1 212 434 2000",
        "website": "https://lenoxhill.northwell.edu",
        "wikidata": "Q6523170",
        "wikipedia": "en:Lenox Hill Hospital",
        "@geometry": "center"
      },
      "geometry": {
        "type": "Point",
        "coordinates": [
          -73.9608622,
          40.7736422
        ]
      },
      "id": "way/562361553"
    },
    {
      "type": "Feature",
      "properties": {
        "@id": "way/562367949",
        "addr:city": "New York",
        "addr:housenumber": "1901",
        "addr:postcode": "10129",
        "addr:street": "1st Avenue",
        "amenity": "hospital",
        "emergency": "yes",
        "gnis:feature_id": "957041",
        "healthcare": "hospital",
        "healthcare:speciality": "psychiatry",
        "name": "NYC Health + Hospitals/Metropolitan",
        "old_name": "Metropolitan Hospital",
        "opening_hours": "24/7",
        "operator": "NYC Health + Hospitals",
        "phone": "+1 212-423-6262",
        "website": "https://www.nychealthandhospitals.org/metropolitan/",
        "wikidata": "Q14706949",
        "wikipedia": "en:Metropolitan Hospital Center",
        "@geometry": "center"
      },
      "geometry": {
        "type": "Point",
        "coordinates": [
          -73.9449502,
          40.7850572
        ]
      },
      "id": "way/562367949"
    },
    {
      "type": "Feature",
      "properties": {
        "@id": "way/562510587",
        "addr:city": "New York",
        "addr:housenumber": "1111",
        "addr:postcode": "10029",
        "addr:street": "Amsterdam Avenue",
        "amenity": "hospital",
        "emergency": "yes",
        "gnis:feature_id": "963825",
        "healthcare": "hospital",
        "name": "Mount Sinai Morningside",
        "old_name": "Saint Luke's Hospital Center",
        "opening_hours": "24/7",
        "operator": "Mount Sinai",
        "phone": "+1-212-523-4000",
        "website": "https://www.mountsinai.org/locations/morningside",
        "wikidata": "Q41559830",
        "wikipedia": "en:Mount Sinai Morningside",
        "@geometry": "center"
      },
      "geometry": {
        "type": "Point",
        "coordinates": [
          -73.9614667,
          40.8052353
        ]
      },
      "id": "way/562510587"
    },
    {
      "type": "Feature",
      "properties": {
        "@id": "way/562540012",
        "addr:city": "New York",
        "addr:housenumber": "506",
        "addr:postcode": "10037",
        "addr:street": "Lenox Avenue",
        "alt_name": "Harlem Hospital Center",
        "amenity": "hospital",
        "atm": "yes",
        "beds": "272",
        "emergency": "yes",
        "gnis:feature_id": "952234",
        "healthcare": "hospital",
        "name": "NYC Health + Hospitals/Harlem",
        "opening_hours": "24/7",
        "operator": "NYC Health + Hospitals",
        "phone": "+1 212 939 1000",
        "toilets": "yes",
        "website": "https://www.nychealthandhospitals.org/harlem/",
        "wheelchair": "yes",
        "wikidata": "Q14956756",
        "wikipedia": "en:Harlem Hospital Center",
        "@geometry": "center"
      },
      "geometry": {
        "type": "Point",
        "coordinates": [
          -73.9388249,
          40.8144044
        ]
      },
      "id": "way/562540012"
    },
    {
      "type": "Feature",
      "properties": {
        "@id": "way/562562103",
        "addr:city": "New York",
        "addr:housenumber": "5141",
        "addr:postcode": "10040",
        "addr:street": "Broadway",
        "alt_name": "The Allen Hospital",
        "amenity": "hospital",
        "emergency": "yes",
        "gnis:feature_id": "2078990",
        "healthcare": "hospital",
        "name": "NewYork-Presbyterian/Allen Hospital",
        "old_name": "Allan Pavilion of New York Presbyterian Hospital",
        "opening_hours": "24/7",
        "operator": "NewYork-Presbyterian",
        "phone": "+1 212 932 4000",
        "website": "https://www.nyp.org/allenhospital",
        "wheelchair": "yes",
        "@geometry": "center"
      },
      "geometry": {
        "type": "Point",
        "coordinates": [
          -73.9128055,
          40.873262
        ]
      },
      "id": "way/562562103"
    },
    {
      "type": "Feature",
      "properties": {
        "@id": "way/587962561",
        "addr:city": "Manhattan",
        "addr:housenumber": "1829",
        "addr:postcode": "66502",
        "addr:street": "College Avenue",
        "amenity": "hospital",
        "check_date": "2024-05-01",
        "emergency": "no",
        "healthcare": "hospital",
        "healthcare:speciality": "surgery",
        "name": "Manhattan Surgical Hospital",
        "phone": "+1 785 776 5100",
        "website": "https://www.manhattansurgical.com/",
        "@geometry": "center"
      },
      "geometry": {
        "type": "Point",
        "coordinates": [
          -96.59904,
          39.2029041
        ]
      },
      "id": "way/587962561"
    },
    {
      "type": "Feature",
      "properties": {
        "@id": "way/587962562",
        "addr:city": "Manhattan",
        "addr:housenumber": "1823",
        "addr:postcode": "66502",
        "addr:street": "College Avenue",
        "amenity": "hospital",
        "check_date": "2024-05-01",
        "emergency": "yes",
        "healthcare": "hospital",
        "name": "Via Christi Hospital",
        "opening_hours": "24/7",
        "operator": "Via Christi Health",
        "phone": "+1 785 776 3322",
        "website": "https://www.viachristi.org/location/via-christi-hospital-manhattan",
        "@geometry": "center"
      },
      "geometry": {
        "type": "Point",
        "coordinates": [
          -96.5998775,
          39.2015782
        ]
      },
      "id": "way/587962562"
    },
    {
      "type": "Feature",
      "properties": {
        "@id": "way/615093356",
        "addr:city": "Manhattan",
        "addr:housenumber": "4201",
        "addr:postcode": "66503",
        "addr:state": "KS",
        "addr:street": "Anderson Avenue",
        "addr:unit": "Suite E",
        "amenity": "dentist",
        "building": "yes",
        "email": "info@manhattanoralsurgerycenter.com",
        "fax": "+1-785-539-5320",
        "healthcare": "dentist",
        "name": "Manhattan Oral Surgery and Implant Center",
        "website": "https://www.manhattanoralsurgerycenter.com/",
        "@geometry": "center"
      },
      "geometry": {
        "type": "Point",
        "coordinates": [
          -96.6415408,
          39.1900721
        ]
      },
      "id": "way/615093356"
    },
    {
      "type": "Feature",
      "properties": {
        "@id": "way/615561653",
        "addr:city": "Manhattan",
        "addr:housenumber": "4101",
        "addr:postcode": "66503",
        "addr:state": "KS",
        "addr:street": "Anderson Avenue",
        "amenity": "doctors",
        "building": "yes",
        "healthcare": "doctor",
        "healthcare:speciality": "general",
        "name": "Stone Creek Family Physicians",
        "@geometry": "center"
      },
      "geometry": {
        "type": "Point",
        "coordinates": [
          -96.6394108,
          39.1897502
        ]
      },
      "id": "way/615561653"
    },
    {
      "type": "Feature",
      "properties": {
        "@id": "way/623532745",
        "addr:city": "Manhattan",
        "addr:housenumber": "1110",
        "addr:postcode": "66502",
        "addr:state": "KS",
        "addr:street": "Westport Drive",
        "amenity": "dentist",
        "building": "yes",
        "healthcare": "dentist",
        "name": "Dentistry By Design",
        "website": "https://dentistrybydesignks.com/",
        "@geometry": "center"
      },
      "geometry": {
        "type": "Point",
        "coordinates": [
          -96.6063568,
          39.1909323
        ]
      },
      "id": "way/623532745"
    },
    {
      "type": "Feature",
      "properties": {
        "@id": "way/627890246",
        "addr:city": "Manhattan",
        "addr:housenumber": "1404",
        "addr:postcode": "66502",
        "addr:street": "Beechwood Terrace",
        "addr:unit": "Suite C & D",
        "amenity": "doctors",
        "building": "yes",
        "emergency": "yes",
        "healthcare": "doctor",
        "healthcare:speciality": "general",
        "name": "Manhattan Care Primary and Urgent",
        "phone": "+1 785 320 6770",
        "website": "http://mhkcpu.com/",
        "@geometry": "center"
      },
      "geometry": {
        "type": "Point",
        "coordinates": [
          -96.6104074,
          39.1935067
        ]
      },
      "id": "way/627890246"
    },
    {
      "type": "Feature",
      "properties": {
        "@id": "way/630800108",
        "addr:city": "Manhattan",
        "addr:housenumber": "1408",
        "addr:postcode": "66502",
        "addr:state": "KS",
        "addr:street": "Poyntz Avenue",
        "building": "yes",
        "fax": "+1-785-537-2299",
        "healthcare": "psychotherapist",
        "name": "Cornerstone Family Counseling",
        "phone": "+1-785-776-4105",
        "website": "https://www.cornerstonefamilycounseling.org/",
        "@geometry": "center"
      },
      "geometry": {
        "type": "Point",
        "coordinates": [
          -96.5790142,
          39.1798193
        ]
      },
      "id": "way/630800108"
    },
    {
      "type": "Feature",
      "properties": {
        "@id": "way/641968539",
        "building": "hospital",
        "building:usage:pl": "Ochrony zdrowia, opieki socjalnej",
        "healthcare": "centre",
        "healthcare:speciality": "radiotherapy;oncology",
        "name": "Zakład Radioterapii Gorzowskiego Uniwersyteckiego Centrum Onkologii",
        "@geometry": "center"
      },
      "geometry": {
        "type": "Point",
        "coordinates": [
          15.2374289,
          52.7611673
        ]
      },
      "id": "way/641968539"
    },
    {
      "type": "Feature",
      "properties": {
        "@id": "way/654771850",
        "addr:city": "Manhattan",
        "addr:housenumber": "720",
        "addr:postcode": "66502",
        "addr:state": "KS",
        "addr:street": "Poyntz Avenue",
        "building": "yes",
        "healthcare": "psychotherapist",
        "name": "Katie's Way",
        "phone": "+1-785-320-7331",
        "website": "https://www.katieswaymanhattan.com/",
        "@geometry": "center"
      },
      "geometry": {
        "type": "Point",
        "coordinates": [
          -96.5678111,
          39.1796769
        ]
      },
      "id": "way/654771850"
    },
    {
      "type": "Feature",
      "properties": {
        "@id": "way/664750647",
        "addr:housenumber": "1500",
        "addr:street": "Lexington Avenue",
        "amenity": "pharmacy",
        "brand": "CVS Pharmacy",
        "brand:website": "https://www.cvs.com/",
        "brand:wikidata": "Q2078880",
        "check_date": "2025-12-27",
        "dispensing": "yes",
        "drink:beer": "yes",
        "drink:wine": "yes",
        "drive_through": "no",
        "healthcare": "pharmacy",
        "level": "0",
        "name": "CVS Pharmacy",
        "opening_hours": "Mo-Su 07:00-24:00 open \"Store\" || Mo-Fr 08:00-13:30, 14:00-20:00; Sa 09:00-13:30, 14:00-18:00; Su 10:00-13:30, 14:00-17:00 open \"Pharmacy\"",
        "payment:american_express": "yes",
        "payment:apple_pay": "yes",
        "payment:cash": "yes",
        "payment:debit_cards": "yes",
        "payment:discover_card": "yes",
        "payment:mastercard": "yes",
        "payment:unionpay": "yes",
        "payment:visa": "yes",
        "phone": "+1 212-289-3846",
        "ref": "5772",
        "short_name": "CVS",
        "website": "https://www.cvs.com/store-locator/new-york-ny-pharmacies/1500-lexington-ave-new-york-ny-10029/storeid=5772",
        "wheelchair": "yes",
        "@geometry": "center"
      },
      "geometry": {
        "type": "Point",
        "coordinates": [
          -73.9507717,
          40.7864664
        ]
      },
      "id": "way/664750647"
    },
    {
      "type": "Feature",
      "properties": {
        "@id": "way/671000738",
        "addr:city": "New York",
        "addr:housename": "424",
        "addr:postcode": "10016",
        "addr:state": "NY",
        "addr:street": "East 34th Street",
        "building": "yes",
        "building:levels": "21",
        "healthcare": "hospital",
        "height": "113.8",
        "name": "Helen L. and Martin S. Kimmel Pavilion",
        "note": "ground floor=G (level 0), 1st floor=1 (level 1), etc",
        "nycdoitt:bin": "1090574",
        "operator": "NYU Langone Health",
        "phone": "+1-212-263-7300",
        "website": "https://nyulangone.org/locations/kimmel-pavilion",
        "@geometry": "center"
      },
      "geometry": {
        "type": "Point",
        "coordinates": [
          -73.9730323,
          40.742793
        ]
      },
      "id": "way/671000738"
    },
    {
      "type": "Feature",
      "properties": {
        "@id": "way/699367530",
        "addr:city": "Manhattan",
        "addr:housenumber": "8301",
        "addr:postcode": "66502",
        "addr:state": "KS",
        "addr:street": "Positano Drive",
        "amenity": "clinic",
        "building": "yes",
        "healthcare": "clinic",
        "name": "Blue River Family Medicine",
        "operator": "Manhattan Surgical Hospital",
        "phone": "+1 785 587 0570",
        "website": "https://blueriverfamilymedicine.com/",
        "@geometry": "center"
      },
      "geometry": {
        "type": "Point",
        "coordinates": [
          -96.5211828,
          39.1968376
        ]
      },
      "id": "way/699367530"
    },
    {
      "type": "Feature",
      "properties": {
        "@id": "way/714459995",
        "addr:housenumber": "305",
        "addr:postcode": "10016",
        "addr:street": "East 33rd Street",
        "amenity": "clinic",
        "healthcare": "clinic",
        "level": "0;1",
        "name": "Hansjörg Wyss Department of Plastic Surgery",
        "operator": "NYU Langone Health",
        "operator:type": "private",
        "operator:wikidata": "Q6956114",
        "website": "https://med.nyu.edu/departments-institutes/plastic-surgery/",
        "@geometry": "center"
      },
      "geometry": {
        "type": "Point",
        "coordinates": [
          -73.9754885,
          40.7439046
        ]
      },
      "id": "way/714459995"
    },
    {
      "type": "Feature",
      "properties": {
        "@id": "way/747961123",
        "addr:city": "New York",
        "addr:housenumber": "356",
        "addr:postcode": "10011",
        "addr:state": "NY",
        "addr:street": "West 18th Street",
        "amenity": "clinic",
        "building": "yes",
        "description": "Callen Lorde is a community health center that specifically serves New York's LGBTQ+ community. \n",
        "healthcare": "clinic",
        "healthcare:speciality": "community;transHRT;wikidata=Q5903802",
        "name": "Callen Lorde Community Health Center",
        "opening_hours": "Mo-Th 08:15-20:15; Fr 09:45-16:45; Sa 08:30-15:15",
        "@geometry": "center"
      },
      "geometry": {
        "type": "Point",
        "coordinates": [
          -74.0031838,
          40.7430549
        ]
      },
      "id": "way/747961123"
    },
    {
      "type": "Feature",
      "properties": {
        "@id": "way/758407251",
        "addr:postcode": "10035",
        "addr:street": "2nd Avenue",
        "amenity": "clinic",
        "fax": "+1 212-722-7618",
        "healthcare": "clinic",
        "healthcare:speciality": "psychiatry",
        "name": "Harlem East Life Plan",
        "opening_hours": "Mo-Fr 06:00-19:00; Sa 06:00-12:30",
        "phone": "+1 212-876-2300",
        "website": "https://www.harlemeastlifeplan.com",
        "@geometry": "center"
      },
      "geometry": {
        "type": "Point",
        "coordinates": [
          -73.9355022,
          40.8006269
        ]
      },
      "id": "way/758407251"
    },
    {
      "type": "Feature",
      "properties": {
        "@id": "node/766987341",
        "addr:city": "Manhattan",
        "addr:housenumber": "3254",
        "addr:postcode": "66503",
        "addr:street": "Kimball Avenue",
        "amenity": "pharmacy",
        "brand": "Health Mart",
        "brand:wikidata": "Q5690597",
        "healthcare": "pharmacy",
        "name": "Health Mart",
        "opening_hours": "Mo-Fr 08:30-18:00; Sa 08:30-13:00"
      },
      "geometry": {
        "type": "Point",
        "coordinates": [
          -96.6190234,
          39.20445
        ]
      },
      "id": "node/766987341"
    },
    {
      "type": "Feature",
      "properties": {
        "@id": "node/766987353",
        "amenity": "doctors",
        "healthcare": "doctor",
        "healthcare:speciality": "ophthalmology",
        "name": "The Eye Doctors"
      },
      "geometry": {
        "type": "Point",
        "coordinates": [
          -96.6138477,
          39.1898743
        ]
      },
      "id": "node/766987353"
    },
    {
      "type": "Feature",
      "properties": {
        "@id": "node/766987413",
        "addr:housenumber": "3252",
        "addr:street": "Kimball Avenue",
        "healthcare": "alternative",
        "healthcare:speciality": "chiropractic",
        "name": "Jointfit Chiropractic & Sports Medicine Center",
        "opening_hours": "Mo,Tu,Th 08:00-21:00; We,Fr 08:00-17:00; Sa 08:00-13:00",
        "phone": "+1-785-320-6868"
      },
      "geometry": {
        "type": "Point",
        "coordinates": [
          -96.6190056,
          39.2044906
        ]
      },
      "id": "node/766987413"
    },
    {
      "type": "Feature",
      "properties": {
        "@id": "way/771999883",
        "addr:housenumber": "155",
        "addr:postcode": "10016",
        "addr:street": "East 34th Street",
        "amenity": "pharmacy",
        "atm": "yes",
        "brand": "Duane Reade",
        "brand:wikidata": "Q5310380",
        "dispensing": "yes",
        "drink:beer": "yes",
        "drink:wine": "low_alcohol",
        "healthcare": "pharmacy",
        "money_transfer": "western_union",
        "money_transfer:website": "https://location.westernunion.com/us/ny/new-york/190df49f3db9a42501c0543077bec913",
        "name": "Duane Reade",
        "opening_hours": "00:00-24:00 open \"Store\" || 00:00-24:00 open \"Pharmacy\"",
        "parcel_pickup": "FedEx",
        "phone": "+1-212-683-3042",
        "ref": "14169",
        "shipping": "FedEx",
        "website": "https://www.walgreens.com/locator/duane+reade-155+e+34th+st-new+york-ny-10016/id=14169",
        "@geometry": "center"
      },
      "geometry": {
        "type": "Point",
        "coordinates": [
          -73.9785289,
          40.7461038
        ]
      },
      "id": "way/771999883"
    },
    {
      "type": "Feature",
      "properties": {
        "@id": "node/789330829",
        "healthcare": "alternative",
        "healthcare:speciality": "chiropractic",
        "name": "Alternative Healthcare Center",
        "source": "survey"
      },
      "geometry": {
        "type": "Point",
        "coordinates": [
          -96.5698555,
          39.1796704
        ]
      },
      "id": "node/789330829"
    },
    {
      "type": "Feature",
      "properties": {
        "@id": "way/799488173",
        "addr:city": "New York",
        "addr:housenumber": "170",
        "addr:postcode": "10038",
        "addr:state": "NY",
        "addr:street": "William Street",
        "amenity": "hospital",
        "beds": "132",
        "building": "yes",
        "building:colour": "beige",
        "building:levels": "8",
        "building:material": "brick",
        "emergency": "yes",
        "healthcare": "hospital",
        "name": "NewYork-Presbyterian Lower Manhattan Hospital",
        "operator": "NewYork-Presbyterian Healthcare System",
        "operator:wikidata": "Q7005155",
        "start_date": "1853",
        "website": "https://www.nyp.org/lowermanhattan",
        "wikidata": "Q7013458",
        "wikipedia": "en:NewYork-Presbyterian Lower Manhattan Hospital",
        "@geometry": "center"
      },
      "geometry": {
        "type": "Point",
        "coordinates": [
          -74.0049658,
          40.7103064
        ]
      },
      "id": "way/799488173"
    },
    {
      "type": "Feature",
      "properties": {
        "@id": "node/799868376",
        "amenity": "dentist",
        "healthcare": "dentist",
        "name": "E. Hamrick Swan Family Dentistry"
      },
      "geometry": {
        "type": "Point",
        "coordinates": [
          -96.6145007,
          39.1903437
        ]
      },
      "id": "node/799868376"
    },
    {
      "type": "Feature",
      "properties": {
        "@id": "node/799869256",
        "amenity": "doctors",
        "healthcare": "doctor",
        "healthcare:speciality": "ophthalmology",
        "name": "Genstler Eye Center"
      },
      "geometry": {
        "type": "Point",
        "coordinates": [
          -96.6138907,
          39.1901566
        ]
      },
      "id": "node/799869256"
    },
    {
      "type": "Feature",
      "properties": {
        "@id": "node/799869285",
        "healthcare": "podiatrist",
        "name": "Manhattan Foot Specialists, PA"
      },
      "geometry": {
        "type": "Point",
        "coordinates": [
          -96.6144975,
          39.190387
        ]
      },
      "id": "node/799869285"
    },
    {
      "type": "Feature",
      "properties": {
        "@id": "node/799870010",
        "healthcare": "blood_donation",
        "name": "CSL Plasma"
      },
      "geometry": {
        "type": "Point",
        "coordinates": [
          -96.6096025,
          39.1890811
        ]
      },
      "id": "node/799870010"
    },
    {
      "type": "Feature",
      "properties": {
        "@id": "way/818557074",
        "addr:city": "New York",
        "addr:housenumber": "1000",
        "addr:postcode": "10019",
        "addr:state": "NY",
        "addr:street": "10th Avenue",
        "amenity": "hospital",
        "emergency": "yes",
        "healthcare": "hospital",
        "healthcare:speciality": "oncology;otolaryngology;emergency;cardiology;neurology;surgery;radiology;urology;psychiatry;gynaecology;orthopaedics;general;pulmonology;neurosurgery;palliative;paediatrics;haematology;physiatry;radiotherapy",
        "name": "Mount Sinai West",
        "old_name": "Roosevelt Hospital",
        "opening_hours": "24/7",
        "operator": "Mount Sinai Health System",
        "operator:type": "private",
        "operator:wikidata": "Q5165549",
        "phone": "+1-212-523-4000",
        "website": "https://www.mountsinai.org/locations/west",
        "wheelchair": "yes",
        "wikidata": "Q41559869",
        "wikipedia": "en:Mount Sinai West",
        "@geometry": "center"
      },
      "geometry": {
        "type": "Point",
        "coordinates": [
          -73.9869586,
          40.7697294
        ]
      },
      "id": "way/818557074"
    },
    {
      "type": "Feature",
      "properties": {
        "@id": "node/846564319",
        "addr:housenumber": "711",
        "amenity": "clinic",
        "healthcare": "clinic",
        "name": "K-Stat Urgent Care",
        "source": "survey"
      },
      "geometry": {
        "type": "Point",
        "coordinates": [
          -96.6045354,
          39.1730061
        ]
      },
      "id": "node/846564319"
    },
    {
      "type": "Feature",
      "properties": {
        "@id": "node/870314638",
        "addr:city": "New York",
        "addr:housenumber": "425",
        "addr:postcode": "10044",
        "addr:state": "NY",
        "addr:street": "Main Street",
        "amenity": "pharmacy",
        "brand": "Duane Reade",
        "brand:wikidata": "Q5310380",
        "dispensing": "yes",
        "drive_through": "no",
        "healthcare": "pharmacy",
        "name": "Duane Reade",
        "opening_hours": "Mo-Fr 09:00-20:00; Sa 09:00-18:00; Su 10:00-17:00",
        "phone": "+1 646-521-2260",
        "ref": "14386",
        "website": "https://www.walgreens.com/locator/duane+reade-425+main+st-new+york-ny-10044/id=14386"
      },
      "geometry": {
        "type": "Point",
        "coordinates": [
          -73.9533573,
          40.75881
        ]
      },
      "id": "node/870314638"
    },
    {
      "type": "Feature",
      "properties": {
        "@id": "node/889585048",
        "addr:city": "New York",
        "addr:postcode": "10281",
        "addr:state": "NY",
        "amenity": "pharmacy",
        "brand": "Rite Aid",
        "brand:wikidata": "Q3433273",
        "healthcare": "pharmacy",
        "name": "Rite Aid",
        "wheelchair": "yes"
      },
      "geometry": {
        "type": "Point",
        "coordinates": [
          -74.0150269,
          40.7121643
        ]
      },
      "id": "node/889585048"
    },
    {
      "type": "Feature",
      "properties": {
        "@id": "way/995287204",
        "addr:city": "Manhattan",
        "addr:housenumber": "3200",
        "addr:postcode": "66503",
        "addr:street": "Kimball Avenue",
        "amenity": "dentist",
        "building": "yes",
        "healthcare": "dentist",
        "name": "Richard Woodard D.D.S., P.A.",
        "@geometry": "center"
      },
      "geometry": {
        "type": "Point",
        "coordinates": [
          -96.6178853,
          39.2041034
        ]
      },
      "id": "way/995287204"
    },
    {
      "type": "Feature",
      "properties": {
        "@id": "way/1016975932",
        "addr:city": "Manhattan",
        "addr:housenumber": "8315",
        "addr:postcode": "66502",
        "addr:street": "Positano Drive",
        "amenity": "clinic",
        "building": "yes",
        "fax": "+1-785-776-7392",
        "healthcare": "clinic",
        "healthcare:speciality": "obstetrics;gynecology",
        "name": "The Women's Health Group, P.A.",
        "opening_hours": "Mo-Fr 08:00-12:00,13:00-16:30",
        "phone": "+1-785-776-1400",
        "@geometry": "center"
      },
      "geometry": {
        "type": "Point",
        "coordinates": [
          -96.5203329,
          39.1968874
        ]
      },
      "id": "way/1016975932"
    },
    {
      "type": "Feature",
      "properties": {
        "@id": "way/1074035427",
        "amenity": "clinic",
        "building": "yes",
        "building:levels": "1",
        "healthcare": "clinic",
        "name": "Xpress Wellness Urgent Care",
        "roof:shape": "flat",
        "@geometry": "center"
      },
      "geometry": {
        "type": "Point",
        "coordinates": [
          -96.5523714,
          39.1898884
        ]
      },
      "id": "way/1074035427"
    },
    {
      "type": "Feature",
      "properties": {
        "@id": "way/1123820466",
        "addr:city": "Manhattan",
        "addr:housenumber": "2331",
        "addr:postcode": "66502",
        "addr:state": "KS",
        "addr:street": "Tuttle Creek Boulevard",
        "amenity": "doctors",
        "building": "yes",
        "fax": "+1 785 537 0836",
        "healthcare": "doctor",
        "healthcare:speciality": "general",
        "name": "CenterPointe Physicians",
        "phone": "+1 785 537 4940",
        "website": "https://centerpointephysicians.com",
        "@geometry": "center"
      },
      "geometry": {
        "type": "Point",
        "coordinates": [
          -96.5741177,
          39.2092119
        ]
      },
      "id": "way/1123820466"
    },
    {
      "type": "Feature",
      "properties": {
        "@id": "way/1200833261",
        "addr:city": "Manhattan",
        "addr:housenumber": "1325",
        "addr:postcode": "66502",
        "addr:state": "KS",
        "addr:street": "Research Park Drive",
        "amenity": "clinic",
        "building": "yes",
        "healthcare": "clinic",
        "healthcare:speciality": "general",
        "name": "Stormont Vail Manhattan Campus",
        "operator": "Stormont Vail",
        "@geometry": "center"
      },
      "geometry": {
        "type": "Point",
        "coordinates": [
          -96.5767167,
          39.2012327
        ]
      },
      "id": "way/1200833261"
    },
    {
      "type": "Feature",
      "properties": {
        "@id": "way/1265948117",
        "addr:city": "Roosevelt Island",
        "addr:housenumber": "900",
        "addr:postcode": "10044",
        "addr:street": "Main Street",
        "amenity": "hospital",
        "gnis:feature_id": "947119",
        "healthcare": "hospital",
        "name": "NYC Health + Hospitals/Coler",
        "operator": "NYC Health + Hospitals/",
        "phone": "+1 212 848 6000",
        "website": "https://www.nychealthandhospitals.org/coler/",
        "wikidata": "Q5144596",
        "wikipedia": "en:Coler Specialty Hospital",
        "@geometry": "center"
      },
      "geometry": {
        "type": "Point",
        "coordinates": [
          -73.9424054,
          40.7704067
        ]
      },
      "id": "way/1265948117"
    },
    {
      "type": "Feature",
      "properties": {
        "@id": "node/1272961632",
        "addr:city": "New York",
        "addr:housenumber": "5",
        "addr:postcode": "10013",
        "addr:state": "NY",
        "addr:street": "Hudson Street",
        "amenity": "pharmacy",
        "healthcare": "pharmacy",
        "name": "Kings Pharmacy"
      },
      "geometry": {
        "type": "Point",
        "coordinates": [
          -74.0093501,
          40.7160601
        ]
      },
      "id": "node/1272961632"
    },
    {
      "type": "Feature",
      "properties": {
        "@id": "node/1272961636",
        "addr:city": "New York",
        "addr:housenumber": "37",
        "addr:postcode": "10006",
        "addr:street": "Broadway",
        "amenity": "pharmacy",
        "brand": "Duane Reade",
        "brand:wikidata": "Q5310380",
        "dispensing": "yes",
        "drink:beer": "yes",
        "drink:wine": "yes",
        "drive_through": "no",
        "healthcare": "pharmacy",
        "name": "Duane Reade",
        "opening_hours": "Mo-Fr 09:00-19:00 open \"Pharmacy\" || Mo-Fr 07:00-21:00; Sa 09:00-18:00; Su 10:00-17:00 open \"Store\"",
        "phone": "+1 212-425-8460",
        "ref": "14101",
        "website": "https://www.walgreens.com/locator/walgreens-37+broadway-new+york-ny-10006/id=14101",
        "wheelchair": "yes"
      },
      "geometry": {
        "type": "Point",
        "coordinates": [
          -74.0132627,
          40.7062064
        ]
      },
      "id": "node/1272961636"
    },
    {
      "type": "Feature",
      "properties": {
        "@id": "node/1272961641",
        "addr:city": "New York",
        "addr:housenumber": "42",
        "addr:postcode": "10005",
        "addr:state": "NY",
        "addr:street": "Pine Street",
        "amenity": "pharmacy",
        "brand": "Duane Reade",
        "brand:wikidata": "Q5310380",
        "check_date": "2023-02-23",
        "healthcare": "pharmacy",
        "name": "Duane Reade",
        "wheelchair": "limited"
      },
      "geometry": {
        "type": "Point",
        "coordinates": [
          -74.0096068,
          40.7072059
        ]
      },
      "id": "node/1272961641"
    },
    {
      "type": "Feature",
      "properties": {
        "@id": "node/1289069575",
        "addr:city": "New York",
        "addr:housenumber": "1",
        "addr:postcode": "10004",
        "addr:state": "NY",
        "addr:street": "Whitehall Street",
        "amenity": "pharmacy",
        "brand": "Duane Reade",
        "brand:wikidata": "Q5310380",
        "healthcare": "pharmacy",
        "name": "Duane Reade",
        "opening_hours": "Mo-Fr 07:00-21:00; Sa 08:00-21:00; Su 10:00-19:00 open \"Store\" || Mo-Fr 10:00-18:00 open \"Pharmacy\"",
        "wheelchair": "limited"
      },
      "geometry": {
        "type": "Point",
        "coordinates": [
          -74.0130056,
          40.7039219
        ]
      },
      "id": "node/1289069575"
    },
    {
      "type": "Feature",
      "properties": {
        "@id": "node/1290043821",
        "addr:housenumber": "866",
        "addr:postcode": "10022",
        "addr:street": "3rd Avenue",
        "amenity": "pharmacy",
        "atm": "yes",
        "brand": "Duane Reade",
        "brand:wikidata": "Q5310380",
        "dispensing": "yes",
        "drink:beer": "yes",
        "healthcare": "pharmacy",
        "name": "Duane Reade",
        "opening_hours": "00:00-24:00 open \"Store\" || Mo-Fr 08:00-21:00; Sa 09:00-18:00; Su 10:00-17:00 open \"Pharmacy\"",
        "phone": "+1 212-759-9412",
        "website": "https://www.walgreens.com/locator/duane+reade-866+3rd+ave-new+york-ny-10022/id=14153"
      },
      "geometry": {
        "type": "Point",
        "coordinates": [
          -73.9697612,
          40.7575851
        ]
      },
      "id": "node/1290043821"
    },
    {
      "type": "Feature",
      "properties": {
        "@id": "node/1293169933",
        "amenity": "pharmacy",
        "brand": "Duane Reade",
        "brand:wikidata": "Q5310380",
        "healthcare": "pharmacy",
        "name": "Duane Reade"
      },
      "geometry": {
        "type": "Point",
        "coordinates": [
          -73.981755,
          40.747042
        ]
      },
      "id": "node/1293169933"
    },
    {
      "type": "Feature",
      "properties": {
        "@id": "way/1294767655",
        "building": "hospital",
        "healthcare": "dialysis",
        "healthcare:speciality": "dialysis",
        "name": "Stacja dializ",
        "@geometry": "center"
      },
      "geometry": {
        "type": "Point",
        "coordinates": [
          15.2365434,
          52.7606178
        ]
      },
      "id": "way/1294767655"
    },
    {
      "type": "Feature",
      "properties": {
        "@id": "node/1383571132",
        "addr:city": "New York",
        "addr:housenumber": "139",
        "addr:state": "NY",
        "addr:street": "Centre Street",
        "amenity": "pharmacy",
        "healthcare": "pharmacy",
        "name": "139 Center Pharmacy",
        "phone": "+1 646-838-6388"
      },
      "geometry": {
        "type": "Point",
        "coordinates": [
          -74.0006546,
          40.7173976
        ]
      },
      "id": "node/1383571132"
    },
    {
      "type": "Feature",
      "properties": {
        "@id": "node/1383932922",
        "addr:city": "New York",
        "addr:housenumber": "1",
        "addr:state": "NY",
        "addr:street": "Columbus Place",
        "amenity": "pharmacy",
        "brand": "CVS Pharmacy",
        "brand:website": "https://www.cvs.com/",
        "brand:wikidata": "Q2078880",
        "dispensing": "yes",
        "drive_through": "no",
        "healthcare": "pharmacy",
        "name": "CVS Pharmacy",
        "opening_hours": "07:00-24:00 open \"Store\" || Mo-Fr 09:00-13:30, 14:00-19:00; Sa 09:00-13:30, 14:00-18:00; Su 10:00-13:30, 14:00-17:00",
        "payment:american_express": "yes",
        "payment:cash": "yes",
        "payment:coins": "yes",
        "payment:contactless": "yes",
        "payment:credit_cards": "yes",
        "payment:debit_cards": "yes",
        "payment:discover_card": "yes",
        "payment:mastercard": "yes",
        "payment:notes": "yes",
        "payment:visa": "yes",
        "phone": "+1 212-245-0636",
        "ref": "2168",
        "short_name": "CVS",
        "website": "https://www.cvs.com/store-locator/new-york-ny-pharmacies/1-columbus-place-new-york-ny-10019/storeid=2168",
        "wheelchair": "yes"
      },
      "geometry": {
        "type": "Point",
        "coordinates": [
          -73.9853107,
          40.7687711
        ]
      },
      "id": "node/1383932922"
    },
    {
      "type": "Feature",
      "properties": {
        "@id": "node/1383958514",
        "addr:housenumber": "900",
        "addr:postcode": "10019",
        "addr:street": "8th Avenue",
        "amenity": "pharmacy",
        "brand": "Duane Reade",
        "brand:wikidata": "Q5310380",
        "healthcare": "pharmacy",
        "name": "Duane Reade",
        "opening_hours": "Mo-Fr 08:00-20:00; Sa 09:00-18:00; Su 10:00-17:00 open \"Pharmacy\" || 07:00-23:00 open \"Store\"",
        "phone": "+1 212-582-3463",
        "website": "https://www.walgreens.com/locator/walgreens-900+8th+ave-new+york-ny-10019/id=14297",
        "wheelchair": "yes"
      },
      "geometry": {
        "type": "Point",
        "coordinates": [
          -73.9843795,
          40.764238
        ]
      },
      "id": "node/1383958514"
    },
    {
      "type": "Feature",
      "properties": {
        "@id": "node/1383964835",
        "amenity": "pharmacy",
        "brand": "Duane Reade",
        "brand:wikidata": "Q5310380",
        "healthcare": "pharmacy",
        "name": "Duane Reade",
        "wheelchair": "limited"
      },
      "geometry": {
        "type": "Point",
        "coordinates": [
          -73.9922228,
          40.7428663
        ]
      },
      "id": "node/1383964835"
    },
    {
      "type": "Feature",
      "properties": {
        "@id": "node/1427212633",
        "brand": "Cohen's Fashion Optical",
        "brand:short": "Cohen's",
        "brand:wikidata": "Q5141313",
        "healthcare": "optometrist",
        "name": "Cohen's Fashion Optical",
        "shop": "optician",
        "short_name": "Cohen's"
      },
      "geometry": {
        "type": "Point",
        "coordinates": [
          -73.979134,
          40.7525762
        ]
      },
      "id": "node/1427212633"
    },
    {
      "type": "Feature",
      "properties": {
        "@id": "way/1459141045",
        "amenity": "clinic",
        "healthcare": "clinic",
        "name": "Memorial Sloan Kettering Cancer Center",
        "@geometry": "center"
      },
      "geometry": {
        "type": "Point",
        "coordinates": [
          -73.9619157,
          40.7615916
        ]
      },
      "id": "way/1459141045"
    },
    {
      "type": "Feature",
      "properties": {
        "@id": "node/1487384169",
        "addr:city": "New York",
        "addr:housenumber": "25",
        "addr:postcode": "10007",
        "addr:street": "Hudson Street",
        "amenity": "clinic",
        "check_date": "2023-07-31",
        "healthcare": "clinic",
        "level": "0",
        "name": "One Medical",
        "operator": "1Life Healthcare",
        "operator:type": "private",
        "operator:wikidata": "Q85727717",
        "wheelchair": "yes"
      },
      "geometry": {
        "type": "Point",
        "coordinates": [
          -74.0093343,
          40.7166187
        ]
      },
      "id": "node/1487384169"
    },
    {
      "type": "Feature",
      "properties": {
        "@id": "node/1581175993",
        "addr:city": "New York",
        "addr:housenumber": "339",
        "addr:postcode": "10016",
        "addr:street": "East 38th Street",
        "amenity": "hospital",
        "emergency": "no",
        "entrance": "yes",
        "healthcare": "hospital",
        "healthcare:speciality": "surgery",
        "name": "NYU Langone Outpatient Surgery Center",
        "operator": "NYU Langone Health",
        "operator:wikidata": "Q6956114",
        "operator:wikipedia": "en:NYU Langone Health",
        "phone": "+1 212 263 1515",
        "website": "https://nyulangone.org/locations/nyu-langone-outpatient-surgery-center"
      },
      "geometry": {
        "type": "Point",
        "coordinates": [
          -73.9717941,
          40.7464784
        ]
      },
      "id": "node/1581175993"
    },
    {
      "type": "Feature",
      "properties": {
        "@id": "node/1667420596",
        "addr:housenumber": "2170",
        "addr:postcode": "10026",
        "addr:street": "Frederick Douglass Boulevard",
        "amenity": "pharmacy",
        "atm": "yes",
        "brand": "Rite Aid",
        "brand:wikidata": "Q3433273",
        "check_date": "2024-06-19",
        "dispensing": "yes",
        "drink:beer": "yes",
        "healthcare": "pharmacy",
        "name": "Rite Aid",
        "opening_hours": "Mo-Fr 08:00-21:00; Sa 09:00-18:00; Su 10:00-17:00 open \"Pharmacy\" || 07:00-24:00 open \"Store\"",
        "phone": "+1 212-666-3013",
        "ref": "07760",
        "website": "https://www.riteaid.com/locations/ny/new-york/2170-frederick-douglass-blvd.html"
      },
      "geometry": {
        "type": "Point",
        "coordinates": [
          -73.9545347,
          40.8051525
        ]
      },
      "id": "node/1667420596"
    },
    {
      "type": "Feature",
      "properties": {
        "@id": "node/1673710053",
        "addr:housenumber": "200",
        "addr:street": "West End Avenue",
        "amenity": "pharmacy",
        "brand": "CVS Pharmacy",
        "brand:website": "https://www.cvs.com/",
        "brand:wikidata": "Q2078880",
        "dispensing": "yes",
        "healthcare": "pharmacy",
        "name": "CVS Pharmacy",
        "short_name": "CVS",
        "website": "https://www.cvs.com/store-locator/new-york-ny-pharmacies/200-west-end-avenue-new-york-ny-10023/storeid=6062"
      },
      "geometry": {
        "type": "Point",
        "coordinates": [
          -73.9853594,
          40.7781074
        ]
      },
      "id": "node/1673710053"
    },
    {
      "type": "Feature",
      "properties": {
        "@id": "node/1744668578",
        "addr:city": "Manhattan",
        "addr:housename": "Suite 101",
        "addr:housenumber": "1419",
        "addr:postcode": "66502",
        "addr:street": "Westport Landing Place",
        "amenity": "doctors",
        "healthcare": "clinic",
        "healthcare:speciality": "plastic_surgery",
        "name": "The Plastic Surgery Clinic",
        "phone": "+1-785-776-7500"
      },
      "geometry": {
        "type": "Point",
        "coordinates": [
          -96.6066506,
          39.1940363
        ]
      },
      "id": "node/1744668578"
    },
    {
      "type": "Feature",
      "properties": {
        "@id": "node/1797680224",
        "addr:city": "New York",
        "addr:country": "US",
        "addr:housenumber": "5",
        "addr:postcode": "10003",
        "addr:state": "NY",
        "addr:street": "East 19th Street",
        "amenity": "dentist",
        "healthcare": "dentist",
        "name": "Steve Alper DMD",
        "website": "https://alperdmd.com/"
      },
      "geometry": {
        "type": "Point",
        "coordinates": [
          -73.9907073,
          40.7389191
        ]
      },
      "id": "node/1797680224"
    },
    {
      "type": "Feature",
      "properties": {
        "@id": "node/1809517487",
        "addr:city": "New York",
        "addr:country": "US",
        "addr:housenumber": "2522",
        "addr:postcode": "10025",
        "addr:state": "NY",
        "addr:street": "Broadway",
        "amenity": "pharmacy",
        "brand": "Duane Reade",
        "brand:wikidata": "Q5310380",
        "dispensing": "yes",
        "healthcare": "pharmacy",
        "name": "Duane Reade",
        "opening_hours": "Mo-Fr 08:00-22:00; Sa 09:00-20:00; Su 10:00-17:00 open \"Pharmacy\" || 00:00-24:00 open \"Store\"",
        "phone": "+1 212-663-1580",
        "website": "https://www.walgreens.com/locator/duane+reade-2522+broadway-new+york-ny-10025/id=14146"
      },
      "geometry": {
        "type": "Point",
        "coordinates": [
          -73.9723713,
          40.7933581
        ]
      },
      "id": "node/1809517487"
    },
    {
      "type": "Feature",
      "properties": {
        "@id": "node/1809517491",
        "addr:city": "New York",
        "addr:country": "US",
        "addr:housenumber": "700",
        "addr:postcode": "10025",
        "addr:state": "NY",
        "addr:street": "Columbus Avenue",
        "amenity": "pharmacy",
        "brand": "Duane Reade",
        "brand:wikidata": "Q5310380",
        "dispensing": "yes",
        "drink:beer": "yes",
        "healthcare": "pharmacy",
        "name": "Duane Reade",
        "opening_hours": "Mo-Fr 08:00-21:00; Sa 09:00-18:00; Su 10:00-17:00 open \"Pharmacy\" || Mo-Fr 07:00-23:00; Sa-Su 09:00-21:00 open \"Store\"",
        "phone": "+1 212-864-4189",
        "ref": "14202",
        "website": "https://www.walgreens.com/locator/duane+reade-700+columbus+ave-new+york-ny-10025/id=14202"
      },
      "geometry": {
        "type": "Point",
        "coordinates": [
          -73.9685881,
          40.791879
        ]
      },
      "id": "node/1809517491"
    },
    {
      "type": "Feature",
      "properties": {
        "@id": "node/1825848792",
        "addr:city": "New York",
        "addr:housenumber": "2683",
        "addr:postcode": "10025",
        "addr:state": "NY",
        "addr:street": "Broadway",
        "amenity": "pharmacy",
        "atm": "yes",
        "beer": "yes",
        "brand": "Duane Reade",
        "brand:wikidata": "Q5310380",
        "dispensing": "yes",
        "drive_through": "no",
        "healthcare": "pharmacy",
        "name": "Duane Reade",
        "opening_hours": "07:00-23:00",
        "opening_hours:pharmacy": "Mo-Fr 09:00-13:30, 14:00-20:00; Sa 09:00-13:30, 14:00-18:00; Su 10:00-13:30, 14:00-18:00",
        "phone": "+1-212-865-5360",
        "ref": "14194",
        "website": "https://www.walgreens.com/locator/duane+reade-2683+broadway-new+york-ny-10025/id=14194",
        "wheelchair": "yes"
      },
      "geometry": {
        "type": "Point",
        "coordinates": [
          -73.9690938,
          40.7988359
        ]
      },
      "id": "node/1825848792"
    },
    {
      "type": "Feature",
      "properties": {
        "@id": "node/1825853224",
        "addr:city": "New York",
        "addr:country": "US",
        "addr:housenumber": "2702",
        "addr:postcode": "10025",
        "addr:state": "NY",
        "addr:street": "Broadway",
        "amenity": "clinic",
        "healthcare": "clinic",
        "name": "Columbia Primary Care",
        "phone": "+1-212-304-7070",
        "website": "https://www.columbiadoctors.org/locations/columbia-primary-care-manhattan-valley"
      },
      "geometry": {
        "type": "Point",
        "coordinates": [
          -73.9682139,
          40.7990976
        ]
      },
      "id": "node/1825853224"
    },
    {
      "type": "Feature",
      "properties": {
        "@id": "node/1827781731",
        "amenity": "pharmacy",
        "healthcare": "pharmacy",
        "name": "People's Choice Pharmacy"
      },
      "geometry": {
        "type": "Point",
        "coordinates": [
          -73.9815597,
          40.714324
        ]
      },
      "id": "node/1827781731"
    },
    {
      "type": "Feature",
      "properties": {
        "@id": "node/1827808976",
        "amenity": "pharmacy",
        "brand": "CVS Pharmacy",
        "brand:website": "https://www.cvs.com/",
        "brand:wikidata": "Q2078880",
        "healthcare": "pharmacy",
        "name": "CVS Pharmacy",
        "opening_hours": "Mo-Fr 08:00-21:00, Sa,Su 09:00-18:00",
        "short_name": "CVS",
        "website": "https://www.cvs.com/store-locator/new-york-ny-pharmacies/500-grand-st-new-york-ny-10002/storeid=2939",
        "wheelchair": "yes"
      },
      "geometry": {
        "type": "Point",
        "coordinates": [
          -73.9830229,
          40.7150478
        ]
      },
      "id": "node/1827808976"
    },
    {
      "type": "Feature",
      "properties": {
        "@id": "node/1834885369",
        "addr:city": "New York",
        "addr:country": "US",
        "addr:housenumber": "2710",
        "addr:postcode": "10025",
        "addr:state": "NY",
        "addr:street": "Broadway",
        "amenity": "clinic",
        "branch": "West 104th",
        "brand": "CityMD",
        "check_date": "2025-05-31",
        "emergency": "yes",
        "healthcare": "clinic",
        "name": "CityMD",
        "opening_hours": "Mo-Fr 08:00-20:00; Sa, Su 09:00-17:00",
        "operator": "CityMD",
        "operator:type": "private",
        "operator:wikidata": "Q22295471",
        "operator:wikipedia": "en:CityMD",
        "phone": "+1 212-658-0676",
        "website": "https://www.citymd.com/urgent-care-locations/ny/new-york/west-104th/025"
      },
      "geometry": {
        "type": "Point",
        "coordinates": [
          -73.9679922,
          40.7995403
        ]
      },
      "id": "node/1834885369"
    },
    {
      "type": "Feature",
      "properties": {
        "@id": "node/1834885383",
        "addr:city": "New York",
        "addr:country": "US",
        "addr:housenumber": "2637",
        "addr:postcode": "10025",
        "addr:state": "NY",
        "addr:street": "Broadway",
        "amenity": "doctors",
        "healthcare": "doctor",
        "healthcare:speciality": "paediatrics",
        "name": "Manhattan Valley Pediatrics",
        "opening_hours": "Mo-Fr 08:00-17:00; Fr 08:00-16:00; Sa 09:00-11:00",
        "phone": "+1-917-921-6219",
        "website": "https://www.manhattanvalleypediatrics.com"
      },
      "geometry": {
        "type": "Point",
        "coordinates": [
          -73.9702515,
          40.7972367
        ]
      },
      "id": "node/1834885383"
    },
    {
      "type": "Feature",
      "properties": {
        "@id": "node/1857434882",
        "addr:city": "Gorzów Wielkopolski",
        "addr:housenumber": "6",
        "addr:postcode": "66-400",
        "addr:street": "Papuszy",
        "amenity": "doctors",
        "healthcare": "doctor",
        "healthcare:speciality": "psychology",
        "name": "NZOZ Poradnia Zdrowia Psychicznego Marta Szczygielska-Dzwończyk"
      },
      "geometry": {
        "type": "Point",
        "coordinates": [
          15.2632737,
          52.7566682
        ]
      },
      "id": "node/1857434882"
    },
    {
      "type": "Feature",
      "properties": {
        "@id": "node/1857457104",
        "amenity": "doctors",
        "emergency": "yes",
        "healthcare": "doctor",
        "name": "MediRaj",
        "opening_hours": "Mo-Th 07:30-19:00; Fr 08:00-18:00"
      },
      "geometry": {
        "type": "Point",
        "coordinates": [
          15.2583946,
          52.7578072
        ]
      },
      "id": "node/1857457104"
    },
    {
      "type": "Feature",
      "properties": {
        "@id": "node/1859536604",
        "addr:city": "Manhattan",
        "addr:housenumber": "3011",
        "addr:street": "Anderson Avenue",
        "addr:suite": "C",
        "amenity": "doctors",
        "doctors": "physical_therapy",
        "healthcare": "doctor",
        "name": "Via Christi Therapy Center",
        "phone": "+1-785-587-4235"
      },
      "geometry": {
        "type": "Point",
        "coordinates": [
          -96.6150347,
          39.1882711
        ]
      },
      "id": "node/1859536604"
    },
    {
      "type": "Feature",
      "properties": {
        "@id": "node/1989533254",
        "addr:housenumber": "93",
        "addr:postcode": "10009",
        "addr:street": "Avenue D",
        "amenity": "pharmacy",
        "dispensing": "yes",
        "fax": "+1-212-533-0236",
        "healthcare": "pharmacy",
        "name": "East Drive Pharmacy",
        "opening_hours": "Mo 09:00-20:00; Tu-Fr 09:00-19:00; Sa 09:00-18:00",
        "phone": "+1-212-228-0400"
      },
      "geometry": {
        "type": "Point",
        "coordinates": [
          -73.9771083,
          40.7234146
        ]
      },
      "id": "node/1989533254"
    },
    {
      "type": "Feature",
      "properties": {
        "@id": "node/2020725434",
        "addr:housename": "Rite Aid",
        "addr:housenumber": "501",
        "addr:postcode": "10011",
        "addr:street": "6th Avenue",
        "amenity": "pharmacy",
        "atm": "yes",
        "brand": "Rite Aid",
        "brand:wikidata": "Q3433273",
        "dispensing": "yes",
        "drink:beer": "yes",
        "healthcare": "pharmacy",
        "name": "Rite Aid",
        "opening_hours": "Mo-Fr 09:00-21:00; Sa 09:00-18:00; Su 09:00-17:00 open \"Pharmacy\" || Mo-Th 07:00-23:00; Fr 07:00-24:00; Sa 08:00-24:00; Su 08:00-22:00 open \"Store\"",
        "phone": "+1-212-727-3720",
        "ref": "04261",
        "website": "https://locations.riteaid.com/locations/ny/new-york/501-6th-avenue.html"
      },
      "geometry": {
        "type": "Point",
        "coordinates": [
          -73.9976191,
          40.7366071
        ]
      },
      "id": "node/2020725434"
    },
    {
      "type": "Feature",
      "properties": {
        "@id": "node/2034010975",
        "amenity": "pharmacy",
        "brand": "Duane Reade",
        "brand:wikidata": "Q5310380",
        "dispensing": "yes",
        "healthcare": "pharmacy",
        "name": "Duane Reade",
        "opening_hours": "Mo-Fr 07:00-21:00; Sa 09:00-18:00; Su 10:00-18:00",
        "wheelchair": "no"
      },
      "geometry": {
        "type": "Point",
        "coordinates": [
          -74.0162734,
          40.70522
        ]
      },
      "id": "node/2034010975"
    },
    {
      "type": "Feature",
      "properties": {
        "@id": "node/2045635326",
        "addr:city": "New York",
        "addr:country": "US",
        "addr:housenumber": "2864",
        "addr:postcode": "10025",
        "addr:state": "NY",
        "addr:street": "Broadway",
        "amenity": "pharmacy",
        "atm": "yes",
        "brand": "Duane Reade",
        "brand:wikidata": "Q5310380",
        "dispensing": "yes",
        "drink:beer": "yes",
        "drink:wine": "yes",
        "drive_through": "no",
        "healthcare": "pharmacy",
        "name": "Duane Reade",
        "opening_hours": "Mo-Su 07:00-23:00",
        "opening_hours:pharmacy": "Mo-Fr 09:00-13:30, 14:00-21:00; Sa 09:00-13:30, 14:00-18:00; Su 10:00-13:30, 14:00-18:00",
        "phone": "+1-212-316-5113",
        "website": "https://www.walgreens.com/locator/duane+reade-2864+broadway-new+york-ny-10025/id=14225"
      },
      "geometry": {
        "type": "Point",
        "coordinates": [
          -73.9658563,
          40.8048227
        ]
      },
      "id": "node/2045635326"
    },
    {
      "type": "Feature",
      "properties": {
        "@id": "node/2047269455",
        "addr:city": "New York",
        "addr:country": "US",
        "addr:housenumber": "129",
        "addr:postcode": "10038",
        "addr:state": "NY",
        "addr:street": "Fulton Street",
        "amenity": "pharmacy",
        "brand": "CVS Pharmacy",
        "brand:website": "https://www.cvs.com/",
        "brand:wikidata": "Q2078880",
        "check_date": "2023-08-31",
        "dispensing": "yes",
        "healthcare": "pharmacy",
        "name": "CVS Pharmacy",
        "opening_hours": "00:00-24:00 open \"Store\" || Mo-Fr 08:00-21:00; Sa, Su 09:00-18:00 open \"Pharmacy\"",
        "phone": "+1 212-233-5023",
        "ref": "2716",
        "short_name": "CVS",
        "website": "https://www.cvs.com/store-locator/cvs-pharmacy-address/129+Fulton+Street+On+The+Corner+Of+Nassau+St-New+York-NY-10038/storeid=2716",
        "wheelchair": "yes"
      },
      "geometry": {
        "type": "Point",
        "coordinates": [
          -74.0075338,
          40.7102691
        ]
      },
      "id": "node/2047269455"
    },
    {
      "type": "Feature",
      "properties": {
        "@id": "node/2052328171",
        "addr:city": "New York",
        "addr:housenumber": "2025",
        "addr:postcode": "10023",
        "addr:state": "NY",
        "addr:street": "Broadway",
        "air_conditioning": "yes",
        "amenity": "clinic",
        "branch": "West 69th Street",
        "brand": "CityMD",
        "healthcare": "clinic",
        "healthcare:speciality": "allergology;emergency;infectious_diseases;pulmonology;diagnostic_radiology;urology;dermatology;paediatrics;internal",
        "name": "CityMD",
        "opening_hours": "Mo-Fr 08:00-20:00; Sa-Su 08:00-17:00",
        "operator": "CityMD",
        "operator:type": "private",
        "operator:wikidata": "Q22295471",
        "operator:wikipedia": "en:CityMD",
        "phone": "+1-212-390-8812",
        "reservation": "yes",
        "website": "https://www.citymd.com/urgent-care-locations/ny/west-69th"
      },
      "geometry": {
        "type": "Point",
        "coordinates": [
          -73.9824517,
          40.7766092
        ]
      },
      "id": "node/2052328171"
    },
    {
      "type": "Feature",
      "properties": {
        "@id": "node/2125873483",
        "addr:city": "New York",
        "addr:country": "US",
        "addr:housenumber": "380",
        "addr:postcode": "10024",
        "addr:state": "NY",
        "addr:street": "Amsterdam Avenue",
        "amenity": "pharmacy",
        "brand": "Walgreens",
        "brand:wikidata": "Q1591889",
        "dispensing": "yes",
        "healthcare": "pharmacy",
        "name": "Walgreens",
        "phone": "+1 212-579-7246",
        "website": "https://www.walgreens.com/locator/walgreens-380+amsterdam+ave-new+york-ny-10024/id=14165",
        "wheelchair": "yes"
      },
      "geometry": {
        "type": "Point",
        "coordinates": [
          -73.9788161,
          40.7828887
        ]
      },
      "id": "node/2125873483"
    },
    {
      "type": "Feature",
      "properties": {
        "@id": "node/2141540141",
        "amenity": "dentist",
        "healthcare": "dentist",
        "name": "Tindall Orthodontics"
      },
      "geometry": {
        "type": "Point",
        "coordinates": [
          -96.60707,
          39.193648
        ]
      },
      "id": "node/2141540141"
    },
    {
      "type": "Feature",
      "properties": {
        "@id": "node/2183010459",
        "addr:city": "New York",
        "amenity": "pharmacy",
        "brand": "Duane Reade",
        "brand:wikidata": "Q5310380",
        "healthcare": "pharmacy",
        "name": "Duane Reade",
        "wheelchair": "yes"
      },
      "geometry": {
        "type": "Point",
        "coordinates": [
          -74.0113933,
          40.7048889
        ]
      },
      "id": "node/2183010459"
    },
    {
      "type": "Feature",
      "properties": {
        "@id": "node/2183891966",
        "addr:housenumber": "65B",
        "addr:postcode": "10005",
        "addr:street": "Wall Street",
        "amenity": "dentist",
        "healthcare": "dentist",
        "name": "Tend",
        "opening_hours": "Mo-Sa 00:00-00:00",
        "phone": "+1-212-406-3686",
        "website": "https://www.hellotend.com/studios/new-york-city/wall-street"
      },
      "geometry": {
        "type": "Point",
        "coordinates": [
          -74.0087016,
          40.7058315
        ]
      },
      "id": "node/2183891966"
    },
    {
      "type": "Feature",
      "properties": {
        "@id": "node/2186614178",
        "addr:city": "New York",
        "addr:housenumber": "95",
        "addr:postcode": "10005",
        "addr:street": "Wall Street",
        "amenity": "pharmacy",
        "atm": "yes",
        "brand": "Duane Reade",
        "brand:wikidata": "Q5310380",
        "dispensing": "yes",
        "drink:beer": "yes",
        "healthcare": "pharmacy",
        "name": "Duane Reade",
        "opening_hours": "00:00-24:00 open \"Store\" ||Mo-Fr 08:00-20:00 open \"Pharmacy\"",
        "phone": "+1 212-363-5830",
        "ref": "14126",
        "website": "https://www.walgreens.com/locator/duane+reade-95+wall+st-new+york-ny-10005/id=14126",
        "wheelchair": "yes"
      },
      "geometry": {
        "type": "Point",
        "coordinates": [
          -74.0078508,
          40.7046154
        ]
      },
      "id": "node/2186614178"
    },
    {
      "type": "Feature",
      "properties": {
        "@id": "node/2209433037",
        "addr:city": "Manhattan",
        "addr:housenumber": "930",
        "addr:postcode": "66502",
        "addr:street": "Hayes Drive",
        "addr:suite": "B",
        "amenity": "clinic",
        "healthcare": "clinic",
        "name": "K+STAT Urgent Care",
        "phone": "+1-785-565-0016"
      },
      "geometry": {
        "type": "Point",
        "coordinates": [
          -96.5543414,
          39.1887614
        ]
      },
      "id": "node/2209433037"
    },
    {
      "type": "Feature",
      "properties": {
        "@id": "node/2273976810",
        "addr:city": "New York",
        "addr:country": "US",
        "addr:housenumber": "619",
        "addr:postcode": "10036",
        "addr:state": "NY",
        "addr:street": "9th Avenue",
        "amenity": "pharmacy",
        "brand": "Duane Reade",
        "brand:wikidata": "Q5310380",
        "dispensing": "yes",
        "healthcare": "pharmacy",
        "name": "Duane Reade",
        "website": "https://www.duanereade.com/"
      },
      "geometry": {
        "type": "Point",
        "coordinates": [
          -73.9919816,
          40.7596478
        ]
      },
      "id": "node/2273976810"
    },
    {
      "type": "Feature",
      "properties": {
        "@id": "node/2279504496",
        "addr:housenumber": "253",
        "addr:postcode": "10003",
        "addr:street": "1st Avenue",
        "amenity": "pharmacy",
        "atm": "yes",
        "brand": "CVS Pharmacy",
        "brand:website": "https://www.cvs.com/",
        "brand:wikidata": "Q2078880",
        "check_date": "2024-09-22",
        "description": "CVS convenience store and pharmacy",
        "drink:beer": "yes",
        "healthcare": "pharmacy",
        "name": "CVS Pharmacy",
        "opening_hours": "24/7 open \"Store\" || Mo-Su 00:00-13:30, 14:00-24:00 open \"Pharmacy\"",
        "phone": "+1-212-254-1454",
        "shop": "convenience",
        "short_name": "CVS",
        "website": "https://www.cvs.com/store-locator/new-york-ny-pharmacies/253-first-avenue-btwn-14th-and-15th-st-new-york-ny-10003/storeid=2557"
      },
      "geometry": {
        "type": "Point",
        "coordinates": [
          -73.982422,
          40.731866
        ]
      },
      "id": "node/2279504496"
    },
    {
      "type": "Feature",
      "properties": {
        "@id": "node/2279543570",
        "addr:city": "New York",
        "addr:housenumber": "207",
        "addr:postcode": "10003",
        "addr:state": "NY",
        "addr:street": "East 14th Street",
        "healthcare": "alternative",
        "healthcare:speciality": "acupuncture;massage",
        "name": "Nourishing Life Holistic Wellness",
        "phone": "+1-212-780-9588"
      },
      "geometry": {
        "type": "Point",
        "coordinates": [
          -73.9864461,
          40.7331559
        ]
      },
      "id": "node/2279543570"
    },
    {
      "type": "Feature",
      "properties": {
        "@id": "node/2286085264",
        "amenity": "pharmacy",
        "brand": "Duane Reade",
        "brand:wikidata": "Q5310380",
        "dispensing": "yes",
        "healthcare": "pharmacy",
        "name": "Duane Reade",
        "opening_hours": "24/7",
        "wheelchair": "yes"
      },
      "geometry": {
        "type": "Point",
        "coordinates": [
          -73.9868305,
          40.7333888
        ]
      },
      "id": "node/2286085264"
    },
    {
      "type": "Feature",
      "properties": {
        "@id": "node/2357937221",
        "addr:city": "New York",
        "addr:country": "US",
        "addr:housenumber": "401",
        "addr:postcode": "10028",
        "addr:state": "NY",
        "addr:street": "East 86th Street",
        "amenity": "pharmacy",
        "atm": "yes",
        "brand": "Duane Reade",
        "brand:wikidata": "Q5310380",
        "dispensing": "yes",
        "drink:beer": "yes",
        "drink:wine": "yes",
        "healthcare": "pharmacy",
        "name": "Duane Reade",
        "opening_hours": "Mo-Fr 09:00-21:00; Sa 09:00-18:00; Su 10:00-18:00 open \"Pharmacy\" || 07:00-23:00 open \"Store\"",
        "phone": "+1 917-492-8801",
        "ref": "14242",
        "website": "https://www.walgreens.com/locator/duane+reade-401+e+86th+st-new+york-ny-10028/id=14242"
      },
      "geometry": {
        "type": "Point",
        "coordinates": [
          -73.9489719,
          40.7770297
        ]
      },
      "id": "node/2357937221"
    },
    {
      "type": "Feature",
      "properties": {
        "@id": "node/2366519593",
        "addr:city": "New York",
        "addr:country": "US",
        "addr:housenumber": "500",
        "addr:postcode": "10011",
        "addr:state": "NY",
        "addr:street": "West 23rd Street",
        "amenity": "pharmacy",
        "brand": "CVS Pharmacy",
        "brand:website": "https://www.cvs.com/",
        "brand:wikidata": "Q2078880",
        "check_date": "2024-04-26",
        "dispensing": "yes",
        "healthcare": "pharmacy",
        "name": "CVS Pharmacy",
        "opening_hours": "00:00-24:00 open \"Store\" || Mo-Fr 08:00-20:00; Sa, Su 09:00-18:00 open \"Pharmacy\"",
        "phone": "+1 212-366-6124",
        "ref": "10041",
        "short_name": "CVS",
        "website": "https://www.cvs.com/store-locator/cvs-pharmacy-address/500+West+23rd+St.+Btwn.+10th+And+11th+Ave.-New+York-NY-10011/storeid=10041",
        "wheelchair": "yes"
      },
      "geometry": {
        "type": "Point",
        "coordinates": [
          -74.0045044,
          40.7476133
        ]
      },
      "id": "node/2366519593"
    },
    {
      "type": "Feature",
      "properties": {
        "@id": "node/2377128145",
        "addr:city": "New York",
        "addr:country": "US",
        "addr:housenumber": "131",
        "addr:postcode": "10011",
        "addr:state": "NY",
        "addr:street": "8th Avenue",
        "amenity": "pharmacy",
        "brand": "Duane Reade",
        "brand:wikidata": "Q5310380",
        "dispensing": "yes",
        "healthcare": "pharmacy",
        "name": "Duane Reade",
        "opening_hours": "24/7"
      },
      "geometry": {
        "type": "Point",
        "coordinates": [
          -74.0015697,
          40.741435
        ]
      },
      "id": "node/2377128145"
    },
    {
      "type": "Feature",
      "properties": {
        "@id": "node/2377128146",
        "addr:city": "New York",
        "addr:country": "US",
        "addr:housenumber": "322",
        "addr:postcode": "10001",
        "addr:state": "NY",
        "addr:street": "8th Avenue",
        "amenity": "pharmacy",
        "brand": "Duane Reade",
        "brand:wikidata": "Q5310380",
        "dispensing": "yes",
        "healthcare": "pharmacy",
        "name": "Duane Reade",
        "opening_hours": "Mo-Fr 07:00-21:00; Sa 08:00-20:00; Su 09:00-19:00"
      },
      "geometry": {
        "type": "Point",
        "coordinates": [
          -73.9968421,
          40.7472098
        ]
      },
      "id": "node/2377128146"
    },
    {
      "type": "Feature",
      "properties": {
        "@id": "node/2377128173",
        "addr:city": "New York",
        "addr:country": "US",
        "addr:housenumber": "246",
        "addr:postcode": "10011",
        "addr:state": "NY",
        "addr:street": "8th Avenue",
        "amenity": "pharmacy",
        "contact:facebook": "https://www.facebook.com/newlondonnyc/",
        "contact:instagram": "https://instagram.com/newlondonnyc/",
        "contact:twitter": "http://www.twitter.com/NewLondonNYC",
        "delivery": "yes",
        "dispensing": "yes",
        "drive_through": "no",
        "email": "service@newlondonpharmacy.com",
        "healthcare": "pharmacy",
        "name": "New London Pharmacy",
        "opening_hours": "Mo-Fr 08:30-20:30; Sa 09:00-20:00; Su 10:00-18:30",
        "payment:american_express": "yes",
        "payment:cash": "yes",
        "payment:diners_club": "yes",
        "payment:discover_card": "yes",
        "payment:jcb": "yes",
        "payment:mastercard": "yes",
        "payment:visa": "yes",
        "phone": "+1 212-243-4987",
        "website": "https://www.newlondonpharmacy.com/"
      },
      "geometry": {
        "type": "Point",
        "coordinates": [
          -73.9984993,
          40.7448998
        ]
      },
      "id": "node/2377128173"
    },
    {
      "type": "Feature",
      "properties": {
        "@id": "node/2384821713",
        "amenity": "pharmacy",
        "brand": "Duane Reade",
        "brand:wikidata": "Q5310380",
        "check_date": "2024-05-16",
        "dispensing": "yes",
        "healthcare": "pharmacy",
        "name": "Duane Reade",
        "opening_hours": "Mo-Fr 07:00-22:00; Sa 08:00-22:00; Su 09:00-21:00"
      },
      "geometry": {
        "type": "Point",
        "coordinates": [
          -73.9993543,
          40.7386298
        ]
      },
      "id": "node/2384821713"
    },
    {
      "type": "Feature",
      "properties": {
        "@id": "node/2407882461",
        "addr:city": "New York",
        "addr:housenumber": "315",
        "addr:postcode": "10001",
        "addr:street": "8th Avenue",
        "amenity": "dentist",
        "healthcare": "dentist",
        "name": "8th Avenue Dental Associates"
      },
      "geometry": {
        "type": "Point",
        "coordinates": [
          -73.9976561,
          40.7469724
        ]
      },
      "id": "node/2407882461"
    },
    {
      "type": "Feature",
      "properties": {
        "@id": "node/2410172217",
        "addr:city": "New York",
        "addr:housenumber": "188",
        "addr:postcode": "10011",
        "addr:street": "9th Avenue",
        "amenity": "pharmacy",
        "atm": "yes",
        "brand": "Rite Aid",
        "brand:wikidata": "Q3433273",
        "dispensing": "yes",
        "drink:beer": "yes",
        "healthcare": "pharmacy",
        "name": "Rite Aid",
        "opening_hours": "Mo-Fr 09:00-21:00; Sa 09:00-18:00; Su 09:00-17:00 open \"Pharmacy\" || Mo-Sa 07:00-23:00; Su 08:00-21:00 open \"Store\"",
        "phone": "+1-212-727-9620",
        "ref": "04196",
        "website": "https://locations.riteaid.com/locations/ny/new-york/188-9th-avenue.html"
      },
      "geometry": {
        "type": "Point",
        "coordinates": [
          -74.0017197,
          40.7455643
        ]
      },
      "id": "node/2410172217"
    },
    {
      "type": "Feature",
      "properties": {
        "@id": "node/2411596024",
        "addr:city": "New York",
        "addr:housenumber": "154",
        "addr:postcode": "10011",
        "addr:street": "9th Avenue",
        "amenity": "pharmacy",
        "dispensing": "yes",
        "fax": "+1 212-255-8002",
        "healthcare": "pharmacy",
        "name": "Chelsea Royal Care Pharmacy",
        "opening_hours": "Mo-Fr 09:00-19:00; Su 10:00-17:00",
        "phone": "+1 212-255-8000",
        "website": "https://chelsearoyalcarepharmacy.com/"
      },
      "geometry": {
        "type": "Point",
        "coordinates": [
          -74.0028144,
          40.7441183
        ]
      },
      "id": "node/2411596024"
    },
    {
      "type": "Feature",
      "properties": {
        "@id": "node/2436129265",
        "addr:city": "New York",
        "addr:country": "US",
        "addr:housenumber": "638",
        "addr:postcode": "10024",
        "addr:state": "NY",
        "addr:street": "Columbus Avenue",
        "amenity": "clinic",
        "branch": "Upper West Side",
        "healthcare": "clinic",
        "name": "Mount Sinai Urgent Care",
        "opening_hours": "Mo-Fr 08:30-20:30; Sa 09:00-15:30; Sa, Su 09:00-17:00",
        "phone": "+1 212-828-3250",
        "website": "https://www.mountsinai.org/locations/msd-upper-west-side"
      },
      "geometry": {
        "type": "Point",
        "coordinates": [
          -73.9701343,
          40.7896319
        ]
      },
      "id": "node/2436129265"
    },
    {
      "type": "Feature",
      "properties": {
        "@id": "node/2478897610",
        "addr:housenumber": "603",
        "addr:street": "6th Avenue",
        "brand": "Duane Reade",
        "brand:wikidata": "Q5310380",
        "healthcare": "pharmacy",
        "name": "Go Green",
        "shop": "cannabis"
      },
      "geometry": {
        "type": "Point",
        "coordinates": [
          -73.9954353,
          40.7396267
        ]
      },
      "id": "node/2478897610"
    },
    {
      "type": "Feature",
      "properties": {
        "@id": "node/2494160597",
        "addr:housenumber": "101",
        "addr:postcode": "10003",
        "addr:street": "2nd Avenue",
        "amenity": "pharmacy",
        "healthcare": "pharmacy",
        "name": "Block Drug Stores",
        "opening_hours": "Mo-Fr 10:00-18:00; Sa 11:00-16:00",
        "phone": "+1-212-473-1587"
      },
      "geometry": {
        "type": "Point",
        "coordinates": [
          -73.9887795,
          40.7273908
        ]
      },
      "id": "node/2494160597"
    },
    {
      "type": "Feature",
      "properties": {
        "@id": "node/2547036423",
        "addr:housenumber": "656",
        "addr:postcode": "10012",
        "addr:street": "Broadway",
        "amenity": "clinic",
        "healthcare": "clinic",
        "name": "CityMD",
        "operator": "CityMD",
        "operator:type": "private",
        "operator:wikidata": "Q22295471"
      },
      "geometry": {
        "type": "Point",
        "coordinates": [
          -73.9952645,
          40.7269963
        ]
      },
      "id": "node/2547036423"
    },
    {
      "type": "Feature",
      "properties": {
        "@id": "node/2547054924",
        "addr:city": "New York",
        "addr:housenumber": "88",
        "addr:postcode": "10003",
        "addr:state": "NY",
        "addr:street": "East 4th Street",
        "fax": "+1-917-563-2401",
        "healthcare": "physiotherapist",
        "healthcare:speciality": "general;hip;ocs;bfr;schroth",
        "level": "0",
        "name": "StarPro Physical Therapy",
        "opening_hours": "Mo-Fr 07:00-19:00; Sa 08:00-12:00",
        "phone": "+1-917-261-5201",
        "website": "https://starpropt.com/office/e-4th-street/",
        "wheelchair": "yes"
      },
      "geometry": {
        "type": "Point",
        "coordinates": [
          -73.9889869,
          40.7258923
        ]
      },
      "id": "node/2547054924"
    },
    {
      "type": "Feature",
      "properties": {
        "@id": "node/2547121455",
        "addr:housenumber": "168",
        "addr:postcode": "10003",
        "addr:street": "2nd Avenue",
        "amenity": "pharmacy",
        "healthcare": "pharmacy",
        "name": "Abacus Pharmacy",
        "opening_hours": "Mo-Fr 09:00-18:00; Sa 10:00-17:00",
        "phone": "+1-212-477-6400",
        "wheelchair": "yes"
      },
      "geometry": {
        "type": "Point",
        "coordinates": [
          -73.9863067,
          40.7300928
        ]
      },
      "id": "node/2547121455"
    },
    {
      "type": "Feature",
      "properties": {
        "@id": "node/2549941939",
        "addr:housenumber": "135",
        "addr:postcode": "10016",
        "addr:street": "East 31st Street",
        "healthcare": "clinic",
        "healthcare:speciality": "paediatrics;endocrinology",
        "name": "Hassenfeld Children's Hospital Pediatric Diabetes Center",
        "operator": "NYU Langone Health"
      },
      "geometry": {
        "type": "Point",
        "coordinates": [
          -73.980655,
          40.7444288
        ]
      },
      "id": "node/2549941939"
    },
    {
      "type": "Feature",
      "properties": {
        "@id": "node/2549941943",
        "addr:housenumber": "150",
        "addr:postcode": "10016",
        "addr:street": "East 32nd Street",
        "healthcare": "clinic",
        "healthcare:speciality": "gynaecology",
        "name": "NYU Langone Obstetrics & Gynacology",
        "website": "https://nyulangone.org/locations/nyu-langone-radiology-32nd-street"
      },
      "geometry": {
        "type": "Point",
        "coordinates": [
          -73.9804312,
          40.7448691
        ]
      },
      "id": "node/2549941943"
    },
    {
      "type": "Feature",
      "properties": {
        "@id": "node/2549948684",
        "addr:housenumber": "76",
        "addr:postcode": "10016",
        "addr:street": "Madison Avenue",
        "amenity": "dentist",
        "healthcare": "dentist",
        "healthcare:speciality": "orthodontics",
        "name": "Smile Pop",
        "opening_hours": "Mo 09:30-16:00, Tu 09:30-17:30, We 10:00-17:30, Th 09:30-16:00, Fr 10:00-16:00",
        "phone": "+1-646-776-2091",
        "website": "https://www.smilepop.com"
      },
      "geometry": {
        "type": "Point",
        "coordinates": [
          -73.9859322,
          40.7439066
        ]
      },
      "id": "node/2549948684"
    },
    {
      "type": "Feature",
      "properties": {
        "@id": "node/2550007703",
        "amenity": "cafe",
        "drink:espresso": "yes",
        "drink:juice": "yes",
        "healthcare": "alternative",
        "name": "Kollectiv",
        "phone": "+1-212-228-5909",
        "website": "https://kollectivnyc.com"
      },
      "geometry": {
        "type": "Point",
        "coordinates": [
          -73.9912261,
          40.724302
        ]
      },
      "id": "node/2550007703"
    },
    {
      "type": "Feature",
      "properties": {
        "@id": "node/2550007707",
        "amenity": "pharmacy",
        "fax": "+1-212-260-3155",
        "healthcare": "pharmacy",
        "name": "Avalon Chemists",
        "opening_hours": "Mo-Fr 09:00-19:00; Sa 10:00-18:00",
        "phone": "+1-212-260-3131",
        "shop": "chemist",
        "website": "https://www.avalonchemists.com/"
      },
      "geometry": {
        "type": "Point",
        "coordinates": [
          -73.9912484,
          40.7240081
        ]
      },
      "id": "node/2550007707"
    },
    {
      "type": "Feature",
      "properties": {
        "@id": "node/2550051120",
        "amenity": "dentist",
        "healthcare": "dentist",
        "level": "1",
        "name": "Village Dental Surgery",
        "phone": "+1-212-741-1100",
        "website": "https://villagedentalmedicine.com"
      },
      "geometry": {
        "type": "Point",
        "coordinates": [
          -73.9998997,
          40.7334735
        ]
      },
      "id": "node/2550051120"
    },
    {
      "type": "Feature",
      "properties": {
        "@id": "node/2554917276",
        "addr:city": "New York",
        "addr:housenumber": "159-12",
        "addr:postcode": "10039",
        "addr:state": "NY",
        "addr:street": "Harlem River Drive",
        "amenity": "pharmacy",
        "healthcare": "pharmacy",
        "name": "Rangle Pharmacy",
        "shop": "chemist"
      },
      "geometry": {
        "type": "Point",
        "coordinates": [
          -73.935662,
          40.8322936
        ]
      },
      "id": "node/2554917276"
    },
    {
      "type": "Feature",
      "properties": {
        "@id": "node/2555098973",
        "addr:housenumber": "118",
        "addr:postcode": "10013",
        "addr:street": "Mott Street",
        "amenity": "pharmacy",
        "healthcare": "pharmacy",
        "name": "All Health Pharmacy",
        "phone": "+1-212-431-4398",
        "shop": "chemist"
      },
      "geometry": {
        "type": "Point",
        "coordinates": [
          -73.9968998,
          40.7180167
        ]
      },
      "id": "node/2555098973"
    },
    {
      "type": "Feature",
      "properties": {
        "@id": "node/2555098988",
        "addr:housenumber": "128",
        "addr:postcode": "10013",
        "addr:street": "Mott Street",
        "amenity": "pharmacy",
        "healthcare": "pharmacy",
        "name": "Harmony Pharmacy",
        "phone": "+1-212-226-2881"
      },
      "geometry": {
        "type": "Point",
        "coordinates": [
          -73.9965224,
          40.7186794
        ]
      },
      "id": "node/2555098988"
    },
    {
      "type": "Feature",
      "properties": {
        "@id": "node/2555098997",
        "addr:city": "New York",
        "addr:housenumber": "161",
        "addr:postcode": "10013",
        "addr:state": "NY",
        "addr:street": "Hester Street",
        "amenity": "pharmacy",
        "healthcare": "pharmacy",
        "name": "Alrite Pharmacy",
        "phone": "+1-212-965-8868",
        "shop": "chemist"
      },
      "geometry": {
        "type": "Point",
        "coordinates": [
          -73.9964,
          40.7177162
        ]
      },
      "id": "node/2555098997"
    },
    {
      "type": "Feature",
      "properties": {
        "@id": "node/2555099027",
        "addr:housenumber": "85",
        "addr:postcode": "10013",
        "addr:street": "Elizabeth Street",
        "amenity": "pharmacy",
        "healthcare": "pharmacy",
        "name": "A Class Pharmacy",
        "opening_hours": "Mo-Su 09:00-17:30",
        "phone": "+1-212-431-0333",
        "shop": "chemist"
      },
      "geometry": {
        "type": "Point",
        "coordinates": [
          -73.9961035,
          40.7181572
        ]
      },
      "id": "node/2555099027"
    },
    {
      "type": "Feature",
      "properties": {
        "@id": "node/2555128940",
        "check_date:opening_hours": "2025-04-04",
        "healthcare": "alternative",
        "healthcare:speciality": "acupuncture;massage",
        "name": "East Village Acupuncture & Massage",
        "opening_hours": "Mo,Tu 12:00-20:30; We-Fr 11:30-20:00; Sa 11:30-19:30; Su 11:00-19:00",
        "opening_hours:signed": "no",
        "phone": "+1-212-777-4486",
        "website": "https://www.eastvillageacupuncture.com"
      },
      "geometry": {
        "type": "Point",
        "coordinates": [
          -73.9853979,
          40.7227191
        ]
      },
      "id": "node/2555128940"
    },
    {
      "type": "Feature",
      "properties": {
        "@id": "node/2555136030",
        "addr:city": "New York",
        "addr:housenumber": "928",
        "addr:postcode": "10010",
        "addr:state": "NY",
        "addr:street": "Broadway",
        "addr:unit": "#1001",
        "healthcare": "alternative",
        "healthcare:speciality": "acupuncture;fertility",
        "name": "Aimee Raupp Wellness & Fertility Center",
        "phone": "+1-845-988-6913",
        "website": "https://aimeeraupp.com/"
      },
      "geometry": {
        "type": "Point",
        "coordinates": [
          -73.9893444,
          40.7401034
        ]
      },
      "id": "node/2555136030"
    },
    {
      "type": "Feature",
      "properties": {
        "@id": "node/2562375433",
        "addr:housenumber": "10",
        "addr:postcode": "10003",
        "addr:street": "Union Square East",
        "amenity": "clinic",
        "gnis:feature_id": "1984531",
        "healthcare": "clinic",
        "name": "Mount Sinai Union Square",
        "old_name": "Beth Israel Medical Center - Phillips Ambulatory Care Center",
        "opening_hours": "Mo,Sa,Su,PH 09:00-17:00; Tu-Fr 08:00-20:00",
        "operator": "Mount Sinai",
        "phone": "+1 212 844 6000",
        "urgent_care": "yes",
        "website": "https://www.mountsinai.org/locations/union-square",
        "wheelchair": "yes"
      },
      "geometry": {
        "type": "Point",
        "coordinates": [
          -73.9897815,
          40.7348335
        ]
      },
      "id": "node/2562375433"
    },
    {
      "type": "Feature",
      "properties": {
        "@id": "node/2562378257",
        "addr:housenumber": "111",
        "addr:postcode": "10003",
        "addr:street": "3rd Avenue",
        "amenity": "doctors",
        "healthcare": "doctor",
        "name": "NYC Primary Medical Care",
        "opening_hours:signed": "no",
        "phone": "+1-646-876-5678",
        "website": "https://www.doctoreidgah.com"
      },
      "geometry": {
        "type": "Point",
        "coordinates": [
          -73.987288,
          40.7328285
        ]
      },
      "id": "node/2562378257"
    },
    {
      "type": "Feature",
      "properties": {
        "@id": "node/2562438630",
        "addr:city": "New York",
        "addr:country": "US",
        "addr:housenumber": "130",
        "addr:postcode": "10026",
        "addr:state": "NY",
        "addr:street": "Malcolm X Boulevard",
        "amenity": "pharmacy",
        "brand": "CVS Pharmacy",
        "brand:website": "https://www.cvs.com/",
        "brand:wikidata": "Q2078880",
        "check_date": "2025-05-30",
        "dispensing": "yes",
        "healthcare": "pharmacy",
        "level": "0",
        "name": "CVS Pharmacy",
        "opening_hours": "Mo-Su 07:00-22:00",
        "short_name": "CVS",
        "website": "https://www.cvs.com/store-locator/new-york-ny-pharmacies/115-w-125th-street-new-york-ny-10027/storeid=2737"
      },
      "geometry": {
        "type": "Point",
        "coordinates": [
          -73.945659,
          40.8080704
        ]
      },
      "id": "node/2562438630"
    },
    {
      "type": "Feature",
      "properties": {
        "@id": "node/2563985414",
        "addr:housenumber": "153",
        "addr:postcode": "10013",
        "addr:street": "Hester Street",
        "amenity": "pharmacy",
        "healthcare": "pharmacy",
        "name": "Hester Pharmacy",
        "opening_hours": "Mo-Sa 09:00-18:00; Su 09:30-17:30",
        "phone": "+1-212-966-7599",
        "shop": "chemist"
      },
      "geometry": {
        "type": "Point",
        "coordinates": [
          -73.9956939,
          40.717464
        ]
      },
      "id": "node/2563985414"
    },
    {
      "type": "Feature",
      "properties": {
        "@id": "node/2563985426",
        "amenity": "pharmacy",
        "healthcare": "pharmacy",
        "name": "ABC Pharmacy",
        "opening_hours": "Mo-Su 09:00-19:00"
      },
      "geometry": {
        "type": "Point",
        "coordinates": [
          -73.9966977,
          40.7172445
        ]
      },
      "id": "node/2563985426"
    },
    {
      "type": "Feature",
      "properties": {
        "@id": "node/2563985431",
        "addr:housenumber": "173",
        "addr:postcode": "10013",
        "addr:street": "Canal Street",
        "amenity": "pharmacy",
        "healthcare": "pharmacy",
        "name": "Tyka Pharmacy",
        "opening_hours": "Mo-Su 10:00-17:30",
        "phone": "+1-212-343-1517"
      },
      "geometry": {
        "type": "Point",
        "coordinates": [
          -73.9972219,
          40.7167981
        ]
      },
      "id": "node/2563985431"
    },
    {
      "type": "Feature",
      "properties": {
        "@id": "node/2563985463",
        "addr:city": "New York",
        "addr:housenumber": "82",
        "addr:postcode": "10013",
        "addr:state": "NY",
        "addr:street": "Elizabeth Street",
        "amenity": "pharmacy",
        "healthcare": "pharmacy",
        "name": "678 Pharmacy",
        "opening_hours": "Mo-Fr 09:30-18:00; Sa-Su 10:00-17:00",
        "phone": "+1-212-966-6606",
        "shop": "chemist"
      },
      "geometry": {
        "type": "Point",
        "coordinates": [
          -73.9959497,
          40.7180046
        ]
      },
      "id": "node/2563985463"
    },
    {
      "type": "Feature",
      "properties": {
        "@id": "node/2563986243",
        "addr:city": "New York",
        "addr:housenumber": "187",
        "addr:postcode": "10013",
        "addr:street": "Centre Street",
        "amenity": "pharmacy",
        "healthcare": "pharmacy",
        "name": "Centre Care Phamacy",
        "opening_hours": "Mo-Su 10:00-19:00",
        "shop": "chemist"
      },
      "geometry": {
        "type": "Point",
        "coordinates": [
          -73.999685,
          40.7185822
        ]
      },
      "id": "node/2563986243"
    },
    {
      "type": "Feature",
      "properties": {
        "@id": "node/2563988675",
        "addr:housenumber": "139",
        "addr:postcode": "10013",
        "addr:street": "Centre Street",
        "amenity": "pharmacy",
        "healthcare": "pharmacy",
        "name": "Buy-Rite Pharmacy V"
      },
      "geometry": {
        "type": "Point",
        "coordinates": [
          -74.0006858,
          40.7173578
        ]
      },
      "id": "node/2563988675"
    },
    {
      "type": "Feature",
      "properties": {
        "@id": "node/2563990293",
        "alt_name": "Community Radiology NY",
        "fax": "+1-212-349-2760",
        "healthcare": "laboratory",
        "healthcare:speciality": "diagnostic_radiology",
        "name": "Canal Radiology Associates",
        "phone": "+1-212-349-5799",
        "website": "http://www.communityradiologyny.com"
      },
      "geometry": {
        "type": "Point",
        "coordinates": [
          -73.9990428,
          40.7170741
        ]
      },
      "id": "node/2563990293"
    },
    {
      "type": "Feature",
      "properties": {
        "@id": "node/2564019754",
        "addr:housenumber": "140",
        "addr:postcode": "10016",
        "addr:street": "East 28th Street",
        "fax": "+1-212-889-8830",
        "healthcare": "alternative",
        "healthcare:speciality": "chiropractic",
        "name": "Dr. Steven Schram",
        "phone": "+1-646-736-7719",
        "website": "https://drstevenschram.com/"
      },
      "geometry": {
        "type": "Point",
        "coordinates": [
          -73.9819203,
          40.7423048
        ]
      },
      "id": "node/2564019754"
    },
    {
      "type": "Feature",
      "properties": {
        "@id": "node/2567527037",
        "addr:housenumber": "711",
        "addr:postcode": "10009",
        "addr:street": "East 11th Street",
        "amenity": "pharmacy",
        "healthcare": "pharmacy",
        "name": "Ave C Pharmacy",
        "opening_hours": "Mo-Sa 09:30-19:00"
      },
      "geometry": {
        "type": "Point",
        "coordinates": [
          -73.9767006,
          40.7264561
        ]
      },
      "id": "node/2567527037"
    },
    {
      "type": "Feature",
      "properties": {
        "@id": "node/2567534696",
        "addr:housenumber": "360",
        "addr:postcode": "10009",
        "addr:street": "East 4th Street",
        "amenity": "pharmacy",
        "healthcare": "pharmacy",
        "name": "Erin's Pharmacy",
        "opening_hours": "Mo-Fr 10:00-18:00; Sa 10:00-18:00",
        "phone": "+1 212-677-7335"
      },
      "geometry": {
        "type": "Point",
        "coordinates": [
          -73.9780032,
          40.7212245
        ]
      },
      "id": "node/2567534696"
    },
    {
      "type": "Feature",
      "properties": {
        "@id": "node/2567534730",
        "addr:housenumber": "753",
        "addr:postcode": "10009",
        "addr:street": "East 5th Street",
        "amenity": "pharmacy",
        "healthcare": "pharmacy",
        "name": "Equal Care Pharmacy",
        "opening_hours": "Mo-Fr 9:00-17:00",
        "phone": "+1 212-228-6137",
        "website": "http://www.equalcare.com/"
      },
      "geometry": {
        "type": "Point",
        "coordinates": [
          -73.9774605,
          40.7220472
        ]
      },
      "id": "node/2567534730"
    },
    {
      "type": "Feature",
      "properties": {
        "@id": "node/2567551897",
        "addr:housenumber": "22",
        "addr:postcode": "10013",
        "addr:street": "Bowery",
        "amenity": "pharmacy",
        "healthcare": "pharmacy",
        "name": "Pancare Pharmacy",
        "opening_hours": "Mo-Fr 10:00-17:30; Sa 09:30-17:00; Su 10:00-17:00",
        "phone": "+1-212-240-2312"
      },
      "geometry": {
        "type": "Point",
        "coordinates": [
          -73.9972296,
          40.7148005
        ]
      },
      "id": "node/2567551897"
    },
    {
      "type": "Feature",
      "properties": {
        "@id": "node/2567551905",
        "addr:housenumber": "4",
        "addr:postcode": "10013",
        "addr:street": "Elizabeth Street",
        "amenity": "pharmacy",
        "fixme": "opening hours Mo-Sa 10:00-18:00 signed as temporary, survey for regular hours when available",
        "healthcare": "pharmacy",
        "name": "United Health Pharmacy",
        "opening_hours": "Mo-Sa 10:00-18:00",
        "payment:cash": "only",
        "phone": "+1-212-766-3773"
      },
      "geometry": {
        "type": "Point",
        "coordinates": [
          -73.9975207,
          40.7154451
        ]
      },
      "id": "node/2567551905"
    },
    {
      "type": "Feature",
      "properties": {
        "@id": "node/2567551922",
        "addr:housenumber": "60B",
        "addr:postcode": "10013",
        "addr:street": "Mott Street",
        "healthcare": "doctor",
        "healthcare:speciality": "paediatrics",
        "name": "Pure Pediatrics",
        "phone": "+1-212-796-2196"
      },
      "geometry": {
        "type": "Point",
        "coordinates": [
          -73.998147,
          40.7159705
        ]
      },
      "id": "node/2567551922"
    },
    {
      "type": "Feature",
      "properties": {
        "@id": "node/2567551928",
        "addr:housenumber": "6B",
        "addr:postcode": "10013",
        "addr:street": "Elizabeth Street",
        "amenity": "pharmacy",
        "healthcare": "pharmacy",
        "name": "Amazing Choice Pharmacy",
        "opening_hours": "Mo-Su 10:00-18:00",
        "phone": "+1-718-484-9888"
      },
      "geometry": {
        "type": "Point",
        "coordinates": [
          -73.99742,
          40.7156098
        ]
      },
      "id": "node/2567551928"
    },
    {
      "type": "Feature",
      "properties": {
        "@id": "node/2567571411",
        "addr:housenumber": "291",
        "addr:postcode": "10007",
        "addr:street": "Broadway",
        "addr:unit": "Suite 810",
        "amenity": "doctors",
        "healthcare": "doctor",
        "healthcare:speciality": "podiatry",
        "name": "Foot Doctor of New York",
        "opening_hours": "Mo-Fr 09:00-18:00",
        "operator": "Raphael Lilker, DPM",
        "phone": "+1-212-484-0922",
        "website": "https://www.footdocny.com"
      },
      "geometry": {
        "type": "Point",
        "coordinates": [
          -74.0059052,
          40.7148884
        ]
      },
      "id": "node/2567571411"
    },
    {
      "type": "Feature",
      "properties": {
        "@id": "node/2569069201",
        "addr:city": "New York",
        "addr:housenumber": "75",
        "addr:postcode": "10014",
        "addr:state": "NY",
        "addr:street": "Christopher Street",
        "amenity": "pharmacy",
        "brand": "CVS Pharmacy",
        "brand:website": "https://www.cvs.com/",
        "brand:wikidata": "Q2078880",
        "healthcare": "pharmacy",
        "name": "CVS Pharmacy",
        "short_name": "CVS",
        "website": "https://www.cvs.com/store-locator/new-york-ny-pharmacies/75-christopher-street-new-york-ny-10014/storeid=2435"
      },
      "geometry": {
        "type": "Point",
        "coordinates": [
          -74.0031579,
          40.7336502
        ]
      },
      "id": "node/2569069201"
    },
    {
      "type": "Feature",
      "properties": {
        "@id": "node/2583212032",
        "addr:city": "New York",
        "addr:country": "US",
        "addr:housenumber": "982",
        "addr:postcode": "10025",
        "addr:state": "NY",
        "addr:street": "Columbus Avenue",
        "amenity": "clinic",
        "healthcare": "clinic",
        "name": "Columbus Medical Group",
        "phone": "+1-212-862-9046"
      },
      "geometry": {
        "type": "Point",
        "coordinates": [
          -73.9619825,
          40.8007935
        ]
      },
      "id": "node/2583212032"
    },
    {
      "type": "Feature",
      "properties": {
        "@id": "node/2592307124",
        "addr:city": "New York",
        "addr:state": "NY",
        "amenity": "clinic",
        "healthcare": "clinic",
        "name": "Medrite Urgent Care",
        "phone": "+1-212-658-0058"
      },
      "geometry": {
        "type": "Point",
        "coordinates": [
          -73.987075,
          40.7330669
        ]
      },
      "id": "node/2592307124"
    },
    {
      "type": "Feature",
      "properties": {
        "@id": "node/2599098793",
        "addr:city": "New York",
        "addr:housename": "30 Central Park South Suite #13C",
        "addr:housenumber": "30",
        "addr:postcode": "10019",
        "addr:street": "Central Park South",
        "addr:unit": "13C",
        "amenity": "dentist",
        "emergency": "yes",
        "healthcare": "dentist",
        "name": "Park South Dentistry",
        "opening_hours": "Mo-Fr 09:00-17:00",
        "phone": "+1-212-355-2000",
        "website": "https://www.parksouthdentistry.com/",
        "wheelchair": "limited"
      },
      "geometry": {
        "type": "Point",
        "coordinates": [
          -73.9750584,
          40.764992
        ]
      },
      "id": "node/2599098793"
    },
    {
      "type": "Feature",
      "properties": {
        "@id": "node/2603955339",
        "addr:city": "New York",
        "addr:country": "US",
        "addr:housenumber": "3387",
        "addr:postcode": "10031",
        "addr:state": "NY",
        "addr:street": "Broadway",
        "amenity": "pharmacy",
        "brand": "Duane Reade",
        "brand:wikidata": "Q5310380",
        "dispensing": "yes",
        "healthcare": "pharmacy",
        "name": "Duane Reade",
        "opening_hours": "Mo-Fr 08:00-21:00; Sa 09:00-18:00; Su 10:00-17:00"
      },
      "geometry": {
        "type": "Point",
        "coordinates": [
          -73.9542468,
          40.8217049
        ]
      },
      "id": "node/2603955339"
    },
    {
      "type": "Feature",
      "properties": {
        "@id": "node/2603955359",
        "addr:city": "New York",
        "addr:country": "US",
        "addr:housenumber": "1033",
        "addr:postcode": "10032",
        "addr:state": "NY",
        "addr:street": "Saint Nicholas Avenue",
        "amenity": "pharmacy",
        "brand": "Rite Aid",
        "brand:wikidata": "Q3433273",
        "dispensing": "yes",
        "healthcare": "pharmacy",
        "name": "Rite Aid",
        "opening_hours": "Mo-Su 08:00-22:00; Su 08:00-20:00"
      },
      "geometry": {
        "type": "Point",
        "coordinates": [
          -73.940145,
          40.8358939
        ]
      },
      "id": "node/2603955359"
    },
    {
      "type": "Feature",
      "properties": {
        "@id": "node/2610440256",
        "amenity": "pharmacy",
        "brand": "Walgreens",
        "brand:wikidata": "Q1591889",
        "dispensing": "yes",
        "drive_through": "no",
        "healthcare": "pharmacy",
        "name": "Walgreens",
        "opening_hours": "24/7"
      },
      "geometry": {
        "type": "Point",
        "coordinates": [
          -73.9866768,
          40.756098
        ]
      },
      "id": "node/2610440256"
    },
    {
      "type": "Feature",
      "properties": {
        "@id": "node/2623014588",
        "addr:city": "New York",
        "addr:country": "US",
        "addr:housenumber": "1111",
        "addr:postcode": "10065",
        "addr:state": "NY",
        "addr:street": "3rd Avenue",
        "amenity": "pharmacy",
        "atm": "yes",
        "brand": "Duane Reade",
        "brand:wikidata": "Q5310380",
        "dispensing": "yes",
        "drink:beer": "yes",
        "healthcare": "pharmacy",
        "name": "Duane Reade",
        "opening_hours": "00:00-24:00 open \"Store\" || Mo-Fr 08:00-20:00; Sa 09:00-18:00; Su 10:00-17:00 open \"Pharmacy\"",
        "phone": "+1 212-838-0195",
        "ref": "14470",
        "website": "https://www.walgreens.com/locator/duane+reade-1111+3rd+ave-new+york-ny-10065/id=14470"
      },
      "geometry": {
        "type": "Point",
        "coordinates": [
          -73.9635523,
          40.7653369
        ]
      },
      "id": "node/2623014588"
    },
    {
      "type": "Feature",
      "properties": {
        "@id": "node/2625642634",
        "addr:city": "New York",
        "addr:housenumber": "66",
        "addr:postcode": "10075",
        "addr:state": "NY",
        "addr:street": "East 80th Street",
        "addr:unit": "1a",
        "check_date": "2014-01-17",
        "healthcare": "alternative",
        "healthcare:speciality": "acupuncture",
        "name": "Hold Middle Acupuncture",
        "opening_hours": "Mo-Fr 09:30-18:30; Sa,Su 10:00-18:00",
        "phone": "+1 212 744 0704",
        "website": "https://www.holdmiddle.com/"
      },
      "geometry": {
        "type": "Point",
        "coordinates": [
          -73.9606697,
          40.7764651
        ]
      },
      "id": "node/2625642634"
    },
    {
      "type": "Feature",
      "properties": {
        "@id": "node/2629277992",
        "addr:housenumber": "1370",
        "addr:postcode": "10019",
        "addr:street": "6th Avenue",
        "amenity": "pharmacy",
        "brand": "Duane Reade",
        "brand:wikidata": "Q5310380",
        "dispensing": "yes",
        "drink:beer": "yes",
        "drink:wine": "yes",
        "healthcare": "pharmacy",
        "name": "Duane Reade",
        "opening_hours": "Mo-Fr 07:00-24:00; Sa-Su 07:00-22:00 open \"Store\" || Mo-Fr 08:00-20:00 open \"Pharmacy\"",
        "phone": "+1 212-586-2740",
        "ref": "14321",
        "website": "https://www.walgreens.com/locator/duane+reade-1370+6th+ave-new+york-ny-10019/id=14321",
        "wheelchair": "yes"
      },
      "geometry": {
        "type": "Point",
        "coordinates": [
          -73.9776938,
          40.7633009
        ]
      },
      "id": "node/2629277992"
    },
    {
      "type": "Feature",
      "properties": {
        "@id": "node/2629277993",
        "addr:city": "New York",
        "addr:country": "US",
        "addr:housenumber": "100",
        "addr:postcode": "10019",
        "addr:state": "NY",
        "addr:street": "West 57th Street",
        "amenity": "pharmacy",
        "atm": "yes",
        "brand": "Duane Reade",
        "brand:wikidata": "Q5310380",
        "check_date": "2025-04-10",
        "dispensing": "yes",
        "drink:beer": "yes",
        "drink:wine": "yes",
        "healthcare": "pharmacy",
        "name": "Duane Reade",
        "opening_hours": "00:00-24:00 open \"Store\" || Mo-Fr 08:00-20:00; Sa 09:00-18:00; Su 10:00-17:00 open \"Pharmacy\"",
        "phone": "+1 212-956-0464",
        "ref": "14134",
        "website": "https://www.walgreens.com/locator/duane+reade-100+w+57th+st-new+york-ny-10019/id=14134"
      },
      "geometry": {
        "type": "Point",
        "coordinates": [
          -73.9775292,
          40.7642381
        ]
      },
      "id": "node/2629277993"
    },
    {
      "type": "Feature",
      "properties": {
        "@id": "node/2629371811",
        "addr:housenumber": "630",
        "addr:postcode": "10022",
        "addr:street": "Lexington Avenue",
        "amenity": "pharmacy",
        "brand": "CVS Pharmacy",
        "brand:website": "https://www.cvs.com/",
        "brand:wikidata": "Q2078880",
        "dispensing": "yes",
        "healthcare": "pharmacy",
        "name": "CVS Pharmacy",
        "opening_hours": "Mo-Fr 09:00-13:30, 14:00-20:00; Sa 10:00-13:30, 14:00-19:00 open \"Pharmacy\" || 00:00-24:00 open \"Store\"",
        "phone": "+1 917-369-8688",
        "ref": "3752",
        "short_name": "CVS",
        "website": "https://www.cvs.com/store-locator/new-york-ny-pharmacies/630-lexington-avenue-new-york-ny-10022/storeid=3752"
      },
      "geometry": {
        "type": "Point",
        "coordinates": [
          -73.9710738,
          40.7585698
        ]
      },
      "id": "node/2629371811"
    },
    {
      "type": "Feature",
      "properties": {
        "@id": "node/2629371822",
        "addr:city": "New York",
        "addr:country": "US",
        "addr:housenumber": "1352",
        "addr:postcode": "10021",
        "addr:state": "NY",
        "addr:street": "1st Avenue",
        "amenity": "pharmacy",
        "brand": "Duane Reade",
        "brand:wikidata": "Q5310380",
        "check_date": "2024-09-22",
        "dispensing": "yes",
        "healthcare": "pharmacy",
        "name": "Duane Reade",
        "opening_hours": "00:00-24:00 open \"Store\" || Mo-Fr 08:00-13:30, 14:00-22:00; Sa 09:00-13:30, 14:00-18:00; Su 10:00-13:30, 14:00-18:00 open \"Pharmacy\"",
        "phone": "+1 212-535-9816",
        "ref": "14398",
        "website": "https://www.walgreens.com/locator/walgreens-1352+1st+ave-new+york-ny-10021/id=14398",
        "wheelchair": "yes"
      },
      "geometry": {
        "type": "Point",
        "coordinates": [
          -73.9556728,
          40.7678873
        ]
      },
      "id": "node/2629371822"
    },
    {
      "type": "Feature",
      "properties": {
        "@id": "node/2649092003",
        "addr:city": "New York",
        "addr:country": "US",
        "addr:housenumber": "625",
        "addr:postcode": "10018",
        "addr:state": "NY",
        "addr:street": "8th Avenue",
        "amenity": "pharmacy",
        "brand": "Duane Reade",
        "brand:wikidata": "Q5310380",
        "dispensing": "yes",
        "healthcare": "pharmacy",
        "name": "Duane Reade",
        "opening_hours": "06:00-24:00 open \"Store\" || Mo-Fr 07:00-19:00 open \"Pharmacy\"",
        "phone": "+1 212-273-0889",
        "website": "https://www.walgreens.com/locator/walgreens-625+8th+ave-new+york-ny-10018/id=14217"
      },
      "geometry": {
        "type": "Point",
        "coordinates": [
          -73.9908411,
          40.7561307
        ]
      },
      "id": "node/2649092003"
    },
    {
      "type": "Feature",
      "properties": {
        "@id": "node/2698763972",
        "addr:city": "New York",
        "addr:housenumber": "883",
        "addr:postcode": "10019",
        "addr:state": "NY",
        "addr:street": "9th Avenue",
        "amenity": "pharmacy",
        "dispensing": "yes",
        "drive_through": "no",
        "healthcare": "pharmacy",
        "level": "0",
        "name": "Arrow Apothecary",
        "opening_hours": "Mo-Fr 09:00-19:00; Sa 09:00-17:00; Su off; Dec 31 09:00-15:00; Jan 1 off",
        "payment:cash": "yes",
        "payment:credit_cards": "yes",
        "payment:mastercard": "yes",
        "payment:visa": "yes",
        "phone": "+1-212-245-8469",
        "website": "https://www.arrowpharmacy.com",
        "wheelchair": "yes"
      },
      "geometry": {
        "type": "Point",
        "coordinates": [
          -73.9857349,
          40.7681947
        ]
      },
      "id": "node/2698763972"
    },
    {
      "type": "Feature",
      "properties": {
        "@id": "node/2702831796",
        "addr:city": "New York",
        "addr:country": "US",
        "addr:housenumber": "81",
        "addr:postcode": "10011",
        "addr:state": "NY",
        "addr:street": "8th Avenue",
        "amenity": "pharmacy",
        "brand": "CVS Pharmacy",
        "brand:website": "https://www.cvs.com/",
        "brand:wikidata": "Q2078880",
        "check_date": "2025-04-10",
        "dispensing": "yes",
        "healthcare": "pharmacy",
        "name": "CVS Pharmacy",
        "opening_hours": "24/7",
        "short_name": "CVS",
        "website": "https://www.cvs.com/store-locator/new-york-ny-pharmacies/81-eighth-ave-new-york-ny-10011/storeid=1618"
      },
      "geometry": {
        "type": "Point",
        "coordinates": [
          -74.0025703,
          40.7399977
        ]
      },
      "id": "node/2702831796"
    },
    {
      "type": "Feature",
      "properties": {
        "@id": "node/2703067345",
        "addr:housenumber": "222",
        "addr:postcode": "10011",
        "addr:street": "8th Avenue",
        "amenity": "pharmacy",
        "healthcare": "pharmacy",
        "level": "0",
        "name": "Bio Care Pharmacy"
      },
      "geometry": {
        "type": "Point",
        "coordinates": [
          -73.9990715,
          40.7441494
        ]
      },
      "id": "node/2703067345"
    },
    {
      "type": "Feature",
      "properties": {
        "@id": "node/2703449298",
        "addr:housenumber": "319",
        "addr:postcode": "10001",
        "addr:street": "7th Avenue",
        "amenity": "pharmacy",
        "brand": "Walgreens",
        "brand:wikidata": "Q1591889",
        "dispensing": "yes",
        "healthcare": "pharmacy",
        "name": "Walgreens"
      },
      "geometry": {
        "type": "Point",
        "coordinates": [
          -73.9931223,
          40.7472659
        ]
      },
      "id": "node/2703449298"
    },
    {
      "type": "Feature",
      "properties": {
        "@id": "node/2704040265",
        "addr:housenumber": "246",
        "addr:postcode": "10003",
        "addr:street": "East 20th Street",
        "amenity": "clinic",
        "healthcare": "clinic",
        "name": "NYU Langone Health Orthopedics",
        "operator": "NYU Langone Health",
        "operator:type": "private",
        "operator:wikidata": "Q6956114"
      },
      "geometry": {
        "type": "Point",
        "coordinates": [
          -73.9828211,
          40.7361275
        ]
      },
      "id": "node/2704040265"
    },
    {
      "type": "Feature",
      "properties": {
        "@id": "node/2704042914",
        "addr:housenumber": "205",
        "addr:postcode": "10003",
        "addr:street": "3rd Avenue",
        "amenity": "pharmacy",
        "healthcare": "pharmacy",
        "name": "David's Pharmacy",
        "opening_hours": "Mo-Fr 10:00-20:00; Sa 10:00-17:00",
        "phone": "+1-212-477-7788",
        "shop": "chemist",
        "website": "https://www.davidsdrugs.com",
        "wheelchair": "yes"
      },
      "geometry": {
        "type": "Point",
        "coordinates": [
          -73.9848542,
          40.7361665
        ]
      },
      "id": "node/2704042914"
    },
    {
      "type": "Feature",
      "properties": {
        "@id": "node/2704081024",
        "addr:housenumber": "201",
        "addr:postcode": "10010",
        "addr:street": "East 21st Street",
        "fax": "+1-212-353-2784",
        "healthcare": "physiotherapist",
        "name": "Jag-One",
        "opening_hours": "Mo 07:00-15:00; Tu 07:00-19:00; We 07:00-15:00; Th 07:00-19:00; Fr 07:00-16:30",
        "phone": "+1-212-353-5029",
        "website": "https://www.jagonept.com/physical-therapy-clinics/ny/jag-one-manhattan-east-21st-st/"
      },
      "geometry": {
        "type": "Point",
        "coordinates": [
          -73.983669,
          40.7377432
        ]
      },
      "id": "node/2704081024"
    },
    {
      "type": "Feature",
      "properties": {
        "@id": "node/2704081060",
        "addr:housenumber": "371",
        "addr:postcode": "10010",
        "addr:street": "2nd Avenue",
        "alt_name": "Sanvin Physical Therapy",
        "healthcare": "physiotherapist",
        "name": "Theraphysical Care",
        "phone": "+1-212-420-7280"
      },
      "geometry": {
        "type": "Point",
        "coordinates": [
          -73.981899,
          40.7368423
        ]
      },
      "id": "node/2704081060"
    },
    {
      "type": "Feature",
      "properties": {
        "@id": "node/2704081067",
        "addr:housenumber": "385",
        "addr:postcode": "10010",
        "addr:street": "2nd Avenue",
        "amenity": "pharmacy",
        "healthcare": "pharmacy",
        "name": "ProHealth Pharmacy",
        "opening_hours": "Mo-Fr 09:00-21:00; Sa 09:00-18:00; Su 10:00-16:00",
        "opening_hours:covid19": "Mo-Fr 09:00-20:00; Sa 09:00-18:00; Su 10:00-16:00",
        "phone": "+1-212-684-8300",
        "shop": "chemist",
        "website": "https://prohealthny.com/"
      },
      "geometry": {
        "type": "Point",
        "coordinates": [
          -73.9814025,
          40.737529
        ]
      },
      "id": "node/2704081067"
    },
    {
      "type": "Feature",
      "properties": {
        "@id": "node/2704088838",
        "addr:housenumber": "310",
        "addr:postcode": "10010",
        "addr:street": "East 22nd Street",
        "amenity": "clinic",
        "healthcare": "clinic",
        "name": "NYU Langone Radiology",
        "operator": "NYU Langone Health",
        "operator:type": "private",
        "operator:wikidata": "Q6956114"
      },
      "geometry": {
        "type": "Point",
        "coordinates": [
          -73.9810037,
          40.7369248
        ]
      },
      "id": "node/2704088838"
    },
    {
      "type": "Feature",
      "properties": {
        "@id": "node/2704088856",
        "addr:city": "New York",
        "addr:housenumber": "380",
        "addr:postcode": "10010",
        "addr:state": "NY",
        "addr:street": "2nd Avenue",
        "addr:unit": "1004a",
        "amenity": "clinic",
        "email": "info@suboxonetreatmentclinicnyc.com",
        "healthcare": "clinic",
        "healthcare:speciality": "drug_addiction",
        "name": "Suboxone Treatment Clinic",
        "opening_hours": "Mo-Fr 08:00-18:00",
        "operator": "Dr. Boleslav Kosharskyy",
        "payment:american_express": "yes",
        "payment:cash": "yes",
        "payment:cheque": "yes",
        "payment:credit_cards": "yes",
        "payment:mastercard": "yes",
        "payment:visa": "yes",
        "phone": "+1-212-224-9545",
        "website": "https://www.suboxonetreatmentclinicnyc.com"
      },
      "geometry": {
        "type": "Point",
        "coordinates": [
          -73.9812314,
          40.7369154
        ]
      },
      "id": "node/2704088856"
    },
    {
      "type": "Feature",
      "properties": {
        "@id": "node/2704114370",
        "fax": "+1-212-779-3907",
        "healthcare": "laboratory",
        "healthcare:speciality": "fertility",
        "name": "Repro Lab",
        "phone": "+1-212-779-3988",
        "website": "http://www.reprolabinc.com"
      },
      "geometry": {
        "type": "Point",
        "coordinates": [
          -73.9763829,
          40.7415328
        ]
      },
      "id": "node/2704114370"
    },
    {
      "type": "Feature",
      "properties": {
        "@id": "node/2705507110",
        "addr:city": "New York",
        "addr:housenumber": "806",
        "addr:postcode": "10065",
        "addr:street": "Lexington Avenue",
        "alt_name": "Newton-Timmermann Pharmacy",
        "amenity": "pharmacy",
        "contact:facebook": "pasteurpharmacy",
        "contact:instagram": "pasteurpharmacy",
        "contact:phone": "+1 212-838-2500",
        "contact:website": "https://www.pasteurshaving.com",
        "healthcare": "pharmacy",
        "level": "0",
        "name": "Pasteur Pharmacy",
        "opening_hours": "Mo-Fr 08:00-18:00; Sa 10:00-17:00",
        "shop": "chemist"
      },
      "geometry": {
        "type": "Point",
        "coordinates": [
          -73.9668485,
          40.7643082
        ]
      },
      "id": "node/2705507110"
    },
    {
      "type": "Feature",
      "properties": {
        "@id": "node/2705512861",
        "addr:city": "New York",
        "addr:housenumber": "53",
        "addr:postcode": "10016",
        "addr:street": "East 34th Street",
        "amenity": "pharmacy",
        "healthcare": "pharmacy",
        "name": "Pasteur Pharmacy",
        "opening_hours": "Mo-Fr 08:00-17:00, Sa 10:00-15:00",
        "phone": "+1 212-683-3838",
        "shop": "chemist",
        "website": "https://pasteurpharmacy.com"
      },
      "geometry": {
        "type": "Point",
        "coordinates": [
          -73.9819965,
          40.7475285
        ]
      },
      "id": "node/2705512861"
    },
    {
      "type": "Feature",
      "properties": {
        "@id": "node/2706917999",
        "addr:city": "New York",
        "addr:country": "US",
        "addr:housenumber": "401",
        "addr:postcode": "10016",
        "addr:state": "NY",
        "addr:street": "Park Avenue South",
        "amenity": "pharmacy",
        "brand": "Duane Reade",
        "brand:wikidata": "Q5310380",
        "dispensing": "yes",
        "healthcare": "pharmacy",
        "name": "Duane Reade",
        "opening_hours": "Mo-Su 07:00-23:00",
        "phone": "+1 212-213-9730",
        "website": "https://www.walgreens.com/locator/walgreens-401+park+ave+s-new+york-ny-10016/id=14104"
      },
      "geometry": {
        "type": "Point",
        "coordinates": [
          -73.9840119,
          40.7431094
        ]
      },
      "id": "node/2706917999"
    },
    {
      "type": "Feature",
      "properties": {
        "@id": "node/2706939886",
        "addr:housenumber": "48",
        "addr:postcode": "10001",
        "addr:street": "West 30th Street",
        "amenity": "clinic",
        "branch": "NoMad",
        "healthcare": "clinic",
        "name": "One Medical",
        "operator": "1Life Healthcare",
        "operator:type": "private",
        "operator:wikidata": "Q85727717",
        "website": "https://www.onemedical.com/locations/nyc/nomad/"
      },
      "geometry": {
        "type": "Point",
        "coordinates": [
          -73.9892703,
          40.7470223
        ]
      },
      "id": "node/2706939886"
    },
    {
      "type": "Feature",
      "properties": {
        "@id": "node/2708083611",
        "addr:housenumber": "1419",
        "addr:postcode": "10019",
        "addr:street": "Avenue Of The Americas;6th Avenue",
        "amenity": "pharmacy",
        "dispensing": "yes",
        "drive_through": "no",
        "healthcare": "pharmacy",
        "name": "Windsor Pharmacy",
        "phone": "+1-212-247-1538",
        "website": "https://www.windsorpharmacy.com"
      },
      "geometry": {
        "type": "Point",
        "coordinates": [
          -73.9769684,
          40.7649543
        ]
      },
      "id": "node/2708083611"
    },
    {
      "type": "Feature",
      "properties": {
        "@id": "node/2709347085",
        "addr:housenumber": "221",
        "addr:postcode": "10016",
        "addr:street": "Lexington Avenue",
        "amenity": "clinic",
        "healthcare": "clinic",
        "healthcare:speciality": "diagnostic_radiology",
        "name": "Laura Perlmutter Center for Women's Imaging",
        "operator": "NYU Langone Health",
        "operator:type": "private",
        "operator:wikidata": "Q6956114",
        "phone": "+1-212-731-5002",
        "website": "https://nyulangone.org/locations/perlmutter-center-for-womens-imaging"
      },
      "geometry": {
        "type": "Point",
        "coordinates": [
          -73.97994,
          40.7458423
        ]
      },
      "id": "node/2709347085"
    },
    {
      "type": "Feature",
      "properties": {
        "@id": "node/2709389084",
        "amenity": "dentist",
        "healthcare": "dentist",
        "name": "Designer Braces",
        "phone": "+1-212-482-1212"
      },
      "geometry": {
        "type": "Point",
        "coordinates": [
          -73.977315,
          40.7435906
        ]
      },
      "id": "node/2709389084"
    },
    {
      "type": "Feature",
      "properties": {
        "@id": "node/2709389136",
        "addr:housenumber": "471",
        "addr:postcode": "10016",
        "addr:street": "3rd Avenue",
        "amenity": "dentist",
        "healthcare": "dentist",
        "level": "-1",
        "name": "Dental Office",
        "wheelchair": "yes"
      },
      "geometry": {
        "type": "Point",
        "coordinates": [
          -73.9786996,
          40.7444675
        ]
      },
      "id": "node/2709389136"
    },
    {
      "type": "Feature",
      "properties": {
        "@id": "node/2709680740",
        "addr:housenumber": "581",
        "addr:postcode": "10036",
        "addr:street": "9th Avenue",
        "brand": "Cohen's Fashion Optical",
        "brand:short": "Cohen's",
        "brand:wikidata": "Q5141313",
        "healthcare": "optometrist",
        "name": "Cohen's Fashion Optical",
        "opening_hours": "Mo-Fr 10:00-19:00, Sa 10:00-18:00",
        "phone": "+1-212-869-2020",
        "shop": "optician",
        "website": "https://www.cohensfashionoptical.com/locations/400-w-42nd-st/"
      },
      "geometry": {
        "type": "Point",
        "coordinates": [
          -73.9929221,
          40.7583652
        ]
      },
      "id": "node/2709680740"
    },
    {
      "type": "Feature",
      "properties": {
        "@id": "node/2709936707",
        "addr:housenumber": "721",
        "addr:postcode": "10019",
        "addr:street": "9th Avenue",
        "amenity": "pharmacy",
        "brand": "Duane Reade",
        "brand:wikidata": "Q5310380",
        "healthcare": "pharmacy",
        "name": "Duane Reade",
        "opening_hours": "24/7"
      },
      "geometry": {
        "type": "Point",
        "coordinates": [
          -73.9894867,
          40.7630462
        ]
      },
      "id": "node/2709936707"
    },
    {
      "type": "Feature",
      "properties": {
        "@id": "node/2710091457",
        "addr:city": "New York",
        "addr:housenumber": "635",
        "addr:postcode": "10022",
        "addr:state": "NY",
        "addr:street": "Madison Avenue",
        "addr:unit": "1401",
        "amenity": "clinic",
        "email": "info@aestheticwellnessnyc.com",
        "healthcare": "clinic",
        "healthcare:speciality": "chiropractic;nutrition;weight_loss",
        "internet_access": "wlan",
        "name": "Radiance Aesthetics & Wellness",
        "opening_hours": "Mo-Th 08:00-18:00; Fr 08:00-16:00; Su 10:00-17:00",
        "operator": "Dr. Natalya Fazylova NP",
        "payment:american_express": "yes",
        "payment:cash": "yes",
        "payment:cheque": "yes",
        "payment:credit_cards": "yes",
        "payment:mastercard": "yes",
        "payment:visa": "yes",
        "phone": "+1-212-752-5745",
        "start_date": "2015",
        "website": "https://www.aestheticwellnessnyc.com"
      },
      "geometry": {
        "type": "Point",
        "coordinates": [
          -73.9710384,
          40.7636584
        ]
      },
      "id": "node/2710091457"
    },
    {
      "type": "Feature",
      "properties": {
        "@id": "node/2710845395",
        "addr:housenumber": "17",
        "addr:postcode": "10016",
        "addr:street": "Park Avenue",
        "amenity": "dentist",
        "healthcare": "dentist",
        "name": "Integrated Aesthetic Dentistry",
        "phone": "+1-212-213-1897",
        "website": "https://www.iadentistry.com/contactus/park-avenue-office/"
      },
      "geometry": {
        "type": "Point",
        "coordinates": [
          -73.9805498,
          40.7475004
        ]
      },
      "id": "node/2710845395"
    },
    {
      "type": "Feature",
      "properties": {
        "@id": "node/2710845401",
        "addr:housenumber": "15",
        "addr:postcode": "10016",
        "addr:street": "Park Avenue",
        "amenity": "doctors",
        "fax": "+1-833-224-5817",
        "healthcare": "doctor",
        "healthcare:speciality": "cardiology",
        "name": "Avicenna Cardiology",
        "operator": "Azadeh Beheshtian,MD",
        "phone": "+1-347-558-4094",
        "website": "https://avicennacardiology.com"
      },
      "geometry": {
        "type": "Point",
        "coordinates": [
          -73.9806914,
          40.7475308
        ]
      },
      "id": "node/2710845401"
    },
    {
      "type": "Feature",
      "properties": {
        "@id": "node/2710847313",
        "addr:housenumber": "271",
        "addr:postcode": "10016",
        "addr:street": "Lexington Avenue",
        "healthcare": "clinic",
        "healthcare:speciality": "pain_management;acupuncture",
        "name": "NY Pain & Spine",
        "operator": "Josef M. Debiec, MD",
        "phone": "+1-212-837-8010",
        "website": "https://nypainandspine.com"
      },
      "geometry": {
        "type": "Point",
        "coordinates": [
          -73.9788189,
          40.7474008
        ]
      },
      "id": "node/2710847313"
    },
    {
      "type": "Feature",
      "properties": {
        "@id": "node/2714704420",
        "addr:housenumber": "235",
        "addr:postcode": "10016",
        "addr:street": "East 38th Street",
        "fax": "+1-212-599-4554",
        "healthcare": "clinic",
        "name": "Concorde Medical Group",
        "phone": "+1-212-614-9489",
        "website": "https://www.concordemed.com/locations/235-east-38th-street/"
      },
      "geometry": {
        "type": "Point",
        "coordinates": [
          -73.9747304,
          40.7477639
        ]
      },
      "id": "node/2714704420"
    },
    {
      "type": "Feature",
      "properties": {
        "@id": "node/2714777533",
        "addr:city": "New York",
        "addr:housenumber": "369",
        "addr:postcode": "10017",
        "addr:state": "NY",
        "addr:street": "Lexington Avenue",
        "addr:unit": "14A",
        "description": "Addiction Treatment Center",
        "healthcare": "counselling",
        "healthcare:counselling": "addiction",
        "name": "Wholeview Wellness",
        "website": "https://wholeview.co/"
      },
      "geometry": {
        "type": "Point",
        "coordinates": [
          -73.9766373,
          40.7503917
        ]
      },
      "id": "node/2714777533"
    },
    {
      "type": "Feature",
      "properties": {
        "@id": "node/2717543028",
        "addr:city": "New York",
        "addr:housenumber": "22",
        "addr:postcode": "10036",
        "addr:state": "NY",
        "addr:street": "West 48th Street",
        "addr:unit": "Suite 300",
        "healthcare": "rehabilitation",
        "name": "Drug Rehab and Alcohol Detox Center",
        "phone": "+1-917-672-4988",
        "website": "https://drugrehabalcoholdetox.com/locations/new-york/midtown-ny"
      },
      "geometry": {
        "type": "Point",
        "coordinates": [
          -73.9794019,
          40.7577161
        ]
      },
      "id": "node/2717543028"
    },
    {
      "type": "Feature",
      "properties": {
        "@id": "node/2717876703",
        "addr:city": "New York",
        "addr:housenumber": "139",
        "addr:postcode": "10022",
        "addr:state": "NY",
        "addr:street": "East 57th Street",
        "amenity": "clinic",
        "healthcare": "clinic",
        "name": "MRHS Primary Care",
        "website": "https://www.mrhsclinics.com/primary-care-new-york"
      },
      "geometry": {
        "type": "Point",
        "coordinates": [
          -73.9687925,
          40.7609688
        ]
      },
      "id": "node/2717876703"
    },
    {
      "type": "Feature",
      "properties": {
        "@id": "node/2718142271",
        "addr:housenumber": "1207",
        "addr:postcode": "10065",
        "addr:street": "2nd Avenue",
        "amenity": "pharmacy",
        "check_date": "2025-01-30",
        "contact:facebook": "cedrapharmacynyc",
        "contact:instagram": "cedrapharmacy",
        "healthcare": "pharmacy",
        "level": "0",
        "name": "Cedra Pharmacy",
        "phone": "+1 212-758-1199",
        "website": "https://www.cedrapharmacy.com",
        "wheelchair": "yes"
      },
      "geometry": {
        "type": "Point",
        "coordinates": [
          -73.9625777,
          40.7634222
        ]
      },
      "id": "node/2718142271"
    },
    {
      "type": "Feature",
      "properties": {
        "@id": "node/2723493286",
        "addr:city": "New York",
        "addr:housenumber": "121",
        "addr:postcode": "10065",
        "addr:state": "NY",
        "addr:street": "East 60th Street",
        "addr:unit": "6C1",
        "amenity": "dentist",
        "email": "info@periony.com",
        "healthcare": "dentist",
        "name": "Manhattan Periodontics & Implant Dentistry",
        "opening_hours": "Mo-Th 08:00-18:00; Fr 08:00-14:00",
        "operator": "Dr. Navid Rahmani, DDS",
        "operator:type": "private",
        "payment:american_express": "yes",
        "payment:cash": "yes",
        "payment:cheque": "yes",
        "payment:credit_cards": "yes",
        "payment:mastercard": "yes",
        "payment:visa": "yes",
        "phone": "+1-212-644-4477",
        "start_date": "2010",
        "website": "https://www.periony.com"
      },
      "geometry": {
        "type": "Point",
        "coordinates": [
          -73.9683163,
          40.7632508
        ]
      },
      "id": "node/2723493286"
    },
    {
      "type": "Feature",
      "properties": {
        "@id": "node/2723697630",
        "addr:housenumber": "1315",
        "addr:postcode": "10021",
        "addr:street": "York Avenue",
        "amenity": "clinic",
        "healthcare": "clinic",
        "healthcare:speciality": "gastroenterology",
        "name": "Jill Roberts Center for Inflammatory Bowel Disease",
        "operator": "NewYork-Presbyterian",
        "website": "https://www.nyp.org/cadc/about/centers-and-programs/roberts-center"
      },
      "geometry": {
        "type": "Point",
        "coordinates": [
          -73.9549182,
          40.7659224
        ]
      },
      "id": "node/2723697630"
    },
    {
      "type": "Feature",
      "properties": {
        "@id": "node/2723809134",
        "addr:housenumber": "207",
        "addr:postcode": "10065",
        "addr:street": "East 66th Street",
        "amenity": "pharmacy",
        "healthcare": "pharmacy",
        "name": "Cherry's Pharmacy",
        "phone": "+1 212 717 7797"
      },
      "geometry": {
        "type": "Point",
        "coordinates": [
          -73.9627462,
          40.765775
        ]
      },
      "id": "node/2723809134"
    },
    {
      "type": "Feature",
      "properties": {
        "@id": "node/2724044127",
        "addr:housenumber": "1740",
        "addr:postcode": "10128",
        "addr:street": "1st Avenue",
        "amenity": "pharmacy",
        "delivery": "yes",
        "dispensing": "yes",
        "fax": "+1 212-540-4242",
        "healthcare": "pharmacy",
        "name": "Medics Pharmacy",
        "opening_hours": "Mo-Fr 09:00-19:00; Sa,Su 10:00-18:00",
        "opening_hours:pharmacy": "Mo-Fr 10:00-18:00; Sa 10:00-17:00",
        "phone": "+1 212-540-4200"
      },
      "geometry": {
        "type": "Point",
        "coordinates": [
          -73.9472671,
          40.7794652
        ]
      },
      "id": "node/2724044127"
    },
    {
      "type": "Feature",
      "properties": {
        "@id": "node/2724054060",
        "addr:city": "New York",
        "addr:housenumber": "211",
        "addr:postcode": "10075",
        "addr:state": "NY",
        "addr:street": "East 79th Street",
        "check_date": "2024-09-01",
        "healthcare": "rehabilitation",
        "level": "0",
        "name": "Upper East Side Rehabilitation and Nursing Center",
        "wheelchair": "yes"
      },
      "geometry": {
        "type": "Point",
        "coordinates": [
          -73.9564754,
          40.7742024
        ]
      },
      "id": "node/2724054060"
    },
    {
      "type": "Feature",
      "properties": {
        "@id": "node/2724072548",
        "addr:housenumber": "245",
        "addr:postcode": "10028",
        "addr:street": "East 84th Street",
        "healthcare": "physiotherapist",
        "name": "Spear Physical Therapy",
        "phone": "+1-646-841-1414"
      },
      "geometry": {
        "type": "Point",
        "coordinates": [
          -73.9530784,
          40.77685
        ]
      },
      "id": "node/2724072548"
    },
    {
      "type": "Feature",
      "properties": {
        "@id": "node/2724072571",
        "addr:housenumber": "207",
        "addr:postcode": "10028",
        "addr:street": "East 84th Street",
        "amenity": "clinic",
        "healthcare": "clinic",
        "name": "Tisch Center for Women's Health",
        "official_name": "Joan H. Tisch Center for Women's Health",
        "operator": "NYU Langone Health",
        "operator:wikidata": "Q6956114",
        "operator:wikipedia": "en:NYU Langone Health",
        "phone": "+1-646-754-3300",
        "website": "https://nyulangone.org/locations/joan-h-tisch-center-for-womens-health"
      },
      "geometry": {
        "type": "Point",
        "coordinates": [
          -73.9545264,
          40.7774587
        ]
      },
      "id": "node/2724072571"
    },
    {
      "type": "Feature",
      "properties": {
        "@id": "node/2724171604",
        "addr:city": "New York",
        "addr:housenumber": "1120",
        "addr:postcode": "10128",
        "addr:state": "NY",
        "addr:street": "Park Avenue",
        "addr:unit": "1D",
        "amenity": "doctors",
        "healthcare": "doctor",
        "name": "Global Neuropsychology Solutions"
      },
      "geometry": {
        "type": "Point",
        "coordinates": [
          -73.9557113,
          40.7830019
        ]
      },
      "id": "node/2724171604"
    },
    {
      "type": "Feature",
      "properties": {
        "@id": "node/2724212851",
        "addr:city": "New York",
        "addr:housenumber": "983",
        "addr:postcode": "10028",
        "addr:state": "NY",
        "addr:street": "Park Avenue",
        "addr:unit": "1D",
        "amenity": "clinic",
        "email": "info@manhattangastroenterology.com",
        "healthcare": "clinic",
        "healthcare:speciality": "gastroenterology",
        "name": "Dr. Shawn Khodadadian",
        "opening_hours": "Mo-Fr 08:00-18:00",
        "operator": "Dr. Shawn Khodadadian MD",
        "payment:american_express": "yes",
        "payment:cash": "yes",
        "payment:cheque": "yes",
        "payment:credit_cards": "yes",
        "payment:mastercard": "yes",
        "payment:visa": "yes",
        "phone": "+1-212-427-8761",
        "website": "https://www.manhattangastroenterology.com"
      },
      "geometry": {
        "type": "Point",
        "coordinates": [
          -73.9579804,
          40.7781593
        ]
      },
      "id": "node/2724212851"
    },
    {
      "type": "Feature",
      "properties": {
        "@id": "node/2724212854",
        "addr:city": "New York",
        "addr:housenumber": "116",
        "addr:postcode": "10028",
        "addr:state": "NY",
        "addr:street": "East 84th Street",
        "amenity": "dentist",
        "email": "info@nycpediatricdentist.com",
        "healthcare": "dentist",
        "healthcare:speciality": "paediatrics",
        "name": "Dr. Sara B. Babich, DDS",
        "opening_hours": "Mo-Th 09:00-18:00, Fr 09:00-16:00",
        "operator": "Dr. Sara B. Babich, D.D.S.",
        "payment:american_express": "yes",
        "payment:cash": "yes",
        "payment:cheque": "yes",
        "payment:credit_cards": "yes",
        "payment:mastercard": "yes",
        "payment:visa": "yes",
        "phone": "+1-212-988-4070",
        "start_date": "2007",
        "website": "https://www.nycpediatricdentist.com/"
      },
      "geometry": {
        "type": "Point",
        "coordinates": [
          -73.9572446,
          40.7783658
        ]
      },
      "id": "node/2724212854"
    },
    {
      "type": "Feature",
      "properties": {
        "@id": "node/2724223877",
        "addr:city": "New York",
        "addr:housenumber": "40",
        "addr:postcode": "10028",
        "addr:state": "NY",
        "addr:street": "East 84th Street",
        "amenity": "dentist",
        "email": "info@gibbsortho.com",
        "healthcare": "dentist",
        "healthcare:speciality": "orthodontics",
        "name": "Gibbs Orthodontic Associates, P.C",
        "opening_hours": "Mo 09:00-17:15; Tu 09:00-18:30; We 08:15-19:00; Th 09:00-18:00; Fr 09:00-19:00",
        "operator": "Dr. Eric Gibbs, DDS",
        "payment:amex": "yes",
        "payment:cash": "yes",
        "payment:cheque": "yes",
        "payment:credit_cards": "yes",
        "payment:mastercard": "yes",
        "payment:visa": "yes",
        "phone": "+1-212-535-4111",
        "start_date": "1985",
        "website": "https://www.gibbsortho.com/"
      },
      "geometry": {
        "type": "Point",
        "coordinates": [
          -73.9595973,
          40.779357
        ]
      },
      "id": "node/2724223877"
    },
    {
      "type": "Feature",
      "properties": {
        "@id": "node/2724232166",
        "addr:city": "New York",
        "addr:housenumber": "117",
        "addr:postcode": "10028",
        "addr:state": "NY",
        "addr:street": "East 84th Street",
        "addr:unit": "#1b",
        "country": "US",
        "healthcare": "general_medicine",
        "healthcare:speciality": "kidney_disease;internal;nephrology;geriatrics",
        "name": "Fay M Ohsumi MD PLLC",
        "opening_hours": "Mo 11:00-17:00; Tu 12:00-17:30; We-Th 11:00-17:00; Fr 12:00-14:00",
        "payment": "Cash  Checks",
        "phone": "+1-212-288-8121",
        "website": "https://faymohsumimdpllc.com"
      },
      "geometry": {
        "type": "Point",
        "coordinates": [
          -73.9571979,
          40.7785637
        ]
      },
      "id": "node/2724232166"
    },
    {
      "type": "Feature",
      "properties": {
        "@id": "node/2724249548",
        "addr:housenumber": "1034",
        "addr:postcode": "10028",
        "addr:street": "5th Avenue",
        "check_date": "2024-08-14",
        "healthcare": "optometrist",
        "name": "Fifth Avenue Eye Associates",
        "website": "https://www.faeye.com/"
      },
      "geometry": {
        "type": "Point",
        "coordinates": [
          -73.9609607,
          40.7804793
        ]
      },
      "id": "node/2724249548"
    },
    {
      "type": "Feature",
      "properties": {
        "@id": "node/2724273368",
        "addr:housenumber": "1332",
        "addr:postcode": "10128",
        "addr:street": "Lexington Avenue",
        "healthcare": "physiotherapist",
        "name": "Spear",
        "phone": "+1 646-307-1610",
        "website": "https://spearcenter.com/",
        "wheelchair": "yes"
      },
      "geometry": {
        "type": "Point",
        "coordinates": [
          -73.9543929,
          40.7813743
        ]
      },
      "id": "node/2724273368"
    },
    {
      "type": "Feature",
      "properties": {
        "@id": "node/2744978604",
        "addr:housenumber": "171",
        "addr:postcode": "10023",
        "addr:street": "Columbus Avenue",
        "amenity": "pharmacy",
        "check_date": "2025-01-29",
        "healthcare": "pharmacy",
        "name": "Thomas Drugs"
      },
      "geometry": {
        "type": "Point",
        "coordinates": [
          -73.9806616,
          40.7745339
        ]
      },
      "id": "node/2744978604"
    },
    {
      "type": "Feature",
      "properties": {
        "@id": "node/2745018021",
        "addr:city": "New York",
        "addr:housenumber": "181",
        "addr:postcode": "10023",
        "addr:state": "NY",
        "addr:street": "Amsterdam Avenue",
        "air_conditioning": "yes",
        "amenity": "pharmacy",
        "name": "Chateau Drug & Homecare",
        "opening_hours": "Mo-Fr 08:30-18:00; Sa 09:00-16:00",
        "phone": "+1-212-877-6390",
        "shop": "chemist",
        "website": "http://www.chateaudrugandhomecare.net/"
      },
      "geometry": {
        "type": "Point",
        "coordinates": [
          -73.9831471,
          40.7762113
        ]
      },
      "id": "node/2745018021"
    },
    {
      "type": "Feature",
      "properties": {
        "@id": "node/2745087230",
        "addr:housenumber": "2069",
        "addr:postcode": "10023",
        "addr:street": "Broadway",
        "amenity": "pharmacy",
        "atm": "yes",
        "brand": "Duane Reade",
        "brand:wikidata": "Q5310380",
        "dispensing": "yes",
        "drink:beer": "yes",
        "drink:wine": "yes",
        "drive_through": "no",
        "healthcare": "pharmacy",
        "level": "0,1",
        "name": "Duane Reade",
        "opening_hours": "24/7",
        "phone": "+1 212-799-1067",
        "ref": "14486",
        "website": "https://www.walgreens.com/locator/duane+reade-2069+broadway-new+york-ny-10023/id=14486"
      },
      "geometry": {
        "type": "Point",
        "coordinates": [
          -73.9822861,
          40.7785223
        ]
      },
      "id": "node/2745087230"
    },
    {
      "type": "Feature",
      "properties": {
        "@id": "node/2745087240",
        "addr:city": "New York",
        "addr:housenumber": "216",
        "addr:postcode": "10023",
        "addr:state": "NY",
        "addr:street": "West 72nd Street",
        "amenity": "pharmacy",
        "dispensing": "yes",
        "drive_through": "no",
        "healthcare": "pharmacy",
        "name": "Joseph Pharmacy",
        "website": "https://www.josephspharmacy.com"
      },
      "geometry": {
        "type": "Point",
        "coordinates": [
          -73.9827149,
          40.7788736
        ]
      },
      "id": "node/2745087240"
    },
    {
      "type": "Feature",
      "properties": {
        "@id": "node/2745122899",
        "addr:city": "New York",
        "addr:country": "US",
        "addr:housenumber": "255",
        "addr:postcode": "10023",
        "addr:state": "NY",
        "addr:street": "Columbus Avenue",
        "amenity": "pharmacy",
        "check_date": "2026-05-22",
        "healthcare": "pharmacy",
        "level": "0",
        "name": "West Side Pharmacy",
        "wheelchair": "yes"
      },
      "geometry": {
        "type": "Point",
        "coordinates": [
          -73.9787844,
          40.7771072
        ]
      },
      "id": "node/2745122899"
    },
    {
      "type": "Feature",
      "properties": {
        "@id": "node/2745620602",
        "addr:city": "New York",
        "addr:housenumber": "252",
        "addr:postcode": "10024",
        "addr:state": "NY",
        "addr:street": "West 81st Street",
        "amenity": "clinic",
        "healthcare": "clinic",
        "name": "One Medical",
        "opening_hours": "Mo-Fr 08:00-17:00",
        "operator": "1Life Healthcare",
        "operator:type": "private",
        "operator:wikidata": "Q85727717"
      },
      "geometry": {
        "type": "Point",
        "coordinates": [
          -73.979573,
          40.7852718
        ]
      },
      "id": "node/2745620602"
    },
    {
      "type": "Feature",
      "properties": {
        "@id": "node/2758510386",
        "addr:city": "New York",
        "addr:country": "US",
        "addr:housenumber": "657",
        "addr:postcode": "10025",
        "addr:state": "NY",
        "addr:street": "Amsterdam Avenue",
        "amenity": "dentist",
        "healthcare": "dentist",
        "name": "Concerned Dental Care",
        "phone": "+1-914-350-3894",
        "website": "https://concerneddentalcare.com/upper-west-side"
      },
      "geometry": {
        "type": "Point",
        "coordinates": [
          -73.9723115,
          40.7910495
        ]
      },
      "id": "node/2758510386"
    },
    {
      "type": "Feature",
      "properties": {
        "@id": "node/2758531985",
        "addr:city": "New York",
        "addr:housenumber": "693",
        "addr:postcode": "10025",
        "addr:state": "NY",
        "addr:street": "Columbus Avenue",
        "amenity": "dentist",
        "brand": "Gentle Dental",
        "brand:wikidata": "Q108410773",
        "healthcare": "dentist",
        "name": "Gentle Dental",
        "phone": "+1-212-663-6800"
      },
      "geometry": {
        "type": "Point",
        "coordinates": [
          -73.9683832,
          40.791242
        ]
      },
      "id": "node/2758531985"
    },
    {
      "type": "Feature",
      "properties": {
        "@id": "node/2759294339",
        "addr:city": "New York",
        "addr:housenumber": "690",
        "addr:postcode": "10025",
        "addr:state": "NY",
        "addr:street": "Amsterdam Avenue",
        "amenity": "clinic",
        "healthcare": "clinic",
        "name": "Amsterdam Family Health Center",
        "operator": "Institute for Family Health",
        "phone": "+1-212-865-4104",
        "website": "https://institute.org/location/amsterdam-center-2/"
      },
      "geometry": {
        "type": "Point",
        "coordinates": [
          -73.971783,
          40.7925223
        ]
      },
      "id": "node/2759294339"
    },
    {
      "type": "Feature",
      "properties": {
        "@id": "node/2759500758",
        "addr:city": "New York",
        "addr:floor": "basement",
        "addr:housenumber": "2599",
        "addr:postcode": "10025",
        "addr:state": "NY",
        "addr:street": "Broadway",
        "healthcare": "physiotherapist",
        "name": "StarPro Physical Therapy",
        "phone": "+1-212-222-2270",
        "website": "https://www.professionalpt.com/office/west-98th-street/"
      },
      "geometry": {
        "type": "Point",
        "coordinates": [
          -73.9711669,
          40.7959575
        ]
      },
      "id": "node/2759500758"
    },
    {
      "type": "Feature",
      "properties": {
        "@id": "node/2761099883",
        "addr:city": "New York",
        "addr:country": "US",
        "addr:housenumber": "743",
        "addr:postcode": "10025",
        "addr:state": "NY",
        "addr:street": "Amsterdam Avenue",
        "amenity": "pharmacy",
        "brand": "CVS Pharmacy",
        "brand:website": "https://www.cvs.com/",
        "brand:wikidata": "Q2078880",
        "dispensing": "yes",
        "healthcare": "pharmacy",
        "name": "CVS Pharmacy",
        "opening_hours": "Mo-Fr 08:00-21:00; Sa, Su 09:00-18:00 open \"Pharmacy\" || 07:00-24:00 open \"Store\"",
        "phone": "+1 212-280-0582",
        "ref": "2360",
        "short_name": "CVS",
        "website": "https://www.cvs.com/store-locator/cvs-pharmacy-address/743+Amsterdam+Avenue+Btwn.+96th+And+97th+St.-New+York-NY-10025/storeid=2360"
      },
      "geometry": {
        "type": "Point",
        "coordinates": [
          -73.9699792,
          40.7941539
        ]
      },
      "id": "node/2761099883"
    },
    {
      "type": "Feature",
      "properties": {
        "@id": "node/2761570410",
        "addr:city": "New York",
        "addr:housenumber": "912",
        "addr:postcode": "10025",
        "addr:state": "NY",
        "addr:street": "Columbus Avenue",
        "amenity": "clinic",
        "healthcare": "clinic",
        "name": "Columbus Medical Arts",
        "opening_hours": "Mo-Th 08:00-15:00; Fr 08:00-18:00; Su 09:00-16:00",
        "phone": "+1-212-481-3333",
        "website": "https://www.14streetmedical.com/office-location/columbus-ave-medicalarts"
      },
      "geometry": {
        "type": "Point",
        "coordinates": [
          -73.9637089,
          40.7984247
        ]
      },
      "id": "node/2761570410"
    },
    {
      "type": "Feature",
      "properties": {
        "@id": "node/2761570415",
        "addr:city": "New York",
        "addr:housenumber": "914A",
        "addr:postcode": "10025",
        "addr:state": "NY",
        "addr:street": "Columbus Avenue",
        "amenity": "dentist",
        "healthcare": "dentist",
        "name": "Columbus Ave Dental",
        "phone": "+1-212-749-5000"
      },
      "geometry": {
        "type": "Point",
        "coordinates": [
          -73.9636534,
          40.7985015
        ]
      },
      "id": "node/2761570415"
    },
    {
      "type": "Feature",
      "properties": {
        "@id": "node/2761578512",
        "addr:city": "New York",
        "addr:country": "US",
        "addr:housenumber": "909",
        "addr:postcode": "10025",
        "addr:state": "NY",
        "addr:street": "Columbus Avenue",
        "amenity": "pharmacy",
        "healthcare": "pharmacy",
        "name": "Quick RX Pharmacy"
      },
      "geometry": {
        "type": "Point",
        "coordinates": [
          -73.9633915,
          40.7981998
        ]
      },
      "id": "node/2761578512"
    },
    {
      "type": "Feature",
      "properties": {
        "@id": "node/2761651130",
        "addr:city": "New York",
        "addr:housenumber": "981",
        "addr:postcode": "10025",
        "addr:state": "NY",
        "addr:street": "Amsterdam Avenue",
        "amenity": "doctors",
        "healthcare": "doctor",
        "healthcare:speciality": "dermatology",
        "name": "Uptown Dermatology",
        "operator": "Infinity Dermatology",
        "phone": "+1-212-222-0075",
        "website": "https://www.infinitydermatology.com/"
      },
      "geometry": {
        "type": "Point",
        "coordinates": [
          -73.9644909,
          40.8017643
        ]
      },
      "id": "node/2761651130"
    },
    {
      "type": "Feature",
      "properties": {
        "@id": "node/2761651139",
        "addr:city": "New York",
        "addr:housenumber": "992",
        "addr:postcode": "10025",
        "addr:state": "NY",
        "addr:street": "Columbus Avenue",
        "amenity": "dentist",
        "healthcare": "dentist",
        "name": "UWS Dental",
        "opening_hours": "Mo-Fr 13:00-22:00",
        "phone": "+1-917-261-7555",
        "website": "https://uwsdentalonline.com"
      },
      "geometry": {
        "type": "Point",
        "coordinates": [
          -73.9617691,
          40.8010889
        ]
      },
      "id": "node/2761651139"
    },
    {
      "type": "Feature",
      "properties": {
        "@id": "node/2765399934",
        "addr:housenumber": "2243",
        "addr:postcode": "10029",
        "addr:street": "2nd Avenue",
        "amenity": "pharmacy",
        "dispensing": "yes",
        "healthcare": "pharmacy",
        "name": "Second Avenue Pharmacy",
        "phone": "+1 212-876-8300"
      },
      "geometry": {
        "type": "Point",
        "coordinates": [
          -73.9383659,
          40.7964933
        ]
      },
      "id": "node/2765399934"
    },
    {
      "type": "Feature",
      "properties": {
        "@id": "node/2767370101",
        "addr:housenumber": "86",
        "addr:postcode": "10027",
        "addr:street": "West 125th Street",
        "brand": "Cohen's Fashion Optical",
        "brand:wikidata": "Q5141313",
        "healthcare": "optometrist",
        "name": "Cohen's Fashion Optical",
        "shop": "optician",
        "short_name": "Cohen's"
      },
      "geometry": {
        "type": "Point",
        "coordinates": [
          -73.9453131,
          40.8075367
        ]
      },
      "id": "node/2767370101"
    },
    {
      "type": "Feature",
      "properties": {
        "@id": "node/2767633739",
        "addr:housenumber": "20",
        "addr:postcode": "10037",
        "addr:street": "West 135th Street",
        "amenity": "pharmacy",
        "drive_through": "no",
        "healthcare": "pharmacy",
        "name": "Lenox Terrace"
      },
      "geometry": {
        "type": "Point",
        "coordinates": [
          -73.9390136,
          40.8130784
        ]
      },
      "id": "node/2767633739"
    },
    {
      "type": "Feature",
      "properties": {
        "@id": "node/2767863016",
        "addr:housenumber": "2423",
        "addr:postcode": "10030",
        "addr:street": "Adam Clayton Powell Jr. Boulevard",
        "amenity": "pharmacy",
        "dispensing": "yes",
        "healthcare": "pharmacy"
      },
      "geometry": {
        "type": "Point",
        "coordinates": [
          -73.9404693,
          40.8192764
        ]
      },
      "id": "node/2767863016"
    },
    {
      "type": "Feature",
      "properties": {
        "@id": "node/2768074409",
        "addr:housenumber": "262",
        "addr:postcode": "10030",
        "addr:street": "West 145th Street",
        "amenity": "clinic",
        "branch": "Harlem",
        "name": "USA Vein Clinics",
        "phone": "+1-347-970-8877",
        "website": "https://www.usaveinclinics.com/company/locations/new-york/office/harlem/"
      },
      "geometry": {
        "type": "Point",
        "coordinates": [
          -73.9412917,
          40.8224012
        ]
      },
      "id": "node/2768074409"
    },
    {
      "type": "Feature",
      "properties": {
        "@id": "node/2768125214",
        "addr:housenumber": "752",
        "addr:postcode": "10031",
        "addr:street": "Saint Nicholas Avenue",
        "amenity": "clinic",
        "branch": "Washington Heights",
        "name": "ZipCare",
        "opening_hours": "Mo-Su 08:00-23:00",
        "phone": "+1-212-206-8000",
        "website": "https://zipcare.net/ZipCare-washington-heights.php"
      },
      "geometry": {
        "type": "Point",
        "coordinates": [
          -73.9433066,
          40.8255747
        ]
      },
      "id": "node/2768125214"
    },
    {
      "type": "Feature",
      "properties": {
        "@id": "node/2768125218",
        "addr:housenumber": "752",
        "addr:postcode": "10031",
        "addr:street": "Saint Nicholas Avenue",
        "amenity": "pharmacy",
        "healthcare": "pharmacy",
        "name": "Sugar Hill Pharmacy",
        "opening_hours": "Mo-Fr 08:30-18:30; Sa 10:00-19:00",
        "opening_hours:pharmacy": "Mo-Fr 09:00-18:30; Sa 10:00-19:00",
        "phone": "+1-212-281-8300"
      },
      "geometry": {
        "type": "Point",
        "coordinates": [
          -73.9432713,
          40.8256685
        ]
      },
      "id": "node/2768125218"
    },
    {
      "type": "Feature",
      "properties": {
        "@id": "node/2768438938",
        "addr:housenumber": "1244",
        "addr:postcode": "10027",
        "addr:street": "Amsterdam Avenue",
        "amenity": "dentist",
        "healthcare": "dentist",
        "name": "Morningside Dental Associates",
        "opening_hours": "\"on appointment\"",
        "phone": "+1-212-342-2300"
      },
      "geometry": {
        "type": "Point",
        "coordinates": [
          -73.9587861,
          40.8102164
        ]
      },
      "id": "node/2768438938"
    },
    {
      "type": "Feature",
      "properties": {
        "@id": "node/2768450166",
        "addr:city": "New York",
        "addr:housenumber": "1219",
        "addr:postcode": "10027",
        "addr:street": "Amsterdam Avenue",
        "amenity": "pharmacy",
        "healthcare": "pharmacy",
        "name": "Hartley Chemist Pharmacy",
        "opening_hours": "Mo-Fr 09:00-19:00; Sa 10:00-17:00",
        "website": "http://www.hartleychemist.com/"
      },
      "geometry": {
        "type": "Point",
        "coordinates": [
          -73.9591532,
          40.8091195
        ]
      },
      "id": "node/2768450166"
    },
    {
      "type": "Feature",
      "properties": {
        "@id": "node/2796467289",
        "addr:housenumber": "2933",
        "addr:postcode": "10025",
        "addr:street": "Broadway",
        "brand": "Cohen's Fashion Optical",
        "brand:wikidata": "Q5141313",
        "check_date:opening_hours": "2026-05-08",
        "healthcare": "optometrist",
        "name": "Cohen's Fashion Optical",
        "opening_hours": "Mo-Sa 10:00-18:00",
        "phone": "+1-212-662-0400",
        "shop": "optician",
        "short_name": "Cohen's"
      },
      "geometry": {
        "type": "Point",
        "coordinates": [
          -73.9648312,
          40.807181
        ]
      },
      "id": "node/2796467289"
    },
    {
      "type": "Feature",
      "properties": {
        "@id": "node/2797219952",
        "addr:city": "New York",
        "addr:housenumber": "4085",
        "addr:postcode": "10032",
        "addr:state": "NY",
        "addr:street": "Broadway",
        "amenity": "pharmacy",
        "check_date": "2026-05-10",
        "drive_through": "no",
        "healthcare": "pharmacy",
        "name": "Med Pharmacy"
      },
      "geometry": {
        "type": "Point",
        "coordinates": [
          -73.9391684,
          40.8442106
        ]
      },
      "id": "node/2797219952"
    },
    {
      "type": "Feature",
      "properties": {
        "@id": "node/2797222919",
        "addr:city": "New York",
        "addr:housenumber": "4073",
        "addr:postcode": "10032",
        "addr:state": "NY",
        "addr:street": "Broadway",
        "amenity": "pharmacy",
        "check_date": "2026-05-10",
        "dispensing": "yes",
        "drive_through": "no",
        "healthcare": "pharmacy",
        "name": "Twins Pharmacy 2",
        "opening_hours": "Mo-Fr 09:00-19:00; Sa 09:00-18:00"
      },
      "geometry": {
        "type": "Point",
        "coordinates": [
          -73.9392545,
          40.8438365
        ]
      },
      "id": "node/2797222919"
    },
    {
      "type": "Feature",
      "properties": {
        "@id": "node/2797228412",
        "addr:city": "New York",
        "addr:housenumber": "1265",
        "addr:postcode": "10033",
        "addr:state": "NY",
        "addr:street": "Saint Nicholas Avenue",
        "amenity": "pharmacy",
        "check_date": "2026-05-10",
        "dispensing": "yes",
        "drive_through": "no",
        "healthcare": "pharmacy",
        "name": "San Nicholas Pharmacy",
        "opening_hours": "Mo-Fr 09:00-19:00; Sa 09:00-18:00; Su off"
      },
      "geometry": {
        "type": "Point",
        "coordinates": [
          -73.9375064,
          40.8444658
        ]
      },
      "id": "node/2797228412"
    },
    {
      "type": "Feature",
      "properties": {
        "@id": "node/2797235652",
        "addr:city": "New York",
        "addr:housenumber": "1280",
        "addr:postcode": "10033",
        "addr:state": "NY",
        "addr:street": "Saint Nicholas Avenue",
        "amenity": "pharmacy",
        "check_date": "2026-05-10",
        "dispensing": "yes",
        "drive_through": "no",
        "healthcare": "pharmacy",
        "name": "Redwood Apothecary",
        "opening_hours": "Mo-Fr 10:00-17:00; Sa 10:00-15:00; Su off",
        "opening_hours:covid19": "Mo-Sa 10:00-15:00; Su off"
      },
      "geometry": {
        "type": "Point",
        "coordinates": [
          -73.936788,
          40.8448257
        ]
      },
      "id": "node/2797235652"
    },
    {
      "type": "Feature",
      "properties": {
        "@id": "node/2797243197",
        "addr:city": "New York",
        "addr:housenumber": "1303",
        "addr:postcode": "10033",
        "addr:state": "NY",
        "addr:street": "Saint Nicholas Avenue",
        "amenity": "pharmacy",
        "check_date": "2026-05-10",
        "dispensing": "yes",
        "drive_through": "no",
        "healthcare": "pharmacy",
        "name": "Cibao Pharmacy",
        "opening_hours": "Mo-Fr 10:00-19:00; Sa 10:00-18:00; Su off"
      },
      "geometry": {
        "type": "Point",
        "coordinates": [
          -73.9366101,
          40.8456925
        ]
      },
      "id": "node/2797243197"
    },
    {
      "type": "Feature",
      "properties": {
        "@id": "node/2797243217",
        "addr:housenumber": "4120",
        "addr:postcode": "10033",
        "addr:street": "Broadway",
        "amenity": "clinic",
        "branch": "Washington Heights",
        "fax": "+1-212-734-5832",
        "healthcare": "clinic",
        "healthcare:speciality": "radiology",
        "name": "Lenox Hill Radiology",
        "phone": "+1-212-772-3111",
        "short_name": "LHR",
        "website": "https://www.radnet.com/lenox-hill-radiology/locations/doshi-diagnostic-imaging-services-washington-heights"
      },
      "geometry": {
        "type": "Point",
        "coordinates": [
          -73.9384198,
          40.8456572
        ]
      },
      "id": "node/2797243217"
    },
    {
      "type": "Feature",
      "properties": {
        "@id": "node/2797287613",
        "addr:city": "New York",
        "addr:housenumber": "1328",
        "addr:postcode": "10033",
        "addr:state": "NY",
        "addr:street": "Saint Nicholas Avenue",
        "amenity": "pharmacy",
        "dispensing": "yes",
        "drive_through": "no",
        "healthcare": "pharmacy",
        "name": "St. Maria Pharmacy",
        "opening_hours": "Mo-Sa 09:30-19:00"
      },
      "geometry": {
        "type": "Point",
        "coordinates": [
          -73.9357164,
          40.8462929
        ]
      },
      "id": "node/2797287613"
    },
    {
      "type": "Feature",
      "properties": {
        "@id": "node/2797310007",
        "addr:housenumber": "2410",
        "addr:postcode": "10033",
        "addr:street": "Amsterdam Avenue",
        "amenity": "clinic",
        "check_date": "2026-05-12",
        "healthcare": "dialysis",
        "healthcare:speciality": "nephrology",
        "name": "Davita Kidney Care",
        "operator": "DaVita Dialysis",
        "operator:type": "private",
        "operator:wikidata": "Q5207184"
      },
      "geometry": {
        "type": "Point",
        "coordinates": [
          -73.9317747,
          40.8472175
        ]
      },
      "id": "node/2797310007"
    },
    {
      "type": "Feature",
      "properties": {
        "@id": "node/2797466255",
        "addr:city": "New York",
        "addr:housenumber": "1381",
        "addr:postcode": "10033",
        "addr:state": "NY",
        "addr:street": "Saint Nicholas Avenue",
        "amenity": "pharmacy",
        "check_date": "2026-05-09",
        "dispensing": "yes",
        "drive_through": "no",
        "healthcare": "pharmacy",
        "name": "San Pedro Pharmacy",
        "opening_hours": "Mo-Fr 10:00-19:30; Sa 10:00-18:00; Su 11:00-17:00"
      },
      "geometry": {
        "type": "Point",
        "coordinates": [
          -73.9347678,
          40.8482027
        ]
      },
      "id": "node/2797466255"
    },
    {
      "type": "Feature",
      "properties": {
        "@id": "node/2797541153",
        "addr:city": "New York",
        "addr:housenumber": "1479",
        "addr:postcode": "10033",
        "addr:state": "NY",
        "addr:street": "Saint Nicholas Avenue",
        "amenity": "pharmacy",
        "dispensing": "yes",
        "drive_through": "no",
        "healthcare": "pharmacy",
        "name": "Farmacia San Rafael",
        "opening_hours": "Mo-Sa 10:00-19:30"
      },
      "geometry": {
        "type": "Point",
        "coordinates": [
          -73.9324946,
          40.8512953
        ]
      },
      "id": "node/2797541153"
    },
    {
      "type": "Feature",
      "properties": {
        "@id": "node/2797589501",
        "addr:housenumber": "817",
        "addr:postcode": "10033",
        "addr:street": "West 181st Street",
        "check_date": "2026-05-07",
        "healthcare": "optometrist",
        "name": "VistaSite Eyecare",
        "phone": "+1-212-923-2020",
        "website": "https://www.vistasiteeyecare.com/"
      },
      "geometry": {
        "type": "Point",
        "coordinates": [
          -73.9390229,
          40.8512477
        ]
      },
      "id": "node/2797589501"
    },
    {
      "type": "Feature",
      "properties": {
        "@id": "node/2797609313",
        "addr:city": "New York",
        "addr:housenumber": "1494",
        "addr:postcode": "10033",
        "addr:state": "NY",
        "addr:street": "Saint Nicholas Avenue",
        "amenity": "pharmacy",
        "dispensing": "yes",
        "drive_through": "no",
        "healthcare": "pharmacy",
        "name": "Viva Pharmacy",
        "opening_hours": "Mo-Fr 09:00-21:00; Sa-Su 09:00-19:00"
      },
      "geometry": {
        "type": "Point",
        "coordinates": [
          -73.9319242,
          40.8514842
        ]
      },
      "id": "node/2797609313"
    },
    {
      "type": "Feature",
      "properties": {
        "@id": "node/2797917336",
        "addr:city": "New York",
        "addr:housenumber": "241",
        "addr:postcode": "10019",
        "addr:state": "NY",
        "addr:street": "West 57th Street",
        "amenity": "pharmacy",
        "brand": "CVS Pharmacy",
        "brand:website": "https://www.cvs.com/",
        "brand:wikidata": "Q2078880",
        "check_date": "2025-05-30",
        "dispensing": "yes",
        "healthcare": "pharmacy",
        "name": "CVS Pharmacy",
        "opening_hours": "00:00-24:00 open \"Pharmacy\" || 00:00-24:00 open \"Store\"",
        "phone": "+1 212-247-5848",
        "ref": "10298",
        "short_name": "CVS",
        "website": "https://www.cvs.com/store-locator/cvs-pharmacy-address/241+West+57th+Street+On+The+Corner+Of+8th+Ave.-New+York-NY-10019/storeid=10298",
        "wheelchair": "yes"
      },
      "geometry": {
        "type": "Point",
        "coordinates": [
          -73.9825327,
          40.7667867
        ]
      },
      "id": "node/2797917336"
    },
    {
      "type": "Feature",
      "properties": {
        "@id": "node/2811004406",
        "addr:housenumber": "5243",
        "addr:postcode": "10463",
        "addr:street": "Broadway",
        "amenity": "pharmacy",
        "check_date": "2026-05-08",
        "healthcare": "pharmacy",
        "name": "Marble Hill Pharmacy",
        "opening_hours": "Mo-Fr 09:30-19:00; Sa 09:30-15:00",
        "phone": "+1-718-562-5200"
      },
      "geometry": {
        "type": "Point",
        "coordinates": [
          -73.908753,
          40.8756313
        ]
      },
      "id": "node/2811004406"
    },
    {
      "type": "Feature",
      "properties": {
        "@id": "node/2817974533",
        "addr:city": "New York",
        "addr:housenumber": "42",
        "addr:street": "Broadway",
        "amenity": "dentist",
        "description": "Suite 1500",
        "healthcare": "dentist",
        "name": "POE Dental Specialty Group"
      },
      "geometry": {
        "type": "Point",
        "coordinates": [
          -74.012424,
          40.7061609
        ]
      },
      "id": "node/2817974533"
    },
    {
      "type": "Feature",
      "properties": {
        "@id": "node/2824828281",
        "addr:city": "New York",
        "addr:housenumber": "39",
        "addr:postcode": "10006",
        "addr:state": "NY",
        "addr:street": "Broadway",
        "addr:unit": "630",
        "healthcare": "physiotherapist",
        "name": "Graphene Physical Therapy",
        "opening_hours": "Mo-Th 07:00-19:00; Fr 07:00-17:00; Sa 09:00-14:00",
        "phone": "+1-646-588-0082",
        "website": "https://www.graphenept.com"
      },
      "geometry": {
        "type": "Point",
        "coordinates": [
          -74.0131652,
          40.7062513
        ]
      },
      "id": "node/2824828281"
    },
    {
      "type": "Feature",
      "properties": {
        "@id": "node/2825071727",
        "addr:housenumber": "200",
        "addr:postcode": "10038",
        "addr:street": "Water Street",
        "amenity": "pharmacy",
        "brand": "Duane Reade",
        "brand:wikidata": "Q5310380",
        "dispensing": "yes",
        "healthcare": "pharmacy",
        "name": "Duane Reade",
        "opening_hours": "Mo-Fr 09:00-13:30, 14:00-19:00; Sa 09:00-13:30, 14:00-18:00 open \"Pharmacy\" || Mo-Su 07:00-23:00 open \"Store\"",
        "phone": "+1-212-825-0761",
        "website": "https://www.walgreens.com/locator/duane+reade-200+water+st-new+york-ny-10038/id=14436",
        "wheelchair": "yes"
      },
      "geometry": {
        "type": "Point",
        "coordinates": [
          -74.0044193,
          40.7074625
        ]
      },
      "id": "node/2825071727"
    },
    {
      "type": "Feature",
      "properties": {
        "@id": "node/2825157592",
        "addr:city": "New York",
        "addr:housenumber": "156",
        "addr:postcode": "10038",
        "addr:state": "NY",
        "addr:street": "William Street",
        "amenity": "clinic",
        "healthcare": "clinic",
        "name": "Liberty Endoscopy Center",
        "website": "https://www.libertyendoscopy.com/"
      },
      "geometry": {
        "type": "Point",
        "coordinates": [
          -74.0058611,
          40.7100239
        ]
      },
      "id": "node/2825157592"
    },
    {
      "type": "Feature",
      "properties": {
        "@id": "node/2826472416",
        "addr:housenumber": "19",
        "addr:postcode": "10002",
        "addr:street": "Bowery",
        "amenity": "doctors",
        "healthcare": "doctor",
        "name": "Confucius Plaza Medical Offices",
        "phone": "+1-212-431-4333"
      },
      "geometry": {
        "type": "Point",
        "coordinates": [
          -73.9967375,
          40.7146868
        ]
      },
      "id": "node/2826472416"
    },
    {
      "type": "Feature",
      "properties": {
        "@id": "node/2826472423",
        "addr:housenumber": "25",
        "addr:postcode": "10002",
        "addr:street": "Bowery",
        "amenity": "pharmacy",
        "healthcare": "pharmacy",
        "name": "Confucious Pharmacy",
        "shop": "chemist"
      },
      "geometry": {
        "type": "Point",
        "coordinates": [
          -73.9965882,
          40.714758
        ]
      },
      "id": "node/2826472423"
    },
    {
      "type": "Feature",
      "properties": {
        "@id": "node/2827157707",
        "addr:housenumber": "308",
        "addr:postcode": "10016",
        "addr:street": "East 38th Street",
        "addr:unit": "Suite 201",
        "healthcare": "psychotherapist",
        "name": "OCD NYC",
        "phone": "+1-646-415-7268",
        "website": "https://www.ocdnyc.com"
      },
      "geometry": {
        "type": "Point",
        "coordinates": [
          -73.9734586,
          40.7468712
        ]
      },
      "id": "node/2827157707"
    },
    {
      "type": "Feature",
      "properties": {
        "@id": "node/2827168692",
        "addr:housenumber": "724",
        "addr:postcode": "10016",
        "addr:street": "2nd Avenue",
        "healthcare": "clinic",
        "healthcare:speciality": "epilepsy;sleep",
        "name": "NYU Langone Comprehensive Epilepsy Center - Sleep Center",
        "operator": "NYU Langone Health",
        "phone": "+1-929-455-2323",
        "website": "https://nyulangone.org/locations/comprehensive-epilepsy-center-sleep-center"
      },
      "geometry": {
        "type": "Point",
        "coordinates": [
          -73.9735098,
          40.7476687
        ]
      },
      "id": "node/2827168692"
    },
    {
      "type": "Feature",
      "properties": {
        "@id": "node/2853687685",
        "addr:city": "New York",
        "addr:housenumber": "500",
        "addr:postcode": "10036",
        "addr:state": "NY",
        "addr:street": "West 42nd Street",
        "amenity": "pharmacy",
        "branch": "500 W. 42nd St",
        "brand": "CVS Pharmacy",
        "brand:website": "https://www.cvs.com/",
        "brand:wikidata": "Q2078880",
        "check_date": "2024-10-07",
        "dispensing": "yes",
        "healthcare": "pharmacy",
        "name": "CVS Pharmacy",
        "opening_hours": "Mo-Fr 08:00-21:00; Sa, Su 09:00-18:00 open \"Pharmacy\" || 07:00-24:00 open \"Store\"",
        "ref": "2940",
        "short_name": "CVS",
        "website": "https://www.cvs.com/store-locator/new-york-ny-pharmacies/500-w-42nd-st-new-york-ny-10036/storeid=2940",
        "wheelchair": "no"
      },
      "geometry": {
        "type": "Point",
        "coordinates": [
          -73.9958348,
          40.7594639
        ]
      },
      "id": "node/2853687685"
    },
    {
      "type": "Feature",
      "properties": {
        "@id": "node/2869155564",
        "addr:housenumber": "4046",
        "addr:street": "Broadway",
        "amenity": "pharmacy",
        "brand": "Rite Aid",
        "brand:wikidata": "Q3433273",
        "check_date": "2024-06-19",
        "drive_through": "no",
        "healthcare": "pharmacy",
        "name": "Rite Aid",
        "website": "https://www.riteaid.com/locations/ny/new-york/4046-broadway.html"
      },
      "geometry": {
        "type": "Point",
        "coordinates": [
          -73.9389895,
          40.8428185
        ]
      },
      "id": "node/2869155564"
    },
    {
      "type": "Feature",
      "properties": {
        "@id": "node/2895824205",
        "addr:city": "New York",
        "addr:housenumber": "110",
        "addr:postcode": "10013",
        "addr:state": "NY",
        "addr:street": "Lafayette Street",
        "addr:unit": "503",
        "email": "help@myeyephysicians.com",
        "healthcare": "optometrist",
        "healthcare:speciality": "ophthalmology;optometry",
        "name": "Eye Physicians",
        "opening_hours": "Mo-Tu 08:00-17:00; We 08:00-19:00; Fr-Sa 08:00-17:00",
        "payment:cash": "yes",
        "payment:cheque": "yes",
        "payment:credit_cards": "yes",
        "phone": "+1-212-292-4814",
        "start_date": "2023",
        "website": "https://www.myeyephysicians.com/"
      },
      "geometry": {
        "type": "Point",
        "coordinates": [
          -74.0008926,
          40.7182523
        ]
      },
      "id": "node/2895824205"
    },
    {
      "type": "Feature",
      "properties": {
        "@id": "node/2967530069",
        "addr:city": "New York",
        "addr:housenumber": "421",
        "addr:postcode": "10023",
        "addr:state": "NY",
        "addr:street": "West 57th Street",
        "amenity": "dentist",
        "email": "ronaldbirnbaumdds@gmail.com",
        "emergency": "yes",
        "healthcare": "dentist",
        "name": "The Dental Office of Dr. Ronald Birnbaum",
        "opening_hours": "Mo-Th 09:00-17:00; Fr 09:00-14:30",
        "phone": "+1-212-2033502",
        "website": "http://www.drbirnbaum.com"
      },
      "geometry": {
        "type": "Point",
        "coordinates": [
          -73.9865467,
          40.7684614
        ]
      },
      "id": "node/2967530069"
    },
    {
      "type": "Feature",
      "properties": {
        "@id": "node/3058719812",
        "addr:city": "New York",
        "addr:housenumber": "165",
        "addr:postcode": "10038",
        "addr:street": "William Street",
        "amenity": "pharmacy",
        "healthcare": "pharmacy",
        "name": "Downtown Pharmacy",
        "website": "https://www.downtownpharmacy.com/"
      },
      "geometry": {
        "type": "Point",
        "coordinates": [
          -74.0058889,
          40.7102494
        ]
      },
      "id": "node/3058719812"
    },
    {
      "type": "Feature",
      "properties": {
        "@id": "node/3137607929",
        "addr:suite": "103",
        "amenity": "doctors",
        "healthcare": "doctor",
        "healthcare:speciality": "dermatology",
        "name": "Manhattan Dermatology",
        "opening_hours": "Mo-Th 08:00-17:00; Fr 08:00-12:00,13:00-16:00"
      },
      "geometry": {
        "type": "Point",
        "coordinates": [
          -96.6044203,
          39.1977274
        ]
      },
      "id": "node/3137607929"
    },
    {
      "type": "Feature",
      "properties": {
        "@id": "node/3150138768",
        "amenity": "pharmacy",
        "brand": "Rite Aid",
        "brand:wikidata": "Q3433273",
        "healthcare": "pharmacy",
        "name": "Rite Aid",
        "wheelchair": "yes"
      },
      "geometry": {
        "type": "Point",
        "coordinates": [
          -74.00035,
          40.7118773
        ]
      },
      "id": "node/3150138768"
    },
    {
      "type": "Feature",
      "properties": {
        "@id": "node/3248774667",
        "addr:city": "New York",
        "addr:housenumber": "2191",
        "addr:postcode": "10024",
        "addr:state": "NY",
        "addr:street": "Broadway",
        "amenity": "pharmacy",
        "healthcare": "pharmacy",
        "name": "Apthorp Pharmacy",
        "website": "https://www.apthorprx.com/",
        "wheelchair": "yes"
      },
      "geometry": {
        "type": "Point",
        "coordinates": [
          -73.9809033,
          40.7829569
        ]
      },
      "id": "node/3248774667"
    },
    {
      "type": "Feature",
      "properties": {
        "@id": "node/3273383613",
        "addr:city": "New York",
        "addr:housenumber": "2182",
        "addr:postcode": "10025",
        "addr:street": "Broadway",
        "amenity": "pharmacy",
        "brand": "CVS Pharmacy",
        "brand:website": "https://www.cvs.com/",
        "brand:wikidata": "Q2078880",
        "check_date": "2023-09-05",
        "dispensing": "yes",
        "drive_through": "no",
        "healthcare": "pharmacy",
        "name": "CVS Pharmacy",
        "opening_hours": "Mo-Fr 08:00-21:00; Sa, Su 09:00-18:00 open \"Pharmacy\" || 00:00-24:00 open \"Store\"",
        "phone": "+1-212-799-0102",
        "ref": "6066",
        "short_name": "CVS",
        "website": "https://www.cvs.com/store-locator/new-york-ny-pharmacies/2182-broadway-btwn-77th-and-78th-st-new-york-ny-10024/storeid=4014",
        "wheelchair": "yes"
      },
      "geometry": {
        "type": "Point",
        "coordinates": [
          -73.9804686,
          40.7824879
        ]
      },
      "id": "node/3273383613"
    },
    {
      "type": "Feature",
      "properties": {
        "@id": "node/3448731711",
        "amenity": "pharmacy",
        "check_date": "2024-07-24",
        "healthcare": "pharmacy",
        "name": "Goldberg's Pharmacy",
        "opening_hours": "Mo-Th 08:30-20:00; Fr 08:30-19:00; Sa 09:00-16:00"
      },
      "geometry": {
        "type": "Point",
        "coordinates": [
          -73.9591112,
          40.7631454
        ]
      },
      "id": "node/3448731711"
    },
    {
      "type": "Feature",
      "properties": {
        "@id": "node/3449999556",
        "amenity": "pharmacy",
        "healthcare": "pharmacy",
        "name": "SB Pharmacy"
      },
      "geometry": {
        "type": "Point",
        "coordinates": [
          -73.9412506,
          40.8052533
        ]
      },
      "id": "node/3449999556"
    },
    {
      "type": "Feature",
      "properties": {
        "@id": "node/3573454465",
        "amenity": "dentist",
        "healthcare": "dentist"
      },
      "geometry": {
        "type": "Point",
        "coordinates": [
          -96.563323,
          39.1784251
        ]
      },
      "id": "node/3573454465"
    },
    {
      "type": "Feature",
      "properties": {
        "@id": "node/3580458505",
        "addr:city": "New York",
        "addr:housenumber": "227",
        "addr:postcode": "10009",
        "addr:state": "NY",
        "addr:street": "Avenue B",
        "amenity": "pharmacy",
        "drive_through": "no",
        "healthcare": "pharmacy",
        "name": "Medilane Drugs",
        "opening_hours": "Mo-Fr 09:30-18:00; Sa 10:30-18:00"
      },
      "geometry": {
        "type": "Point",
        "coordinates": [
          -73.9781027,
          40.7291253
        ]
      },
      "id": "node/3580458505"
    },
    {
      "type": "Feature",
      "properties": {
        "@id": "node/3590689284",
        "addr:housenumber": "1622",
        "addr:postcode": "10128",
        "addr:street": "3rd Avenue",
        "amenity": "pharmacy",
        "atm": "yes",
        "brand": "CVS Pharmacy",
        "brand:website": "https://www.cvs.com/",
        "brand:wikidata": "Q2078880",
        "drive_through": "no",
        "healthcare": "pharmacy",
        "name": "CVS Pharmacy",
        "opening_hours": "07:00-24:00 open \"Store\" || Mo-Fr 08:00-21:00; Sa 09:00-18:00; Su 09:00-17:00 open \"Pharmacy\"",
        "phone": "+1-212-876-7016",
        "ref": "2036",
        "short_name": "CVS",
        "website": "https://www.cvs.com/store-locator/new-york-ny-pharmacies/1622-third-ave-borough-of-manhattan-new-york-ny-10128/storeid=2036",
        "wheelchair": "yes"
      },
      "geometry": {
        "type": "Point",
        "coordinates": [
          -73.9517811,
          40.7822254
        ]
      },
      "id": "node/3590689284"
    },
    {
      "type": "Feature",
      "properties": {
        "@id": "node/3676757691",
        "addr:city": "New York",
        "addr:housenumber": "216",
        "addr:postcode": "10003",
        "addr:state": "NY",
        "addr:street": "East 14th Street",
        "amenity": "clinic",
        "branch": "East 14th",
        "brand": "CityMD",
        "healthcare": "clinic",
        "name": "CityMD",
        "opening_hours": "Mo-Fr 08:00-20:00; Sa, Su 09:00-17:00",
        "operator": "CityMD",
        "operator:type": "private",
        "operator:wikidata": "Q22295471",
        "operator:wikipedia": "en:CityMD",
        "phone": "+1-212-256-1049",
        "website": "https://www.citymd.com/urgent-care-locations/ny/new-york/east-14th/022"
      },
      "geometry": {
        "type": "Point",
        "coordinates": [
          -73.9865496,
          40.73285
        ]
      },
      "id": "node/3676757691"
    },
    {
      "type": "Feature",
      "properties": {
        "@id": "node/3738021109",
        "addr:city": "New York",
        "addr:housenumber": "39",
        "addr:street": "Broadway",
        "amenity": "dentist",
        "healthcare": "dentist",
        "level": "21",
        "name": "Exchange Dental",
        "wheelchair": "no"
      },
      "geometry": {
        "type": "Point",
        "coordinates": [
          -74.0127792,
          40.7068085
        ]
      },
      "id": "node/3738021109"
    },
    {
      "type": "Feature",
      "properties": {
        "@id": "node/3785164286",
        "addr:city": "New York",
        "addr:housenumber": "4",
        "addr:postcode": "10023",
        "addr:state": "NY",
        "addr:street": "Amsterdam Avenue",
        "amenity": "pharmacy",
        "brand": "Duane Reade",
        "brand:wikidata": "Q5310380",
        "dispensing": "yes",
        "drive_through": "no",
        "healthcare": "pharmacy",
        "level": "0",
        "name": "Duane Reade",
        "opening_hours": "Mo-Su 07:00-23:00",
        "operator": "Duane Reade",
        "payment:american_express": "yes",
        "payment:cash": "yes",
        "payment:contactless": "yes",
        "payment:discover_card": "yes",
        "payment:mastercard": "yes",
        "payment:visa": "yes",
        "phone": "+1-212-581-5527",
        "toilets:wheelchair": "no",
        "website": "https://www.walgreens.com/locator/walgreens-4+amsterdam+ave-new+york-ny-10023/id=14181",
        "wheelchair": "yes"
      },
      "geometry": {
        "type": "Point",
        "coordinates": [
          -73.9876967,
          40.7706209
        ]
      },
      "id": "node/3785164286"
    },
    {
      "type": "Feature",
      "properties": {
        "@id": "node/3785189256",
        "addr:city": "New York",
        "addr:housenumber": "316",
        "addr:postcode": "10019",
        "addr:state": "NY",
        "addr:street": "West 58th Street",
        "amenity": "pharmacy",
        "branch": "4 Columbus Circle",
        "brand": "Duane Reade",
        "brand:wikidata": "Q5310380",
        "healthcare": "pharmacy",
        "name": "Duane Reade",
        "opening_hours": "24/7 open \"Store\" || Mo-Fr 09:00-17:00 open \"Pharmacy\"",
        "phone": "+1 212-265-2302",
        "website": "https://www.walgreens.com/locator/walgreens-4+columbus+cir-new+york-ny-10019/id=14272",
        "wheelchair": "limited"
      },
      "geometry": {
        "type": "Point",
        "coordinates": [
          -73.9828738,
          40.7674908
        ]
      },
      "id": "node/3785189256"
    },
    {
      "type": "Feature",
      "properties": {
        "@id": "node/3819620507",
        "addr:city": "New York",
        "addr:housenumber": "194",
        "addr:postcode": "10009",
        "addr:state": "NY",
        "addr:street": "East 2nd Street",
        "amenity": "pharmacy",
        "atm": "yes",
        "brand": "Duane Reade",
        "brand:wikidata": "Q5310380",
        "dispensing": "yes",
        "drink:beer": "yes",
        "drink:wine": "low_alcohol",
        "healthcare": "pharmacy",
        "name": "Duane Reade",
        "opening_hours": "Mo-Su 07:00-23:00 \"shop\" ||Mo-Fr 09:00-13:30,14:00-20:00, Sa 09:00-13:30,14:00-18:00, Su 10:00-13:30,14:00-18:00 \"pharmacy\"",
        "phone": "+1 212-375-9000",
        "ref": "14354",
        "shop": "convenience",
        "website": "https://www.walgreens.com/locator/duane+reade-194+e+2nd+st-new+york-ny-10009/id=14354",
        "wheelchair": "yes"
      },
      "geometry": {
        "type": "Point",
        "coordinates": [
          -73.9834826,
          40.7221425
        ]
      },
      "id": "node/3819620507"
    },
    {
      "type": "Feature",
      "properties": {
        "@id": "node/3829617016",
        "amenity": "clinic",
        "healthcare": "clinic",
        "name": "Chai Care Urgent Care"
      },
      "geometry": {
        "type": "Point",
        "coordinates": [
          -73.9719152,
          40.7498999
        ]
      },
      "id": "node/3829617016"
    },
    {
      "type": "Feature",
      "properties": {
        "@id": "node/3839148421",
        "amenity": "pharmacy",
        "atm": "yes",
        "brand": "CVS Pharmacy",
        "brand:website": "https://www.cvs.com/",
        "brand:wikidata": "Q2078880",
        "drink:beer": "no",
        "healthcare": "pharmacy",
        "name": "CVS Pharmacy",
        "opening_hours": "Mo-Su 07:00-24:00 \"shop\"||Mo-Fr 08:00-21:00; Sa-Su 10:00-18:00 \"pharmacy\"",
        "shop": "convenience",
        "short_name": "CVS",
        "website": "https://www.cvs.com/store-locator/new-york-ny-pharmacies/222-east-34th-street-between-2nd-and-3rd-ave-new-york-ny-10016/storeid=8968"
      },
      "geometry": {
        "type": "Point",
        "coordinates": [
          -73.976532,
          40.7448853
        ]
      },
      "id": "node/3839148421"
    },
    {
      "type": "Feature",
      "properties": {
        "@id": "node/3839148422",
        "addr:city": "New York",
        "addr:housenumber": "222",
        "addr:postcode": "10016",
        "addr:state": "NY",
        "addr:street": "East 34th Street",
        "amenity": "doctors",
        "healthcare": "doctor",
        "healthcare:speciality": "gynaecology",
        "name": "Maiden Lane Medical",
        "website": "https://maidenlanemedical.com/our-locations/walk-in-gynecology/"
      },
      "geometry": {
        "type": "Point",
        "coordinates": [
          -73.9767712,
          40.7449859
        ]
      },
      "id": "node/3839148422"
    },
    {
      "type": "Feature",
      "properties": {
        "@id": "node/3841256248",
        "addr:housenumber": "477",
        "addr:postcode": "10016",
        "addr:street": "3rd Avenue",
        "amenity": "pharmacy",
        "level": "-1",
        "name": "Zayan Pharmacy",
        "opening_hours": "Mo-Su 10:00-22:00 \"shop\"||Mo-Sa 11:00-19:00 \"pharmacy\"",
        "phone": "+1-646-537-1117",
        "shop": "chemist",
        "website": "https://www.zayanpharmacy.com"
      },
      "geometry": {
        "type": "Point",
        "coordinates": [
          -73.9786577,
          40.7445246
        ]
      },
      "id": "node/3841256248"
    },
    {
      "type": "Feature",
      "properties": {
        "@id": "node/3847048441",
        "addr:housenumber": "205",
        "addr:postcode": "10016",
        "addr:street": "Lexington Avenue",
        "amenity": "clinic",
        "branch": "Midtown",
        "healthcare": "clinic",
        "name": "New York Doctors Urgent Care",
        "opening_hours": "Mo-Fr 08:00-20:00; Sa, Su 09:00-16:00",
        "phone": "+1 212-684-4700",
        "website": "https://www.newyorkdoctorsurgentcare.com"
      },
      "geometry": {
        "type": "Point",
        "coordinates": [
          -73.9804205,
          40.7451494
        ]
      },
      "id": "node/3847048441"
    },
    {
      "type": "Feature",
      "properties": {
        "@id": "node/3958232660",
        "alt_name": "Glamoi Med Spa",
        "amenity": "doctors",
        "healthcare": "doctor",
        "name": "Heart Vein NYC",
        "phone": "+1-212-226-8000"
      },
      "geometry": {
        "type": "Point",
        "coordinates": [
          -73.9926061,
          40.7434844
        ]
      },
      "id": "node/3958232660"
    },
    {
      "type": "Feature",
      "properties": {
        "@id": "node/3968568288",
        "addr:housenumber": "750",
        "addr:postcode": "10010",
        "addr:street": "6th Avenue",
        "amenity": "pharmacy",
        "brand": "CVS Pharmacy",
        "brand:website": "https://www.cvs.com/",
        "brand:wikidata": "Q2078880",
        "dispensing": "yes",
        "healthcare": "pharmacy",
        "name": "CVS Pharmacy",
        "opening_hours": "Mo-Fr 09:00-20:00; Sa 10:00-17:00; Su 11:00-16:00 open \"Pharmacy\" || 07:00-24:00 open \"Store\"",
        "phone": "+1 646-336-8388",
        "ref": "2671",
        "short_name": "CVS",
        "website": "https://www.cvs.com/store-locator/cvs-pharmacy-address/750+Sixth+Avenue+Btwn.+24th+And+25th+St.-New+York-NY-10010/storeid=2671",
        "wheelchair": "yes"
      },
      "geometry": {
        "type": "Point",
        "coordinates": [
          -73.9917475,
          40.7440131
        ]
      },
      "id": "node/3968568288"
    },
    {
      "type": "Feature",
      "properties": {
        "@id": "node/3972451775",
        "addr:city": "New York",
        "addr:housenumber": "68",
        "addr:postcode": "10013",
        "addr:state": "NY",
        "addr:street": "Bayard Street",
        "amenity": "clinic",
        "healthcare": "clinic",
        "name": "Bayard Street Obstetrics and Gynecology",
        "name:zh": "擺也婦產科",
        "phone": "+1 212 226-5530",
        "website": "http://bayardstobgyn.com/"
      },
      "geometry": {
        "type": "Point",
        "coordinates": [
          -73.9980907,
          40.7155941
        ]
      },
      "id": "node/3972451775"
    },
    {
      "type": "Feature",
      "properties": {
        "@id": "node/3977462059",
        "addr:city": "New York",
        "addr:housenumber": "611",
        "addr:postcode": "10012",
        "addr:state": "NY",
        "addr:street": "Broadway",
        "amenity": "doctors",
        "email": "dhlifschutzmd@gmail.com",
        "healthcare": "doctor",
        "healthcare:speciality": "psychiatry",
        "name": "Dr. David H. Lifschutz MD",
        "phone": "+1-212-529-2733",
        "website": "http://drdavidhlifschutzmd.com"
      },
      "geometry": {
        "type": "Point",
        "coordinates": [
          -73.9969815,
          40.7258985
        ]
      },
      "id": "node/3977462059"
    },
    {
      "type": "Feature",
      "properties": {
        "@id": "node/3991220678",
        "addr:city": "New York",
        "addr:housenumber": "62",
        "addr:postcode": "10013",
        "addr:state": "NY",
        "addr:street": "Bayard Street",
        "amenity": "pharmacy",
        "healthcare": "pharmacy",
        "name": "Bayard L. C. Pharmacy",
        "name:zh": "惠民大藥房"
      },
      "geometry": {
        "type": "Point",
        "coordinates": [
          -73.9978469,
          40.7155025
        ]
      },
      "id": "node/3991220678"
    },
    {
      "type": "Feature",
      "properties": {
        "@id": "node/4149649616",
        "amenity": "pharmacy",
        "brand": "Walgreens",
        "brand:wikidata": "Q1591889",
        "healthcare": "pharmacy",
        "name": "Walgreens",
        "wheelchair": "limited"
      },
      "geometry": {
        "type": "Point",
        "coordinates": [
          -73.9998179,
          40.7438008
        ]
      },
      "id": "node/4149649616"
    },
    {
      "type": "Feature",
      "properties": {
        "@id": "node/4316449894",
        "amenity": "doctors",
        "healthcare": "doctor",
        "name": "Phillips Family Health Center"
      },
      "geometry": {
        "type": "Point",
        "coordinates": [
          -73.9919651,
          40.7366569
        ]
      },
      "id": "node/4316449894"
    },
    {
      "type": "Feature",
      "properties": {
        "@id": "node/4402180596",
        "amenity": "pharmacy",
        "brand": "Duane Reade",
        "brand:wikidata": "Q5310380",
        "cuisine": "burger",
        "healthcare": "pharmacy",
        "name": "Duane Reade",
        "opening_hours": "24/7",
        "takeaway": "yes",
        "wheelchair": "yes"
      },
      "geometry": {
        "type": "Point",
        "coordinates": [
          -73.9834959,
          40.7626458
        ]
      },
      "id": "node/4402180596"
    },
    {
      "type": "Feature",
      "properties": {
        "@id": "node/4403598891",
        "addr:unit": "5",
        "healthcare": "alternative",
        "healthcare:speciality": "chiropractic",
        "name": "Chiropractic Natural Health Care",
        "phone": "+1-785-539-9113"
      },
      "geometry": {
        "type": "Point",
        "coordinates": [
          -96.6056973,
          39.1919337
        ]
      },
      "id": "node/4403598891"
    },
    {
      "type": "Feature",
      "properties": {
        "@id": "node/4475004133",
        "addr:city": "New York",
        "addr:housenumber": "22",
        "addr:postcode": "10013",
        "addr:state": "NY",
        "addr:street": "Harrison Street",
        "amenity": "dentist",
        "check_date:opening_hours": "2023-11-06",
        "healthcare": "dentist",
        "healthcare:speciality": "orthodontics",
        "name": "Karpov Orthodontics",
        "opening_hours:signed": "no",
        "wheelchair": "yes"
      },
      "geometry": {
        "type": "Point",
        "coordinates": [
          -74.0098866,
          40.7188675
        ]
      },
      "id": "node/4475004133"
    },
    {
      "type": "Feature",
      "properties": {
        "@id": "node/4502527537",
        "addr:housenumber": "500",
        "addr:postcode": "10009",
        "addr:street": "East 14th Street",
        "branch": "East 14th Street",
        "healthcare": "laboratory",
        "healthcare:speciality": "radiology",
        "name": "Radiology Medical Arts",
        "phone": "+1-212-481-3333",
        "website": "https://www.14streetmedical.com/office-location/east-14-street-medicalarts"
      },
      "geometry": {
        "type": "Point",
        "coordinates": [
          -73.9795477,
          40.7298971
        ]
      },
      "id": "node/4502527537"
    },
    {
      "type": "Feature",
      "properties": {
        "@id": "node/4514800375",
        "addr:city": "New York",
        "addr:housenumber": "1791",
        "addr:postcode": "10029",
        "addr:state": "NY",
        "addr:street": "Lexington Avenue",
        "amenity": "dentist",
        "healthcare": "dentist",
        "name": "Maheshkumar Shah, DDS",
        "phone": "+1-212-876-3458",
        "website": "https://www.maheshkumarshahdds.com/"
      },
      "geometry": {
        "type": "Point",
        "coordinates": [
          -73.9435161,
          40.7956249
        ]
      },
      "id": "node/4514800375"
    },
    {
      "type": "Feature",
      "properties": {
        "@id": "node/4531465163",
        "addr:city": "New York",
        "addr:housenumber": "110",
        "addr:postcode": "10022",
        "addr:state": "NY",
        "addr:street": "East 59th Street",
        "addr:unit": "10b",
        "amenity": "doctors",
        "description": "Cardiologist",
        "healthcare": "doctor",
        "name": "Ellen Mellow MD",
        "phone": "+1-212-838-0099",
        "website": "https://ellenmellowmd.com/"
      },
      "geometry": {
        "type": "Point",
        "coordinates": [
          -73.9694454,
          40.7623775
        ]
      },
      "id": "node/4531465163"
    },
    {
      "type": "Feature",
      "properties": {
        "@id": "node/4544382243",
        "addr:city": "New York",
        "addr:country": "US",
        "addr:housenumber": "251",
        "addr:postcode": "10022",
        "addr:state": "NY",
        "addr:street": "East 51st Street",
        "amenity": "dentist",
        "fax": "+1-212-759-7041",
        "healthcare": "dentist",
        "name": "Andrew M. Lutzker, D.M.D.",
        "phone": "+1-212-755-9228",
        "website": "http://andrewlutzkerdmd.com"
      },
      "geometry": {
        "type": "Point",
        "coordinates": [
          -73.9683307,
          40.7557215
        ]
      },
      "id": "node/4544382243"
    },
    {
      "type": "Feature",
      "properties": {
        "@id": "node/4573328358",
        "addr:city": "New York",
        "addr:housenumber": "200",
        "addr:postcode": "10019",
        "addr:state": "NY",
        "addr:street": "Central Park South",
        "addr:unit": "209",
        "amenity": "dentist",
        "description": "Dental Clinic",
        "healthcare": "dentist",
        "name": "Central Park South Dental Care",
        "phone": "+1-212-265-2021",
        "website": "https://www.200centralparkdental.com/"
      },
      "geometry": {
        "type": "Point",
        "coordinates": [
          -73.9794844,
          40.7666586
        ]
      },
      "id": "node/4573328358"
    },
    {
      "type": "Feature",
      "properties": {
        "@id": "node/4574599073",
        "addr:city": "New York",
        "addr:housenumber": "51",
        "addr:postcode": "10010",
        "addr:state": "NY",
        "addr:street": "East 25th Street",
        "addr:unit": "400",
        "amenity": "clinic",
        "description": "Prevention and treatment of cardiovascular diseases",
        "email": "help@cardiologistmidtownnyc.com",
        "healthcare": "doctor",
        "healthcare:speciality": "cardiology",
        "level": "4",
        "name": "Manhattan Cardiovascular Associates",
        "phone": "+1-212-686-0066",
        "website": "http://www.cardiologistmidtownnyc.com;https://www.cardiologistmidtownnyc.com/"
      },
      "geometry": {
        "type": "Point",
        "coordinates": [
          -73.9861417,
          40.7419489
        ]
      },
      "id": "node/4574599073"
    },
    {
      "type": "Feature",
      "properties": {
        "@id": "node/4574842788",
        "addr:city": "New York",
        "addr:housenumber": "51",
        "addr:postcode": "10010",
        "addr:state": "NY",
        "addr:street": "East 25th Street",
        "addr:unit": "451",
        "amenity": "doctors",
        "contact:facebook": "https://www.facebook.com/gynecologistnyc",
        "email": "info@obgynecologistnyc.com",
        "healthcare": "doctor",
        "healthcare:speciality": "gynaecology",
        "name": "Manhattan Women's Health & Wellness",
        "opening_hours": "Mo-Th 08:00-19:00, Fr 08:00-17:00",
        "operator": "Dr. Fernando Mariz",
        "operator:type": "private",
        "payment:american_express": "yes",
        "payment:cash": "yes",
        "payment:cheque": "yes",
        "payment:credit_cards": "yes",
        "payment:mastercard": "yes",
        "payment:visa": "yes",
        "phone": "+1 212-677-7654",
        "website": "https://www.obgynecologistnyc.com"
      },
      "geometry": {
        "type": "Point",
        "coordinates": [
          -73.9861037,
          40.7419327
        ]
      },
      "id": "node/4574842788"
    },
    {
      "type": "Feature",
      "properties": {
        "@id": "node/4574865713",
        "addr:city": "New York",
        "addr:housenumber": "155",
        "addr:postcode": "10022",
        "addr:state": "NY",
        "addr:street": "E 55th St Ste. 301",
        "amenity": "dentist",
        "description": "Cosmetic Dentistry Center",
        "email": "help@midtowndentalspecialists.com",
        "healthcare": "dentist",
        "name": "Midtown Dental Group",
        "name:en": "Midtown Dental Group",
        "phone": "+1-212-759-5595",
        "website": "https://www.midtowndentalspecialists.com/"
      },
      "geometry": {
        "type": "Point",
        "coordinates": [
          -73.9690793,
          40.7594041
        ]
      },
      "id": "node/4574865713"
    },
    {
      "type": "Feature",
      "properties": {
        "@id": "node/4703808296",
        "addr:housenumber": "160",
        "addr:postcode": "10016",
        "addr:street": "East 32nd Street",
        "addr:unit": "3rd Floor",
        "amenity": "clinic",
        "healthcare": "clinic",
        "healthcare:speciality": "paediatrics;cardiology;gastroenterology",
        "level": "2",
        "name": "NYU Fink Children's Ambulatory Care Center",
        "operator": "NYU Langone Health",
        "operator:type": "private",
        "operator:wikidata": "Q6956114",
        "website": "https://nyulangone.org/locations/fink-childrens-ambulatory-care-center"
      },
      "geometry": {
        "type": "Point",
        "coordinates": [
          -73.9800632,
          40.7446445
        ]
      },
      "id": "node/4703808296"
    },
    {
      "type": "Feature",
      "properties": {
        "@id": "node/4708339696",
        "addr:city": "New York",
        "addr:housenumber": "7",
        "addr:postcode": "10036",
        "addr:state": "NY",
        "addr:street": "West 45th Street",
        "addr:unit": "Floor 9",
        "email": "info@manhattanpainrelief.com",
        "fax": "+1-212-867-2255",
        "healthcare": "physiotherapist",
        "healthcare:speciality": "physical_therapy;sports_medicine;acupuncture",
        "image": "https://manhattanpainrelief.com/wp-content/uploads/2020/04/empire-physical-medicine-and-pain-management-logo-150x150.png.webp",
        "name": "Midtown Physical Therapy By Empire PT",
        "opening_hours": "Mo,We 11:00-20:00; Tu,Th,Fr 08:00-20:00; Sa,Su closed",
        "operator": "Steven Moalemi",
        "payment:american_express": "yes",
        "payment:cash": "yes",
        "payment:credit_cards": "yes",
        "payment:discover_card": "yes",
        "payment:mastercard": "yes",
        "payment:visa": "yes",
        "phone": "+1-646-665-7109",
        "start_date": "2006",
        "website": "https://manhattanpainrelief.com"
      },
      "geometry": {
        "type": "Point",
        "coordinates": [
          -73.980278,
          40.7560467
        ]
      },
      "id": "node/4708339696"
    },
    {
      "type": "Feature",
      "properties": {
        "@id": "node/4744604728",
        "addr:city": "New York",
        "addr:housenumber": "51",
        "addr:postcode": "10010",
        "addr:state": "NY",
        "addr:street": "East 25th Street",
        "addr:unit": "432",
        "amenity": "doctors",
        "email": "info@varicoseveinscenternyc.com",
        "fax": "+1-212-427-8762",
        "healthcare": "doctor",
        "healthcare:speciality": "vascular_surgery;varicose_treatments;vein",
        "name": "Varicose Vein Treatments Center",
        "opening_hours": "Mo-Th 08:00-19:00; Fr 08:00-17:00",
        "operator": "Dr. Susan Bard",
        "operator:type": "private",
        "payment:american_express": "yes",
        "payment:cash": "yes",
        "payment:cheque": "yes",
        "payment:credit_cards": "yes",
        "payment:mastercard": "yes",
        "payment:visa": "yes",
        "phone": "+1-212-389-1326",
        "website": "https://www.varicoseveinscenternyc.com"
      },
      "geometry": {
        "type": "Point",
        "coordinates": [
          -73.9861944,
          40.7419652
        ]
      },
      "id": "node/4744604728"
    },
    {
      "type": "Feature",
      "properties": {
        "@id": "node/4792165602",
        "amenity": "pharmacy",
        "healthcare": "pharmacy"
      },
      "geometry": {
        "type": "Point",
        "coordinates": [
          -73.9935878,
          40.7139189
        ]
      },
      "id": "node/4792165602"
    },
    {
      "type": "Feature",
      "properties": {
        "@id": "node/4810122821",
        "amenity": "pharmacy",
        "brand": "Duane Reade",
        "brand:wikidata": "Q5310380",
        "check_date": "2023-12-06",
        "healthcare": "pharmacy",
        "name": "Duane Reade",
        "name:en": "Duane Reade"
      },
      "geometry": {
        "type": "Point",
        "coordinates": [
          -73.9628489,
          40.7630218
        ]
      },
      "id": "node/4810122821"
    },
    {
      "type": "Feature",
      "properties": {
        "@id": "node/4828045222",
        "amenity": "clinic",
        "healthcare": "clinic",
        "name": "Medrite Urgent Care"
      },
      "geometry": {
        "type": "Point",
        "coordinates": [
          -73.993515,
          40.7239975
        ]
      },
      "id": "node/4828045222"
    },
    {
      "type": "Feature",
      "properties": {
        "@id": "node/4844172522",
        "addr:housenumber": "779",
        "addr:postcode": "10003",
        "addr:street": "Broadway",
        "amenity": "pharmacy",
        "healthcare": "pharmacy",
        "name": "Broadway Apothecary",
        "opening_hours": "Mo-Fr 09:00-18:00",
        "phone": "+1-212-961-6681"
      },
      "geometry": {
        "type": "Point",
        "coordinates": [
          -73.9918751,
          40.7314756
        ]
      },
      "id": "node/4844172522"
    },
    {
      "type": "Feature",
      "properties": {
        "@id": "node/4852149821",
        "addr:housenumber": "661",
        "addr:street": "9th Avenue",
        "amenity": "pharmacy",
        "contact:email": "support@mistr.com",
        "dispensing": "yes",
        "fax": "+1 786-513-6480",
        "healthcare": "pharmacy",
        "level": "0",
        "name": "Mistr",
        "opening_hours": "Mo-Fr 09:00-17:00",
        "phone": "+1 747-999-6249"
      },
      "geometry": {
        "type": "Point",
        "coordinates": [
          -73.9910634,
          40.760907
        ]
      },
      "id": "node/4852149821"
    },
    {
      "type": "Feature",
      "properties": {
        "@id": "node/4881021906",
        "addr:housenumber": "51",
        "addr:postcode": "10003",
        "addr:street": "Astor Place",
        "amenity": "pharmacy",
        "brand": "CVS Pharmacy",
        "brand:website": "https://www.cvs.com/",
        "brand:wikidata": "Q2078880",
        "healthcare": "pharmacy",
        "name": "CVS Pharmacy",
        "opening_hours": "24/7 \"shop\"||Mo-Fr 08:00-20:00; Sa-Su 09:00-18:00 \"pharmacy\"",
        "phone": "+1-212-777-1638",
        "shop": "convenience",
        "short_name": "CVS",
        "website": "https://www.cvs.com/store-locator/new-york-ny-pharmacies/51-astor-place-new-york-ny-10003/storeid=10828"
      },
      "geometry": {
        "type": "Point",
        "coordinates": [
          -73.9905041,
          40.7299609
        ]
      },
      "id": "node/4881021906"
    },
    {
      "type": "Feature",
      "properties": {
        "@id": "node/4928962212",
        "addr:city": "New York",
        "addr:housenumber": "3556",
        "addr:postcode": "10031",
        "addr:state": "NY",
        "addr:street": "Broadway",
        "amenity": "clinic",
        "branch": "West 146th",
        "brand": "CityMD",
        "healthcare": "clinic",
        "name": "CityMD",
        "opening_hours": "Mo-Fr 09:00-21:00; Sa, Su 09:00-17:00",
        "operator": "CityMD",
        "operator:wikidata": "Q22295471",
        "operator:wikipedia": "en:CityMD",
        "phone": "+1 212-271-4364",
        "website": "https://www.citymd.com/urgent-care-locations/ny/new-york/west-146th/044"
      },
      "geometry": {
        "type": "Point",
        "coordinates": [
          -73.9497877,
          40.8268934
        ]
      },
      "id": "node/4928962212"
    },
    {
      "type": "Feature",
      "properties": {
        "@id": "node/4961679622",
        "addr:city": "New York",
        "addr:housenumber": "121",
        "addr:postcode": "10065",
        "addr:state": "NY",
        "addr:street": "East 60th Street",
        "addr:unit": "6C2",
        "amenity": "dentist",
        "email": "info@nycdentalimplantscenter.com",
        "healthcare": "dentist",
        "name": "NYC Dental Implants Center",
        "opening_hours": "Mo-Th 08:00-18:00; Fr 08:00-14:00",
        "operator": "Dr. Navid Rahmani, DDS",
        "operator:type": "private",
        "payment:american_express": "yes",
        "payment:cash": "yes",
        "payment:cheque": "yes",
        "payment:credit_cards": "yes",
        "payment:mastercard": "yes",
        "payment:visa": "yes",
        "phone": "+1-212-256-0000",
        "start_date": "2007",
        "website": "https://www.nycdentalimplantscenter.com"
      },
      "geometry": {
        "type": "Point",
        "coordinates": [
          -73.9682947,
          40.7632689
        ]
      },
      "id": "node/4961679622"
    },
    {
      "type": "Feature",
      "properties": {
        "@id": "node/4961792323",
        "addr:housenumber": "51",
        "addr:postcode": "10010",
        "addr:street": "East 25th Street",
        "addr:unit": "B",
        "amenity": "doctors",
        "email": "help@painmanagementdoctornyc.com",
        "healthcare": "doctor",
        "healthcare:speciality": "orthopaedics",
        "level": "4",
        "name": "Manhattan Pain & Sports Associates",
        "phone": "+1-646-630-7958",
        "website": "https://www.painmanagementdoctornyc.com/"
      },
      "geometry": {
        "type": "Point",
        "coordinates": [
          -73.9861188,
          40.7419447
        ]
      },
      "id": "node/4961792323"
    },
    {
      "type": "Feature",
      "properties": {
        "@id": "node/4963204122",
        "addr:city": "New York",
        "addr:housenumber": "51",
        "addr:postcode": "10010",
        "addr:state": "NY",
        "addr:street": "East 25th Street",
        "addr:unit": "Ste 401",
        "amenity": "doctors",
        "email": "help@eyedoctorophthalmologistnyc.com",
        "healthcare": "doctor",
        "healthcare:speciality": "ophthalmology",
        "name": "Manhattan Eye Specialists",
        "phone": "+1-212-533-4821",
        "website": "https://www.eyedoctorophthalmologistnyc.com/"
      },
      "geometry": {
        "type": "Point",
        "coordinates": [
          -73.9860595,
          40.7419322
        ]
      },
      "id": "node/4963204122"
    },
    {
      "type": "Feature",
      "properties": {
        "@id": "node/4963317522",
        "addr:city": "New York",
        "addr:housenumber": "51",
        "addr:postcode": "10010",
        "addr:state": "NY",
        "addr:street": "East 25th Street",
        "addr:unit": "Ste 411",
        "amenity": "clinic",
        "email": "info@manhattandermatologistsnyc.com",
        "healthcare": "clinic",
        "healthcare:speciality": "dermatology",
        "name": "Manhattan Dermatology Specialists",
        "opening_hours": "Mo-Fr 08:00-18:00",
        "operator": "Dr. Susan Bard",
        "operator:type": "private",
        "payment:american_express": "yes",
        "payment:cash": "yes",
        "payment:cheque": "yes",
        "payment:credit_cards": "yes",
        "payment:mastercard": "yes",
        "payment:visa": "yes",
        "phone": "+1-212-889-2402",
        "website": "https://www.manhattandermatologistsnyc.com"
      },
      "geometry": {
        "type": "Point",
        "coordinates": [
          -73.9861819,
          40.7419686
        ]
      },
      "id": "node/4963317522"
    },
    {
      "type": "Feature",
      "properties": {
        "@id": "node/4971119413",
        "addr:city": "New York",
        "addr:housenumber": "247",
        "addr:postcode": "10035",
        "addr:state": "NY",
        "addr:street": "East 116th Street",
        "amenity": "dentist",
        "healthcare": "dentist",
        "name": "Family Dentist"
      },
      "geometry": {
        "type": "Point",
        "coordinates": [
          -73.9381479,
          40.7973261
        ]
      },
      "id": "node/4971119413"
    },
    {
      "type": "Feature",
      "properties": {
        "@id": "node/4971119418",
        "addr:city": "New York",
        "addr:housenumber": "2271",
        "addr:postcode": "10035",
        "addr:state": "NY",
        "addr:street": "2nd Avenue",
        "amenity": "clinic",
        "healthcare": "clinic",
        "name": "Iris House"
      },
      "geometry": {
        "type": "Point",
        "coordinates": [
          -73.937656,
          40.7974623
        ]
      },
      "id": "node/4971119418"
    },
    {
      "type": "Feature",
      "properties": {
        "@id": "node/4980494072",
        "addr:city": "New York",
        "addr:housenumber": "2371",
        "addr:postcode": "10035",
        "addr:state": "NY",
        "addr:street": "2nd Avenue",
        "amenity": "pharmacy",
        "healthcare": "pharmacy",
        "name": "East Harlem Pharmacy"
      },
      "geometry": {
        "type": "Point",
        "coordinates": [
          -73.9352849,
          40.8007155
        ]
      },
      "id": "node/4980494072"
    },
    {
      "type": "Feature",
      "properties": {
        "@id": "node/4998806121",
        "addr:housenumber": "825",
        "addr:postcode": "10003",
        "addr:street": "Broadway",
        "brand": "Cohen's Fashion Optical",
        "brand:wikidata": "Q5141313",
        "healthcare": "optometrist",
        "name": "Cohen's Fashion Optical",
        "opening_hours": "Mo-Fr 10:00-18:00",
        "phone": "+1-212-475-0999",
        "shop": "optician",
        "short_name": "Cohen's",
        "website": "https://www.cohensfashionoptical.com/locations/825-broadway/"
      },
      "geometry": {
        "type": "Point",
        "coordinates": [
          -73.9912177,
          40.73359
        ]
      },
      "id": "node/4998806121"
    },
    {
      "type": "Feature",
      "properties": {
        "@id": "node/5057178207",
        "addr:city": "New York",
        "addr:housenumber": "691",
        "addr:postcode": "10025",
        "addr:state": "NY",
        "addr:street": "Columbus Avenue",
        "amenity": "pharmacy",
        "dispensing": "yes",
        "drive_through": "no",
        "healthcare": "pharmacy",
        "name": "Ivan Pharmacy",
        "opening_hours": "Mo-Fr 09:00-19:00, Sa 09:30-18:00",
        "operator": "Ivan",
        "phone": "+1-212-222-4400",
        "website": "https://ivanpharmacy.com/"
      },
      "geometry": {
        "type": "Point",
        "coordinates": [
          -73.9684153,
          40.7911989
        ]
      },
      "id": "node/5057178207"
    },
    {
      "type": "Feature",
      "properties": {
        "@id": "node/5069122223",
        "alt_name": "New York City Pharmacy",
        "amenity": "pharmacy",
        "healthcare": "pharmacy",
        "name": "NYC Pharmacy",
        "opening_hours": "Mo-Fr 10:00-19:00; Sa 10:00-17:00",
        "phone": "+1-212-253-8686"
      },
      "geometry": {
        "type": "Point",
        "coordinates": [
          -73.983134,
          40.730245
        ]
      },
      "id": "node/5069122223"
    },
    {
      "type": "Feature",
      "properties": {
        "@id": "node/5090744923",
        "addr:housenumber": "1091",
        "addr:postcode": "10075",
        "addr:street": "Lexington Avenue",
        "amenity": "pharmacy",
        "atm": "yes",
        "brand": "Duane Reade",
        "brand:wikidata": "Q5310380",
        "dispensing": "yes",
        "drink:beer": "yes",
        "drink:wine": "yes",
        "healthcare": "pharmacy",
        "name": "Duane Reade",
        "opening_hours": "00:00-24:00 open \"Store\" || Mo-Fr 08:00-20:00; Sa 09:00-18:00; Su 10:00-17:00 open \"Pharmacy\"",
        "phone": "+1 212-794-7100",
        "ref": "14292",
        "website": "https://www.walgreens.com/locator/duane+reade-1091+lexington+ave-new+york-ny-10075/id=14292"
      },
      "geometry": {
        "type": "Point",
        "coordinates": [
          -73.9598763,
          40.7733433
        ]
      },
      "id": "node/5090744923"
    },
    {
      "type": "Feature",
      "properties": {
        "@id": "node/5152323299",
        "addr:housenumber": "60",
        "addr:postcode": "10012",
        "addr:street": "Spring Street",
        "amenity": "pharmacy",
        "brand": "Duane Reade",
        "brand:wikidata": "Q5310380",
        "dispensing": "yes",
        "drive_through": "no",
        "healthcare": "pharmacy",
        "level": "0;-1",
        "name": "Duane Reade",
        "opening_hours": "24/7",
        "opening_hours:pharmacy": "Mo-Fr 09:00-13:30,14:00-19:00; Sa 09:00-13:30,14:00-18:00",
        "phone": "+1-212-925-5307",
        "website": "https://www.walgreens.com/locator/duane+reade-60+spring+st-new+york-ny-10012/id=14480"
      },
      "geometry": {
        "type": "Point",
        "coordinates": [
          -73.9969948,
          40.722136
        ]
      },
      "id": "node/5152323299"
    },
    {
      "type": "Feature",
      "properties": {
        "@id": "node/5161825323",
        "addr:housenumber": "31-33",
        "addr:street": "Oliver Street",
        "amenity": "pharmacy",
        "healthcare": "pharmacy",
        "name": "Generation"
      },
      "geometry": {
        "type": "Point",
        "coordinates": [
          -73.9979191,
          40.7120721
        ]
      },
      "id": "node/5161825323"
    },
    {
      "type": "Feature",
      "properties": {
        "@id": "node/5172753684",
        "addr:city": "New York",
        "addr:housenumber": "18",
        "addr:postcode": "10017",
        "addr:state": "NY",
        "addr:street": "East 48th Street",
        "addr:unit": "1202",
        "description": "The Midtown Practice is a private psychotherapy and psychiatry practice dedicated to helping individuals live vital and fulfilling lives.",
        "healthcare": "psychotherapist",
        "healthcare:speciality": "physiotherapy",
        "name": "The Midtown Practice for Psychotherapy and Psychiatry",
        "opening_hours": "Mo-Th 08:00-20:00; Fr 08:00-14:00",
        "operator": "Dan Goodman",
        "phone": "+1 212-286-8801",
        "website": "https://www.midtownpractice.com/"
      },
      "geometry": {
        "type": "Point",
        "coordinates": [
          -73.9771673,
          40.7565544
        ]
      },
      "id": "node/5172753684"
    },
    {
      "type": "Feature",
      "properties": {
        "@id": "node/5231704271",
        "addr:housenumber": "11",
        "addr:street": "Chatham Square",
        "amenity": "pharmacy",
        "healthcare": "pharmacy",
        "name": "Buy Rite Pharmacy"
      },
      "geometry": {
        "type": "Point",
        "coordinates": [
          -73.9978944,
          40.7139979
        ]
      },
      "id": "node/5231704271"
    },
    {
      "type": "Feature",
      "properties": {
        "@id": "node/5231705398",
        "addr:housenumber": "16",
        "addr:street": "Pell Street",
        "amenity": "dentist",
        "healthcare": "dentist",
        "name": "Bella Dental",
        "opening_hours": "Mo, Th 09:30-19:30; Tu, We 10:00-17:00; Su 09:00-18:00",
        "phone": "+1-212-233-6606",
        "website": "https://www.belladentalnyc.com/"
      },
      "geometry": {
        "type": "Point",
        "coordinates": [
          -73.998716,
          40.7150134
        ]
      },
      "id": "node/5231705398"
    },
    {
      "type": "Feature",
      "properties": {
        "@id": "node/5231708183",
        "addr:housenumber": "12A",
        "addr:street": "Pell Street",
        "amenity": "pharmacy",
        "healthcare": "pharmacy",
        "name": "Newgen Pharmacy",
        "name:it": "Newgen"
      },
      "geometry": {
        "type": "Point",
        "coordinates": [
          -73.9977128,
          40.7148055
        ]
      },
      "id": "node/5231708183"
    },
    {
      "type": "Feature",
      "properties": {
        "@id": "node/5287636021",
        "amenity": "pharmacy",
        "brand": "CVS Pharmacy",
        "brand:website": "https://www.cvs.com/",
        "brand:wikidata": "Q2078880",
        "healthcare": "pharmacy",
        "name": "CVS Pharmacy",
        "opening_hours": "24/7",
        "short_name": "CVS",
        "website": "https://www.cvs.com/store-locator/new-york-ny-pharmacies/298-mulberry-st-new-york-ny-10012/storeid=10407"
      },
      "geometry": {
        "type": "Point",
        "coordinates": [
          -73.9944794,
          40.7250466
        ]
      },
      "id": "node/5287636021"
    },
    {
      "type": "Feature",
      "properties": {
        "@id": "node/5345342860",
        "addr:city": "New York",
        "addr:housenumber": "641",
        "addr:postcode": "10022",
        "addr:state": "NY",
        "addr:street": "Lexington Avenue",
        "healthcare": "blood_bank",
        "name": "10 Storks",
        "website": "https://10storks.com/cord-blood/cord-blood-banking/"
      },
      "geometry": {
        "type": "Point",
        "coordinates": [
          -73.9694947,
          40.7588798
        ]
      },
      "id": "node/5345342860"
    },
    {
      "type": "Feature",
      "properties": {
        "@id": "node/5356834802",
        "addr:housenumber": "61A",
        "addr:street": "East 77th Street",
        "healthcare": "centre",
        "name": "Eastside Radiation Oncology",
        "wheelchair": "yes"
      },
      "geometry": {
        "type": "Point",
        "coordinates": [
          -73.9622917,
          40.7747853
        ]
      },
      "id": "node/5356834802"
    },
    {
      "type": "Feature",
      "properties": {
        "@id": "node/5365043022",
        "addr:housenumber": "338",
        "addr:postcode": "10010",
        "addr:street": "East 23rd Street",
        "amenity": "pharmacy",
        "brand": "CVS Pharmacy",
        "brand:website": "https://www.cvs.com/",
        "brand:wikidata": "Q2078880",
        "dispensing": "yes",
        "healthcare": "pharmacy",
        "name": "CVS Pharmacy",
        "opening_hours": "00:00-24:00 open \"Store\" ||Mo-Fr 08:00-21:00; Sa, Su 09:00-18:00 open \"Pharmacy\"",
        "phone": "+1 212-505-1555",
        "short_name": "CVS",
        "website": "https://www.cvs.com/store-locator/cvs-pharmacy-address/338+East+23rd+Street+Btwn.+1st+And+2nd+Ave.-New+York-NY-10010/storeid=2434",
        "wheelchair": "yes"
      },
      "geometry": {
        "type": "Point",
        "coordinates": [
          -73.979315,
          40.7370356
        ]
      },
      "id": "node/5365043022"
    },
    {
      "type": "Feature",
      "properties": {
        "@id": "node/5415350326",
        "addr:housenumber": "259",
        "addr:postcode": "10003",
        "addr:street": "1st Avenue",
        "amenity": "clinic",
        "healthcare": "clinic",
        "name": "Nao Medical",
        "opening_hours": "Mo-Fr 09:00-17:00",
        "phone": "+1-917-310-3371",
        "website": "https://www.naomedical.com/locations/urgent-care-downtown-manhattan-nyc-new-york/"
      },
      "geometry": {
        "type": "Point",
        "coordinates": [
          -73.9821777,
          40.7322018
        ]
      },
      "id": "node/5415350326"
    },
    {
      "type": "Feature",
      "properties": {
        "@id": "node/5421562461",
        "addr:city": "New York",
        "addr:housenumber": "535",
        "addr:postcode": "10021",
        "addr:street": "East 70th Street",
        "amenity": "hospital",
        "beds": "215",
        "check_date": "2024-02-23",
        "emergency": "no",
        "gnis:feature_id": "1984534",
        "healthcare": "hospital",
        "healthcare:speciality": "orthopaedics",
        "name": "Hospital for Special Surgery",
        "nycdoitt:bin": "1046255",
        "phone": "+1 877 606 1555",
        "website": "https://www.hss.edu/",
        "wikidata": "Q5908726",
        "wikipedia": "en:Hospital for Special Surgery"
      },
      "geometry": {
        "type": "Point",
        "coordinates": [
          -73.9526899,
          40.765164
        ]
      },
      "id": "node/5421562461"
    },
    {
      "type": "Feature",
      "properties": {
        "@id": "node/5421605413",
        "addr:city": "New York",
        "addr:housenumber": "21",
        "addr:postcode": "10024",
        "addr:street": "West 86th Street",
        "amenity": "doctors",
        "healthcare": "doctor",
        "name": "ColumbiaDoctors West 86th Street",
        "website": "https://www.columbiadoctors.org/columbiadoctors-west-86th-street"
      },
      "geometry": {
        "type": "Point",
        "coordinates": [
          -73.9703283,
          40.7859259
        ]
      },
      "id": "node/5421605413"
    },
    {
      "type": "Feature",
      "properties": {
        "@id": "node/5422783789",
        "addr:city": "New York",
        "addr:housenumber": "565",
        "addr:postcode": "10027",
        "addr:street": "Manhattan Avenue",
        "amenity": "doctors",
        "healthcare": "doctor",
        "name": "Ryan/Adair Community Health Center",
        "opening_hours": "Mo-Fr 09:00-17:00",
        "operator": "William F. Ryan Community Health Network",
        "phone": "+1 212 222 5221",
        "website": "https://ryanhealth.org/"
      },
      "geometry": {
        "type": "Point",
        "coordinates": [
          -73.9536136,
          40.8100505
        ]
      },
      "id": "node/5422783789"
    },
    {
      "type": "Feature",
      "properties": {
        "@id": "node/5471959738",
        "addr:city": "New York",
        "addr:housenumber": "1049",
        "addr:postcode": "10028",
        "addr:state": "NY",
        "addr:street": "5th Avenue",
        "addr:unit": "2D",
        "amenity": "doctors",
        "description": "cosmetic operation",
        "healthcare": "doctor",
        "name": "Steven Wallach MD, FACS",
        "phone": "+1-212-257-3263",
        "website": "https://www.stevenwallachmd.com/"
      },
      "geometry": {
        "type": "Point",
        "coordinates": [
          -73.9600026,
          40.7811415
        ]
      },
      "id": "node/5471959738"
    },
    {
      "type": "Feature",
      "properties": {
        "@id": "node/5489902561",
        "addr:housenumber": "36",
        "addr:postcode": "10016",
        "addr:street": "East 36th Street",
        "addr:unit": "1D",
        "amenity": "dentist",
        "healthcare": "dentist",
        "name": "Making You Smile Cosmetic Dental Studio",
        "operator": "Ziad Jalbout, DDS",
        "phone": "+1-646-484-0197",
        "website": "https://makingyousmile.nyc/"
      },
      "geometry": {
        "type": "Point",
        "coordinates": [
          -73.9812513,
          40.7485578
        ]
      },
      "id": "node/5489902561"
    },
    {
      "type": "Feature",
      "properties": {
        "@id": "node/5491576146",
        "addr:city": "New York",
        "addr:housenumber": "455",
        "addr:postcode": "10018",
        "addr:state": "NY",
        "addr:street": "West 37th Street",
        "amenity": "pharmacy",
        "brand": "Duane Reade",
        "brand:wikidata": "Q5310380",
        "dispensing": "yes",
        "healthcare": "pharmacy",
        "level": "0",
        "name": "Duane Reade",
        "opening_hours": "Mo-Sa 09:00-13:30, 14:00-18:00 open \"Pharmacy\" || 07:00-23:00 open \"Store\"",
        "phone": "+1 212-643-6090",
        "ref": "14433",
        "website": "https://www.walgreens.com/locator/walgreens-455+w+37th+st-new+york-ny-10018/id=14443"
      },
      "geometry": {
        "type": "Point",
        "coordinates": [
          -73.9972051,
          40.7568576
        ]
      },
      "id": "node/5491576146"
    },
    {
      "type": "Feature",
      "properties": {
        "@id": "node/5573232381",
        "addr:housenumber": "2034",
        "addr:postcode": "10029",
        "addr:street": "2nd Avenue",
        "amenity": "pharmacy",
        "brand": "Health Mart",
        "brand:wikidata": "Q5690597",
        "dispensing": "yes",
        "drive_through": "no",
        "fax": "+1-646-478-7403",
        "healthcare": "pharmacy",
        "name": "Charlie Pharmacy",
        "opening_hours": "Mo-Fr 10:00-18:00",
        "phone": "+1 646-596-7028",
        "wheelchair": "yes"
      },
      "geometry": {
        "type": "Point",
        "coordinates": [
          -73.9429117,
          40.7896477
        ]
      },
      "id": "node/5573232381"
    },
    {
      "type": "Feature",
      "properties": {
        "@id": "node/5578092068",
        "addr:city": "New York",
        "addr:housenumber": "215",
        "addr:postcode": "10021",
        "addr:state": "NY",
        "addr:street": "East 72nd Street",
        "addr:unit": "E",
        "amenity": "doctors",
        "check_date": "2023-10-10",
        "healthcare": "doctor",
        "healthcare:speciality": "plastic_surgery",
        "name": "Discreet Plastic Surgery",
        "opening_hours": "Mo-Fr 09:00-18:00",
        "operator": "Dr. Daniel Kaufman",
        "payment:cash": "yes",
        "payment:credit_cards": "yes",
        "phone": "+1-718-705-4251",
        "website": "https://discreetplasticsurgery.com/"
      },
      "geometry": {
        "type": "Point",
        "coordinates": [
          -73.9596906,
          40.7696502
        ]
      },
      "id": "node/5578092068"
    },
    {
      "type": "Feature",
      "properties": {
        "@id": "node/5579110906",
        "amenity": "pharmacy",
        "brand": "CVS Pharmacy",
        "brand:website": "https://www.cvs.com/",
        "brand:wikidata": "Q2078880",
        "dispensing": "yes",
        "healthcare": "pharmacy",
        "name": "CVS Pharmacy",
        "short_name": "CVS",
        "website": "https://www.cvs.com/store-locator/new-york-ny-pharmacies/475-6th-ave-new-york-ny-10011/storeid=10530"
      },
      "geometry": {
        "type": "Point",
        "coordinates": [
          -73.9981157,
          40.7360128
        ]
      },
      "id": "node/5579110906"
    },
    {
      "type": "Feature",
      "properties": {
        "@id": "node/5587194045",
        "addr:housenumber": "1500",
        "addr:postcode": "10029",
        "addr:street": "Lexington Avenue",
        "amenity": "clinic",
        "branch": "East 96th",
        "brand": "CityMD",
        "healthcare": "clinic",
        "internet_access": "wlan",
        "name": "CityMD",
        "opening_hours": "Mo-Fr 09:00-21:00; Sa, Su 09:00-17:00",
        "operator": "CityMD",
        "operator:type": "private",
        "operator:wikidata": "Q22295471",
        "operator:wikipedia": "en:CityMD",
        "phone": "+1 212-710-1065",
        "website": "https://www.citymd.com/urgent-care-locations/ny/manhattan/east-96th/036"
      },
      "geometry": {
        "type": "Point",
        "coordinates": [
          -73.950822,
          40.7862582
        ]
      },
      "id": "node/5587194045"
    },
    {
      "type": "Feature",
      "properties": {
        "@id": "node/5594850048",
        "addr:housenumber": "1938",
        "addr:street": "2nd Avenue",
        "amenity": "pharmacy",
        "atm": "yes",
        "brand": "Health Mart",
        "brand:wikidata": "Q5690597",
        "dispensing": "yes",
        "drive_through": "no",
        "healthcare": "pharmacy",
        "name": "Health Mart",
        "opening_hours": "Mo-Fr 09:30-18:30; Sa 10:30-16:30",
        "payment:american_express": "yes",
        "payment:cash": "yes",
        "payment:diners_club": "yes",
        "payment:discover_card": "yes",
        "payment:jcb": "yes",
        "payment:mastercard": "yes",
        "payment:unionpay": "yes",
        "payment:visa": "yes",
        "phone": "+1-212-426-6484",
        "wheelchair": "yes"
      },
      "geometry": {
        "type": "Point",
        "coordinates": [
          -73.9451091,
          40.7866367
        ]
      },
      "id": "node/5594850048"
    },
    {
      "type": "Feature",
      "properties": {
        "@id": "node/5599203463",
        "addr:housenumber": "305",
        "addr:postcode": "10128",
        "addr:street": "East 86th Street",
        "amenity": "pharmacy",
        "atm": "yes",
        "brand": "CVS Pharmacy",
        "brand:website": "https://www.cvs.com/",
        "brand:wikidata": "Q2078880",
        "dispensing": "yes",
        "drive_through": "no",
        "healthcare": "pharmacy",
        "name": "CVS Pharmacy",
        "opening_hours": "Mo-Fr 08:00-21:00; Sa-Su 09:00-18:00 open \"Pharmacy\" || 00:00-24:00 open \"Store\"",
        "operator": "CVS Albany, LLC",
        "phone": "+1 212-722-2914",
        "ref": "10970",
        "short_name": "CVS",
        "website": "https://www.cvs.com/store-locator/new-york-ny-pharmacies/305-east-86th-st-new-york-ny-10028/storeid=10970"
      },
      "geometry": {
        "type": "Point",
        "coordinates": [
          -73.9512383,
          40.7781479
        ]
      },
      "id": "node/5599203463"
    },
    {
      "type": "Feature",
      "properties": {
        "@id": "node/5599581921",
        "addr:city": "New York",
        "addr:housenumber": "225",
        "addr:postcode": "10035",
        "addr:state": "NY",
        "addr:street": "East 126th Street",
        "amenity": "clinic",
        "healthcare": "clinic",
        "healthcare:speciality": "radiotherapy",
        "name": "New York Proton Center",
        "website": "https://www.nyproton.com/"
      },
      "geometry": {
        "type": "Point",
        "coordinates": [
          -73.9342033,
          40.804048
        ]
      },
      "id": "node/5599581921"
    },
    {
      "type": "Feature",
      "properties": {
        "@id": "node/5609560141",
        "addr:housenumber": "300",
        "addr:street": "East 102nd Street",
        "amenity": "pharmacy",
        "delivery": "yes",
        "fax": "+1-212-831-1616",
        "healthcare": "pharmacy",
        "name": "MetroRX Specialty Pharmacy",
        "opening_hours": "Mo-Fr 08:00-21:30; Sa 09:00-15:00",
        "operator": "East Harlem Apothecary",
        "phone": "+1-212-831-1222",
        "website": "https://metrorxsp.com/",
        "wheelchair": "yes"
      },
      "geometry": {
        "type": "Point",
        "coordinates": [
          -73.9441897,
          40.7878839
        ]
      },
      "id": "node/5609560141"
    },
    {
      "type": "Feature",
      "properties": {
        "@id": "node/5610061465",
        "addr:city": "New York",
        "addr:housenumber": "285",
        "addr:postcode": "10032",
        "addr:state": "NY",
        "addr:street": "Fort Washington Avenue",
        "amenity": "dentist",
        "email": "a.philomin@esthetixdentalspa.com",
        "fax": "+1-212-785-1631",
        "healthcare": "dentist",
        "name": "Esthetix Dentist, NYC's Dental Implant & Cosmetic Specialist",
        "opening_hours": "Mo-Su 08:00-20:00",
        "operator": "Arvind Philomin",
        "payment:cash": "yes",
        "payment:visa": "yes",
        "phone": "+1-212-795-9675",
        "start_date": "2005",
        "website": "https://www.esthetixdentalspa.com/"
      },
      "geometry": {
        "type": "Point",
        "coordinates": [
          -73.9410295,
          40.8449733
        ]
      },
      "id": "node/5610061465"
    },
    {
      "type": "Feature",
      "properties": {
        "@id": "node/5617699181",
        "addr:housenumber": "1789",
        "addr:street": "1st Avenue",
        "amenity": "pharmacy",
        "check_date:opening_hours": "2025-08-06",
        "compounding": "yes",
        "dispensing": "yes",
        "drive_through": "no",
        "email": "info@mynucare.com",
        "fax": "+1-212-426-9305",
        "healthcare": "pharmacy",
        "medical_supply": "yes",
        "name": "Nucare Pharmacy & Surgical",
        "opening_hours": "Mo-Fr 09:00-20:00; Sa 09:00-19:00; Su 10:00-16:00",
        "phone": "+1-212-426-9300",
        "postal_code": "10128",
        "website": "https://www.mynucare.com",
        "wheelchair": "yes"
      },
      "geometry": {
        "type": "Point",
        "coordinates": [
          -73.9465087,
          40.7812239
        ]
      },
      "id": "node/5617699181"
    },
    {
      "type": "Feature",
      "properties": {
        "@id": "node/5622831122",
        "addr:housenumber": "223",
        "addr:postcode": "10016",
        "addr:street": "East 34th Street",
        "amenity": "doctors",
        "healthcare": "centre",
        "healthcare:speciality": "epilepsy",
        "name": "NYU Comprehensive Epilepsy Center",
        "website": "https://nyulangone.org/locations/comprehensive-epilepsy-center"
      },
      "geometry": {
        "type": "Point",
        "coordinates": [
          -73.9770017,
          40.7454435
        ]
      },
      "id": "node/5622831122"
    },
    {
      "type": "Feature",
      "properties": {
        "@id": "node/5638191304",
        "addr:housenumber": "1294",
        "addr:postcode": "10128",
        "addr:street": "Lexington Avenue",
        "amenity": "pharmacy",
        "brand": "CVS Pharmacy",
        "brand:website": "https://www.cvs.com/",
        "brand:wikidata": "Q2078880",
        "healthcare": "pharmacy",
        "name": "CVS Pharmacy",
        "opening_hours": "Mo-Fr 08:00-21:00; Sa-Su 09:00-18:00 open \"Pharmacy\" || 07:00-24:00 open \"Store\"",
        "phone": "+1-212-996-3000",
        "ref": "2717",
        "short_name": "CVS",
        "website": "https://www.cvs.com/store-locator/new-york-ny-pharmacies/1294-lexington-ave-new-york-ny-10128/storeid=2717",
        "wheelchair": "yes"
      },
      "geometry": {
        "type": "Point",
        "coordinates": [
          -73.9551836,
          40.7803953
        ]
      },
      "id": "node/5638191304"
    },
    {
      "type": "Feature",
      "properties": {
        "@id": "node/5638294522",
        "addr:housenumber": "403",
        "addr:postcode": "10016",
        "addr:street": "East 34th Street",
        "healthcare": "centre",
        "name": "NYU Langone Health",
        "operator": "NYU Langone"
      },
      "geometry": {
        "type": "Point",
        "coordinates": [
          -73.9722189,
          40.7434467
        ]
      },
      "id": "node/5638294522"
    },
    {
      "type": "Feature",
      "properties": {
        "@id": "node/5640626677",
        "addr:city": "New York",
        "addr:housenumber": "175",
        "addr:postcode": "10128",
        "addr:state": "NY",
        "addr:street": "East 96th Street",
        "amenity": "clinic",
        "branch": "East 96th",
        "brand": "GoHealth Urgent Care",
        "brand:wikidata": "Q110282081",
        "healthcare": "clinic",
        "name": "Northwell Health-GoHealth Urgent Care",
        "opening_hours": "Mo-Su 08:00-24:00",
        "operator": "Northwell Health",
        "operator:type": "private",
        "operator:wikidata": "Q7056650",
        "operator:wikipedia": "en:Northwell Health",
        "phone": "+1 718-948-4942",
        "website": "https://www.gohealthuc.com/northwell/locations/east-96th",
        "wheelchair": "yes"
      },
      "geometry": {
        "type": "Point",
        "coordinates": [
          -73.9495663,
          40.785535
        ]
      },
      "id": "node/5640626677"
    },
    {
      "type": "Feature",
      "properties": {
        "@id": "node/5651930690",
        "addr:housenumber": "414",
        "addr:street": "6th Avenue",
        "amenity": "pharmacy",
        "dispensing": "yes",
        "healthcare": "pharmacy",
        "medical_supply": "yes",
        "name": "C.O. Bigelow Chemists",
        "opening_hours": "Mo-Sa 09:00-19:00; Su 09:00-17:00",
        "phone": "+1-212-533-2700",
        "start_date": "1838",
        "website": "https://www.bigelowchemists.com/store-hours-and-directions",
        "wikidata": "Q5006735",
        "wikipedia": "en:C. O. Bigelow"
      },
      "geometry": {
        "type": "Point",
        "coordinates": [
          -73.9990967,
          40.7339069
        ]
      },
      "id": "node/5651930690"
    },
    {
      "type": "Feature",
      "properties": {
        "@id": "node/5653502896",
        "addr:housenumber": "534",
        "addr:postcode": "10014",
        "addr:street": "Hudson St",
        "amenity": "pharmacy",
        "atm": "yes",
        "brand": "Rite Aid",
        "brand:wikidata": "Q3433273",
        "check_date": "2024-06-19",
        "dispensing": "yes",
        "drink:beer": "yes",
        "healthcare": "pharmacy",
        "name": "Rite Aid",
        "opening_hours": "Mo-Fr 09:00-21:00; Sa 09:00-18:00; Su 09:00-17:00 open \"Pharmacy\" || 00:00-24:00 open \"Store\"",
        "phone": "+1-646-486-1048",
        "ref": "10225",
        "website": "https://www.riteaid.com/locations/ny/new-york/534-hudson-street.html"
      },
      "geometry": {
        "type": "Point",
        "coordinates": [
          -74.0059799,
          40.73435
        ]
      },
      "id": "node/5653502896"
    },
    {
      "type": "Feature",
      "properties": {
        "@id": "node/5653953407",
        "addr:housenumber": "1516",
        "addr:postcode": "10029",
        "addr:street": "Lexington Avenue",
        "check_date": "2025-12-27",
        "contact:fax": "+1-212-722-4104",
        "contact:phone": "+1-212-860-6300",
        "contact:website": "http://www.carnegiehillendo.com",
        "healthcare": "centre",
        "healthcare:speciality": "gastroenterology",
        "name": "Carnegie Hill Endoscopy",
        "opening_hours": "Mo-Fr 06:30-16:00"
      },
      "geometry": {
        "type": "Point",
        "coordinates": [
          -73.9503588,
          40.786939
        ]
      },
      "id": "node/5653953407"
    },
    {
      "type": "Feature",
      "properties": {
        "@id": "node/5678838120",
        "addr:housenumber": "1915",
        "addr:postcode": "10029",
        "addr:street": "3rd Avenue",
        "amenity": "pharmacy",
        "atm": "yes",
        "brand": "Duane Reade",
        "brand:wikidata": "Q5310380",
        "check_date": "2023-12-16",
        "dispensing": "yes",
        "drink:beer": "yes",
        "drink:wine": "yes",
        "drive_through": "no",
        "healthcare": "pharmacy",
        "name": "Duane Reade",
        "opening_hours": "Mo-Fr 07:00-22:00; Sa 09:00-21:00; Su 09:00-20:00",
        "opening_hours:pharmacy": "Mo-Fr 08:00-20:00; Sa 09:00-18:00; Su 10:00-17:00",
        "phone": "+1 917-492-1038",
        "ref": "14317",
        "website": "https://www.walgreens.com/locator/duane+reade-1915+3rd+ave-new+york-ny-10029/id=14317",
        "wheelchair": "yes"
      },
      "geometry": {
        "type": "Point",
        "coordinates": [
          -73.9445618,
          40.7912777
        ]
      },
      "id": "node/5678838120"
    },
    {
      "type": "Feature",
      "properties": {
        "@id": "node/5682294147",
        "addr:housenumber": "1231",
        "addr:postcode": "10128",
        "addr:street": "Madison Avenue",
        "amenity": "pharmacy",
        "atm": "yes",
        "brand": "Duane Reade",
        "brand:wikidata": "Q5310380",
        "dispensing": "yes",
        "drink:beer": "yes",
        "drink:wine": "yes",
        "healthcare": "pharmacy",
        "name": "Duane Reade",
        "opening_hours": "Mo-Fr 08:00-21:00; Sa 09:00-18:00; 10:00-17:00 open \"Pharmacy\" ||00:00-24:00 open \"Store\"",
        "phone": "+1 212-360-6586",
        "website": "https://www.walgreens.com/locator/duane+reade-1231+madison+ave-new+york-ny-10128/id=14191",
        "wheelchair": "yes"
      },
      "geometry": {
        "type": "Point",
        "coordinates": [
          -73.9573868,
          40.7825394
        ]
      },
      "id": "node/5682294147"
    },
    {
      "type": "Feature",
      "properties": {
        "@id": "node/5682342504",
        "addr:housenumber": "1235",
        "addr:postcode": "10028",
        "addr:street": "Lexington Avenue",
        "amenity": "pharmacy",
        "atm": "yes",
        "brand": "Duane Reade",
        "brand:wikidata": "Q5310380",
        "dispensing": "yes",
        "drink:beer": "yes",
        "drink:wine": "yes",
        "healthcare": "pharmacy",
        "name": "Duane Reade",
        "opening_hours": "Mo-Sa 06:00-02:00; Su 07:00-02:00 open \"Store\" || Mo-Fr 09:00-21:00; Sa 09:00-18:00; Su 10:00-17:00 open \"Pharmacy\"",
        "phone": "+1 212-570-2710",
        "ref": "14415",
        "website": "https://www.walgreens.com/locator/duane+reade-1235+lexington+ave-new+york-ny-10028/id=14415"
      },
      "geometry": {
        "type": "Point",
        "coordinates": [
          -73.9565065,
          40.7779735
        ]
      },
      "id": "node/5682342504"
    },
    {
      "type": "Feature",
      "properties": {
        "@id": "node/5692374298",
        "addr:city": "New York",
        "addr:housenumber": "242",
        "addr:postcode": "10021",
        "addr:state": "NY",
        "addr:street": "East 72nd Street",
        "amenity": "clinic",
        "healthcare": "clinic",
        "name": "VRMED"
      },
      "geometry": {
        "type": "Point",
        "coordinates": [
          -73.9591103,
          40.7688374
        ]
      },
      "id": "node/5692374298"
    },
    {
      "type": "Feature",
      "properties": {
        "@id": "node/5712378927",
        "addr:housenumber": "4762",
        "addr:street": "Broadway",
        "amenity": "clinic",
        "healthcare": "clinic"
      },
      "geometry": {
        "type": "Point",
        "coordinates": [
          -73.9268295,
          40.8654854
        ]
      },
      "id": "node/5712378927"
    },
    {
      "type": "Feature",
      "properties": {
        "@id": "node/5712388611",
        "addr:housenumber": "199",
        "addr:street": "Dyckman Street",
        "amenity": "pharmacy",
        "check_date": "2026-05-07",
        "delivery": "yes",
        "healthcare": "pharmacy",
        "name": "Dyckman Pharmacy",
        "opening_hours": "Mo-Fr 09:30-19:30; Sa 10:00-17:00",
        "payment:cash": "yes",
        "payment:debit_cards": "yes",
        "phone": "+1-212-567-1331",
        "website": "https://www.mygnp.com/store?id=0013000000oxYUjAAM&account=gnp-pharmacy-address-199-DYCKMAN-STREET-NEW-YORK-NY-10040",
        "wheelchair": "yes"
      },
      "geometry": {
        "type": "Point",
        "coordinates": [
          -73.9265645,
          40.8648351
        ]
      },
      "id": "node/5712388611"
    },
    {
      "type": "Feature",
      "properties": {
        "@id": "node/5723766967",
        "addr:housenumber": "130",
        "addr:postcode": "10012",
        "addr:street": "Crosby Street",
        "healthcare": "yes",
        "name": "Housing Works Health Home Care Management"
      },
      "geometry": {
        "type": "Point",
        "coordinates": [
          -73.9964298,
          40.7246745
        ]
      },
      "id": "node/5723766967"
    },
    {
      "type": "Feature",
      "properties": {
        "@id": "node/5742194842",
        "addr:housenumber": "767",
        "addr:postcode": "10065",
        "addr:street": "Lexington Avenue",
        "branch": "Lexington Avenue at 60th St",
        "brand": "Cohen's Fashion Optical",
        "brand:short": "Cohen's",
        "brand:wikidata": "Q5141313",
        "email": "cf008@cohensfashionoptical.com",
        "healthcare": "optometrist",
        "level": "0",
        "name": "Cohen's Fashion Optical",
        "opening_hours": "Mo-Sa 10:00-19:00; Su 11:00-18:00",
        "phone": "+1 212-751-6652",
        "shop": "optician",
        "short_name": "Cohen's",
        "website": "https://www.cohensfashionoptical.com/locations/767-lexington-ave"
      },
      "geometry": {
        "type": "Point",
        "coordinates": [
          -73.9674939,
          40.7629001
        ]
      },
      "id": "node/5742194842"
    },
    {
      "type": "Feature",
      "properties": {
        "@id": "node/5750222596",
        "addr:housenumber": "130",
        "addr:street": "Fort Washington Avenue",
        "amenity": "dentist",
        "healthcare": "dentist",
        "name": "Dennis N. Morea, DDS",
        "payment:american_express": "yes",
        "payment:discover_card": "yes",
        "payment:mastercard": "yes",
        "payment:visa": "yes",
        "phone": "+1-212-928-9000",
        "reservation": "recommended"
      },
      "geometry": {
        "type": "Point",
        "coordinates": [
          -73.9427763,
          40.8398505
        ]
      },
      "id": "node/5750222596"
    },
    {
      "type": "Feature",
      "properties": {
        "@id": "node/5766895580",
        "addr:housenumber": "1760",
        "addr:postcode": "10128",
        "addr:street": "2nd Avenue",
        "contact:email": "hello@myoculist.com",
        "fax": "+1 212-937-3494",
        "healthcare": "optometrist",
        "level": "0",
        "name": "Oculist Eye & Vision Care",
        "opening_hours": "Tu-Fr 10:00-18:00; Sa 09:00-17:00",
        "phone": "+1 212-569-3937",
        "website": "https://www.myoculist.com/"
      },
      "geometry": {
        "type": "Point",
        "coordinates": [
          -73.9488848,
          40.7814614
        ]
      },
      "id": "node/5766895580"
    },
    {
      "type": "Feature",
      "properties": {
        "@id": "node/5798586020",
        "addr:housenumber": "651",
        "addr:street": "West 180th Street",
        "amenity": "dentist",
        "healthcare": "dentist",
        "name": "New Heights Oral Surgery",
        "phone": "+1-212-927-0565"
      },
      "geometry": {
        "type": "Point",
        "coordinates": [
          -73.9357674,
          40.8493815
        ]
      },
      "id": "node/5798586020"
    },
    {
      "type": "Feature",
      "properties": {
        "@id": "node/5824565710",
        "addr:city": "New York",
        "addr:housenumber": "1396",
        "addr:postcode": "10021",
        "addr:state": "NY",
        "addr:street": "2nd Avenue",
        "amenity": "pharmacy",
        "brand": "CVS Pharmacy",
        "brand:website": "https://www.cvs.com/",
        "brand:wikidata": "Q2078880",
        "check_date": "2024-02-10",
        "dispensing": "yes",
        "drive_through": "no",
        "healthcare": "pharmacy",
        "name": "CVS Pharmacy",
        "opening_hours": "Mo-Fr 08:00-13:30, 14:00-22:00; Sa, Su 08:00-20:00 open \"Pharmacy\" || 24/7 open \"Store\"",
        "phone": "+1 212-249-5699",
        "ref": "2144",
        "short_name": "CVS",
        "website": "https://www.cvs.com/store-locator/new-york-ny-pharmacies/1396-second-avenue-new-york-ny-10021/storeid=2144"
      },
      "geometry": {
        "type": "Point",
        "coordinates": [
          -73.958037,
          40.7688866
        ]
      },
      "id": "node/5824565710"
    },
    {
      "type": "Feature",
      "properties": {
        "@id": "node/5850568698",
        "addr:housenumber": "949",
        "addr:postcode": "10022",
        "addr:street": "3rd Avenue",
        "amenity": "pharmacy",
        "atm": "yes",
        "brand": "Duane Reade",
        "brand:wikidata": "Q5310380",
        "dispensing": "yes",
        "healthcare": "pharmacy",
        "name": "Duane Reade",
        "opening_hours": "00:00-24:00 open \"Store\" || Mo-Fr 08:00-20:00; Sa 09:00-18:00; Su 10:00-18:00 open \"Pharmacy\"",
        "phone": "+1 212-223-1765",
        "ref": "14465",
        "website": "https://www.walgreens.com/locator/duane+reade-949+3rd+ave-new+york-ny-10022/id=14465",
        "wheelchair": "yes"
      },
      "geometry": {
        "type": "Point",
        "coordinates": [
          -73.9675813,
          40.7598261
        ]
      },
      "id": "node/5850568698"
    },
    {
      "type": "Feature",
      "properties": {
        "@id": "node/5852294691",
        "addr:housenumber": "1142",
        "addr:postcode": "10075",
        "addr:street": "Lexington Avenue",
        "amenity": "pharmacy",
        "check_date": "2024-06-18",
        "compounding": "yes",
        "dispensing": "yes",
        "fax": "+1 212-988-6196",
        "healthcare": "pharmacy",
        "name": "Eisler Chemists",
        "opening_hours": "Mo-Fr 09:00-19:00; Sa 09:00-17:00",
        "operator": "Matland Pharmacy Corp",
        "phone": "+1 212-744-4144",
        "website": "https://www.eislerchemist.com"
      },
      "geometry": {
        "type": "Point",
        "coordinates": [
          -73.9589237,
          40.7751719
        ]
      },
      "id": "node/5852294691"
    },
    {
      "type": "Feature",
      "properties": {
        "@id": "node/5852302806",
        "addr:housenumber": "1440",
        "addr:postcode": "10018",
        "addr:street": "Broadway",
        "amenity": "pharmacy",
        "brand": "CVS Pharmacy",
        "brand:website": "https://www.cvs.com/",
        "brand:wikidata": "Q2078880",
        "check_date": "2024-01-27",
        "dispensing": "yes",
        "healthcare": "pharmacy",
        "level": "0;1",
        "name": "CVS Pharmacy",
        "opening_hours": "00:00-24:00 open \"Store\" || Mo-Fr 08:00-21:00; Sa, Su 09:00-18:00 open \"Pharmacy\"",
        "phone": "+1 212-221-3844",
        "ref": "10826",
        "short_name": "CVS",
        "website": "https://www.cvs.com/store-locator/cvs-pharmacy-address/1440+Broadway+On+The+Corner+Of+40th+St-New+York-NY-10018/storeid=10826",
        "wheelchair": "limited"
      },
      "geometry": {
        "type": "Point",
        "coordinates": [
          -73.9866072,
          40.7543579
        ]
      },
      "id": "node/5852302806"
    },
    {
      "type": "Feature",
      "properties": {
        "@id": "node/5855840300",
        "addr:city": "New York",
        "addr:housenumber": "336",
        "addr:postcode": "10028",
        "addr:state": "NY",
        "addr:street": "East 86th Street",
        "amenity": "clinic",
        "branch": "East 86th",
        "brand": "CityMD",
        "healthcare": "clinic",
        "name": "CityMD",
        "opening_hours": "Mo-Fr 07:00-23:00; Sa, Su 09:00-21:00",
        "operator": "CityMD",
        "operator:wikidata": "Q22295471",
        "operator:wikipedia": "en:CityMD",
        "phone": "+1 212-933-1364",
        "website": "https://www.citymd.com/urgent-care-locations/ny/east-86th"
      },
      "geometry": {
        "type": "Point",
        "coordinates": [
          -73.9504427,
          40.7771603
        ]
      },
      "id": "node/5855840300"
    },
    {
      "type": "Feature",
      "properties": {
        "@id": "node/5855850397",
        "addr:city": "New York",
        "addr:housenumber": "80",
        "addr:postcode": "10028",
        "addr:state": "NY",
        "addr:street": "West 125th Street",
        "amenity": "clinic",
        "branch": "West 125th",
        "brand": "CityMD",
        "brand:wikidata": "Q22295471",
        "healthcare": "clinic",
        "name": "CityMD",
        "opening_hours": "Mo-Fr 08:00-20:00; Sa, Su 09:00-17:00",
        "operator": "CityMD",
        "operator:wikidata": "Q22295471",
        "operator:wikipedia": "en:CityMD",
        "phone": "+1 212-913-0820",
        "website": "https://www.citymd.com/urgent-care-locations/ny/new-york/west-125th/032"
      },
      "geometry": {
        "type": "Point",
        "coordinates": [
          -73.9452125,
          40.8074566
        ]
      },
      "id": "node/5855850397"
    },
    {
      "type": "Feature",
      "properties": {
        "@id": "node/5855863541",
        "addr:housenumber": "1150",
        "addr:postcode": "10065",
        "addr:street": "3rd Avenue",
        "amenity": "clinic",
        "branch": "East 67th",
        "brand": "CityMD",
        "check_date": "2024-01-16",
        "healthcare": "clinic",
        "name": "CityMD",
        "opening_hours": "Mo-Fr 08:00-20:00; Sa, Su 08:00-18:00",
        "operator": "CityMD",
        "operator:type": "private",
        "operator:wikidata": "Q22295471",
        "operator:wikipedia": "en:CityMD",
        "phone": "+1 212-933-0007",
        "website": "https://www.citymd.com/urgent-care-locations/ny/new-york/east-67th/005"
      },
      "geometry": {
        "type": "Point",
        "coordinates": [
          -73.9629549,
          40.7668516
        ]
      },
      "id": "node/5855863541"
    },
    {
      "type": "Feature",
      "properties": {
        "@id": "node/5855867929",
        "addr:city": "New York",
        "addr:housenumber": "2398",
        "addr:postcode": "10024",
        "addr:state": "NY",
        "addr:street": "Broadway",
        "amenity": "clinic",
        "check_date": "2024-07-27",
        "emergency": "yes",
        "healthcare": "clinic",
        "name": "CityMD",
        "operator": "CityMD",
        "operator:type": "private",
        "operator:wikidata": "Q22295471",
        "phone": "+1-212-721-2111",
        "website": "https://www.citymd.com/urgent-care-locations/ny/west-88th"
      },
      "geometry": {
        "type": "Point",
        "coordinates": [
          -73.9752933,
          40.78936
        ]
      },
      "id": "node/5855867929"
    },
    {
      "type": "Feature",
      "properties": {
        "@id": "node/5855898079",
        "addr:city": "New York",
        "addr:housenumber": "315",
        "addr:postcode": "10019",
        "addr:state": "NY",
        "addr:street": "West 57th Street",
        "air_conditioning": "yes",
        "amenity": "clinic",
        "branch": "West 57th",
        "brand": "CityMD",
        "emergency": "yes",
        "healthcare": "clinic",
        "healthcare:speciality": "clinic",
        "level": "0",
        "name": "CityMD",
        "opening_hours": "Mo-Fr 08:00-22:00; Sa, Su 09:00-18:00",
        "operator": "CityMD",
        "operator:type": "private",
        "operator:wikidata": "Q22295471",
        "operator:wikipedia": "en:CityMD",
        "phone": "+1 212-315-2330",
        "website": "https://www.citymd.com/urgent-care-locations/ny/west-57th"
      },
      "geometry": {
        "type": "Point",
        "coordinates": [
          -73.9837866,
          40.7673053
        ]
      },
      "id": "node/5855898079"
    },
    {
      "type": "Feature",
      "properties": {
        "@id": "node/5855926508",
        "addr:housenumber": "944",
        "addr:postcode": "10022",
        "addr:street": "2nd Avenue",
        "amenity": "clinic",
        "branch": "East 50th",
        "brand": "CityMD",
        "brand:wikidata": "Q22295471",
        "check_date": "2025-01-30",
        "healthcare": "clinic",
        "name": "CityMD",
        "not:operator:wikidata": "Q22295471",
        "opening_hours": "Mo-Fr 09:00-21:00; Sa, Su 09:00-17:00",
        "operator": "CityMD",
        "phone": "+1 212-271-4864",
        "website": "https://www.citymd.com/urgent-care-locations/ny/new-york/east-50th/041"
      },
      "geometry": {
        "type": "Point",
        "coordinates": [
          -73.9681765,
          40.7550272
        ]
      },
      "id": "node/5855926508"
    },
    {
      "type": "Feature",
      "properties": {
        "@id": "node/5855965350",
        "addr:city": "New York",
        "addr:housenumber": "345",
        "addr:postcode": "10036",
        "addr:state": "NY",
        "addr:street": "West 42nd Street",
        "amenity": "clinic",
        "branch": "West 42nd",
        "brand": "CityMD",
        "brand:wikidata": "Q22295471",
        "check_date": "2025-01-30",
        "healthcare": "clinic",
        "name": "CityMD",
        "opening_hours": "Mo-Fr 08:00-20:00; Sa, Su 09:00-17:00",
        "operator": "CityMD",
        "operator:type": "private",
        "operator:wikidata": "Q22295471",
        "operator:wikipedia": "en:CityMD",
        "phone": "+1-646-518-0159",
        "website": "https://www.citymd.com/urgent-care-locations/ny/west-42nd"
      },
      "geometry": {
        "type": "Point",
        "coordinates": [
          -73.9916334,
          40.7581875
        ]
      },
      "id": "node/5855965350"
    },
    {
      "type": "Feature",
      "properties": {
        "@id": "node/5855999891",
        "addr:housenumber": "561",
        "addr:postcode": "10016",
        "addr:street": "3rd Avenue",
        "amenity": "clinic",
        "branch": "East 37th",
        "brand": "CityMD",
        "healthcare": "clinic",
        "name": "CityMD",
        "opening_hours": "Mo-Fr 08:00-20:00; Sa, Su 09:00-17:00",
        "operator": "CityMD",
        "operator:type": "private",
        "operator:wikidata": "Q22295471",
        "operator:wikipedia": "en:CityMD",
        "phone": "+1 212-729-4668",
        "toilets:wheelchair": "yes",
        "website": "https://www.citymd.com/urgent-care-locations/ny/east-37th",
        "wheelchair": "yes"
      },
      "geometry": {
        "type": "Point",
        "coordinates": [
          -73.9764836,
          40.7476648
        ]
      },
      "id": "node/5855999891"
    },
    {
      "type": "Feature",
      "properties": {
        "@id": "node/5856132054",
        "addr:housenumber": "5",
        "addr:postcode": "10001",
        "addr:street": "Pennsylvania Plaza",
        "amenity": "clinic",
        "branch": "West 33rd",
        "brand": "CityMD",
        "healthcare": "clinic",
        "name": "CityMD",
        "opening_hours": "Mo-Fr 08:00-20:00; Sa, Su 08:00-16:00",
        "operator": "CityMD",
        "operator:type": "private",
        "operator:wikidata": "Q22295471",
        "operator:wikipedia": "en:CityMD",
        "phone": "+1 646-647-1249",
        "website": "https://www.citymd.com/urgent-care-locations/ny/new-york/west-33rd/085"
      },
      "geometry": {
        "type": "Point",
        "coordinates": [
          -73.9939691,
          40.751841
        ]
      },
      "id": "node/5856132054"
    },
    {
      "type": "Feature",
      "properties": {
        "@id": "node/5856137376",
        "addr:housenumber": "5",
        "addr:postcode": "10001",
        "addr:street": "Pennsylvania Plaza",
        "amenity": "pharmacy",
        "branch": "5 Penn Plaza",
        "brand": "CVS Pharmacy",
        "brand:website": "https://www.cvs.com/",
        "brand:wikidata": "Q2078880",
        "dispensing": "yes",
        "healthcare": "pharmacy",
        "name": "CVS Pharmacy",
        "opening_hours": "07:00-24:00 open \"Store\" ||Mo-Fr 08:00-20:00; Sa, Su 09:00-18:00 open \"Pharmacy\"",
        "phone": "+1 212-216-9222",
        "ref": "10613",
        "short_name": "CVS",
        "toilets:wheelchair": "no",
        "website": "https://www.cvs.com/store-locator/new-york-ny-pharmacies/5-penn-plaza-on-the-corner-of-8th-ave-and-34th-st-new-york-ny-10001/storeid=10613",
        "wheelchair": "yes"
      },
      "geometry": {
        "type": "Point",
        "coordinates": [
          -73.9938215,
          40.7520413
        ]
      },
      "id": "node/5856137376"
    },
    {
      "type": "Feature",
      "properties": {
        "@id": "node/5856191434",
        "addr:city": "New York",
        "addr:housenumber": "37",
        "addr:postcode": "10010",
        "addr:state": "NY",
        "addr:street": "West 23rd Street",
        "amenity": "clinic",
        "branch": "West 23rd",
        "brand": "CityMD",
        "brand:wikidata": "Q22295471",
        "healthcare": "clinic",
        "name": "CityMD",
        "opening_hours": "Mo-Fr 08:00-22:00; Sa, Su 09:00-18:00",
        "operator": "CityMD",
        "operator:type": "private",
        "operator:wikidata": "Q22295471",
        "operator:wikipedia": "en:CityMD",
        "phone": "+1-646-596-9267",
        "website": "https://www.citymd.com/urgent-care-locations/ny/new-york/west-23rd/004"
      },
      "geometry": {
        "type": "Point",
        "coordinates": [
          -73.9909359,
          40.7422994
        ]
      },
      "id": "node/5856191434"
    },
    {
      "type": "Feature",
      "properties": {
        "@id": "node/5856194643",
        "addr:housenumber": "212",
        "addr:postcode": "10010",
        "addr:street": "East 23rd Street",
        "amenity": "clinic",
        "branch": "East 23rd",
        "brand": "CityMD",
        "healthcare": "clinic",
        "name": "CityMD",
        "opening_hours": "Mo-Fr 08:00-20:00; Sa, Su 08:00-17:00",
        "operator": "CityMD",
        "operator:type": "private",
        "operator:wikidata": "Q22295471",
        "operator:wikipedia": "en:CityMD",
        "phone": "+1 646-518-0163",
        "website": "https://www.citymd.com/urgent-care-locations/ny/new-york/east-23rd/042"
      },
      "geometry": {
        "type": "Point",
        "coordinates": [
          -73.9824544,
          40.7383643
        ]
      },
      "id": "node/5856194643"
    },
    {
      "type": "Feature",
      "properties": {
        "@id": "node/5856247825",
        "addr:housenumber": "1601",
        "addr:postcode": "10128",
        "addr:street": "3rd Avenue",
        "addr:unit": "1",
        "amenity": "clinic",
        "branch": "Yorkville",
        "brand": "Optum",
        "fax": "+1 646-692-6883",
        "healthcare": "clinic",
        "level": "0",
        "name": "Optum Urgent Care",
        "opening_hours": "Mo-Fr 08:00-20:00; Sa, Su 08:00-17:00",
        "phone": "+1 646-692-6272",
        "website": "https://east.optum.com/locations/urgent-care-yorkville/"
      },
      "geometry": {
        "type": "Point",
        "coordinates": [
          -73.9517221,
          40.7815029
        ]
      },
      "id": "node/5856247825"
    },
    {
      "type": "Feature",
      "properties": {
        "@id": "node/5856260967",
        "addr:housenumber": "348",
        "addr:postcode": "10010",
        "addr:street": "East 23rd Street",
        "amenity": "clinic",
        "branch": "Stuyvesant",
        "brand": "ProHEALTH Care",
        "fax": "+1 646-449-9765",
        "healthcare": "clinic",
        "name": "ProHEALTH Urgent Care",
        "opening_hours": "Mo-Fr 08:00-20:00",
        "phone": "+1 646-449-9755",
        "website": "https://lookup.prohealthcare.com/location-details/?p=loc-348-east-23rd-street-new-york-ny-10010"
      },
      "geometry": {
        "type": "Point",
        "coordinates": [
          -73.9790601,
          40.7368952
        ]
      },
      "id": "node/5856260967"
    },
    {
      "type": "Feature",
      "properties": {
        "@id": "node/5857563940",
        "addr:housenumber": "138",
        "addr:postcode": "10002",
        "addr:street": "Delancey Street",
        "amenity": "clinic",
        "branch": "Delancey",
        "brand": "CityMD",
        "emergency": "yes",
        "healthcare": "clinic",
        "name": "CityMD",
        "opening_hours": "Mo-Fr 08:00-20:00; Sa, Su 09:00-17:00",
        "operator": "CityMD",
        "operator:type": "private",
        "operator:wikidata": "Q22295471",
        "operator:wikipedia": "en:CityMD",
        "phone": "+1 212-609-2541",
        "website": "https://www.citymd.com/urgent-care-locations/ny/new-york/delancey/031"
      },
      "geometry": {
        "type": "Point",
        "coordinates": [
          -73.9869294,
          40.7184005
        ]
      },
      "id": "node/5857563940"
    },
    {
      "type": "Feature",
      "properties": {
        "@id": "node/5857617398",
        "addr:city": "New York",
        "addr:housenumber": "87",
        "addr:postcode": "10007",
        "addr:state": "NY",
        "addr:street": "Chambers Street",
        "amenity": "clinic",
        "branch": "Chambers",
        "brand": "CityMD",
        "healthcare": "clinic",
        "name": "CityMD",
        "opening_hours": "24/7 off \"Temporarily closed for construction\"",
        "operator": "CityMD",
        "operator:type": "private",
        "operator:wikidata": "Q22295471",
        "operator:wikipedia": "en:CityMD",
        "phone": "+1 212-335-0594",
        "website": "https://www.citymd.com/urgent-care-locations/ny/new-york/chambers/037"
      },
      "geometry": {
        "type": "Point",
        "coordinates": [
          -74.0071909,
          40.7147175
        ]
      },
      "id": "node/5857617398"
    },
    {
      "type": "Feature",
      "properties": {
        "@id": "node/5857637719",
        "addr:housenumber": "138",
        "addr:postcode": "10038",
        "addr:street": "Fulton Street",
        "amenity": "clinic",
        "branch": "Fulton",
        "brand": "CityMD",
        "healthcare": "clinic",
        "name": "CityMD",
        "opening_hours": "Mo-Fr 08:00-20:00; Sa, Su 09:00-17:00",
        "operator": "CityMD",
        "operator:type": "private",
        "operator:wikidata": "Q22295471",
        "operator:wikipedia": "en:CityMD",
        "phone": "+1 212-271-4896",
        "website": "https://www.citymd.com/urgent-care-locations/ny/fulton"
      },
      "geometry": {
        "type": "Point",
        "coordinates": [
          -74.0082481,
          40.7103743
        ]
      },
      "id": "node/5857637719"
    },
    {
      "type": "Feature",
      "properties": {
        "@id": "node/5857643269",
        "addr:housenumber": "14",
        "addr:postcode": "10011",
        "addr:street": "West 14th Street",
        "amenity": "clinic",
        "branch": "West 14th",
        "brand": "CityMD",
        "check_date": "2024-06-10",
        "healthcare": "clinic",
        "name": "CityMD",
        "opening_hours": "Mo-Fr 08:00-24:00; Sa, Su 09:00-21:00",
        "operator": "CityMD",
        "operator:type": "private",
        "operator:wikidata": "Q22295471",
        "operator:wikipedia": "en:CityMD",
        "phone": "+1 212-390-0558",
        "website": "https://www.citymd.com/urgent-care-locations/ny/new-york/west-14th/006"
      },
      "geometry": {
        "type": "Point",
        "coordinates": [
          -73.994694,
          40.736274
        ]
      },
      "id": "node/5857643269"
    },
    {
      "type": "Feature",
      "properties": {
        "@id": "node/5857651396",
        "addr:housenumber": "331",
        "addr:postcode": "10014",
        "addr:street": "6th Avenue",
        "amenity": "clinic",
        "branch": "West Village",
        "brand": "CityMD",
        "check_date": "2026-05-21",
        "healthcare": "clinic",
        "name": "CityMD",
        "opening_hours": "Mo-Fr 09:00-21:00; Sa, Su 09:00-19:00",
        "operator": "CityMD",
        "operator:wikidata": "Q22295471",
        "operator:wikipedia": "en:CityMD",
        "phone": "+1 212-219-2659",
        "website": "https://www.citymd.com/urgent-care-locations/ny/new-york/west-village/069"
      },
      "geometry": {
        "type": "Point",
        "coordinates": [
          -74.0014331,
          40.7313953
        ]
      },
      "id": "node/5857651396"
    },
    {
      "type": "Feature",
      "properties": {
        "@id": "node/5857686501",
        "addr:housenumber": "1555",
        "addr:postcode": "10028",
        "addr:street": "1st Avenue",
        "amenity": "clinic",
        "branch": "E 81st",
        "brand": "GoHealth Urgent Care",
        "brand:wikidata": "Q110282081",
        "check_date:opening_hours": "2025-07-14",
        "healthcare": "clinic",
        "healthcare:speciality": "urgent",
        "name": "Northwell Health-GoHealth Urgent Care",
        "opening_hours": "Mo-Fr 08:00-20:00; Sa,Su 09:00-17:00",
        "operator": "Northwell Health",
        "operator:type": "private",
        "operator:wikidata": "Q7056650",
        "operator:wikipedia": "en:Northwell Health",
        "phone": "+1 212-897-1995",
        "website": "https://www.gohealthuc.com/nyc/manhattan/east-81st"
      },
      "geometry": {
        "type": "Point",
        "coordinates": [
          -73.9520108,
          40.7735939
        ]
      },
      "id": "node/5857686501"
    },
    {
      "type": "Feature",
      "properties": {
        "@id": "node/5857793790",
        "addr:housenumber": "41",
        "addr:postcode": "10003",
        "addr:street": "East 8th Street",
        "amenity": "clinic",
        "branch": "Greenwich Village",
        "brand": "GoHealth Urgent Care",
        "brand:wikidata": "Q110282081",
        "healthcare": "clinic",
        "name": "Northwell Health-GoHealth Urgent Care",
        "opening_hours": "Mo-Fr 08:00-20:00; Sa, Su 09:00-17:00",
        "operator": "Northwell Health",
        "operator:type": "private",
        "operator:wikidata": "Q7056650",
        "operator:wikipedia": "en:Northwell Health",
        "phone": "+1 212-897-1991",
        "website": "https://www.gohealthuc.com/nyc/manhattan/greenwich-village"
      },
      "geometry": {
        "type": "Point",
        "coordinates": [
          -73.9940595,
          40.7313955
        ]
      },
      "id": "node/5857793790"
    },
    {
      "type": "Feature",
      "properties": {
        "@id": "node/5858030719",
        "addr:city": "New York",
        "addr:housenumber": "225",
        "addr:postcode": "10011",
        "addr:state": "NY",
        "addr:street": "West 23rd Street",
        "amenity": "clinic",
        "branch": "Chelsea",
        "brand": "GoHealth Urgent Care",
        "brand:wikidata": "Q110282081",
        "check_date": "2024-04-26",
        "healthcare": "clinic",
        "name": "Northwell Health-GoHealth Urgent Care",
        "opening_hours": "Mo-Fr 08:00-20:00; Sa, Su 09:00-17:00",
        "operator": "Northwell Health",
        "operator:type": "private",
        "operator:wikidata": "Q7056650",
        "operator:wikipedia": "en:Northwell Health",
        "phone": "+1 212-897-1994",
        "website": "https://www.gohealthuc.com/nyc/manhattan/chelsea",
        "wheelchair": "yes"
      },
      "geometry": {
        "type": "Point",
        "coordinates": [
          -73.9966253,
          40.7447007
        ]
      },
      "id": "node/5858030719"
    },
    {
      "type": "Feature",
      "properties": {
        "@id": "node/5858223884",
        "addr:housenumber": "225",
        "addr:street": "East 95th Street",
        "amenity": "clinic",
        "branch": "Upper East Side",
        "healthcare": "clinic",
        "internet_access": "wlan",
        "level": "0",
        "name": "AdvantageCare Physicians Medical Office",
        "opening_hours": "Mo-We 08:00-18:00; Th 08:00-20:00; Sa 08:00-13:00 open \"Office\" || Mo-Fr 12:00-20:00; Sa 09:00-17:00; Tu 01:00-09:00 open \"Express Care\" || Mo, We, Fr 09:00-17:00; Tu, Th 09:00-18:00 open \"Pharmacy\"",
        "phone": "+1 212-996-8000",
        "website": "https://www.acpny.com/doctors-locations/offices/upper-east-side-medical-office"
      },
      "geometry": {
        "type": "Point",
        "coordinates": [
          -73.9486996,
          40.7842132
        ]
      },
      "id": "node/5858223884"
    },
    {
      "type": "Feature",
      "properties": {
        "@id": "node/5858332004",
        "addr:housenumber": "10",
        "addr:postcode": "10003",
        "addr:street": "Union Square East",
        "addr:unit": "2Q",
        "amenity": "clinic",
        "branch": "Union Square",
        "fax": "+1 212-884-6099",
        "healthcare": "clinic",
        "name": "Mount Sinai Urgent Care Center",
        "name:it": "Mount Sinai",
        "opening_hours": "Mo-Fr 08:00-20:00; Sa, Su 09:00-17:00",
        "phone": "+1 212-844-6000",
        "website": "https://www.mountsinai.org/locations/union-square/urgent-care",
        "wheelchair": "yes"
      },
      "geometry": {
        "type": "Point",
        "coordinates": [
          -73.9897882,
          40.734864
        ]
      },
      "id": "node/5858332004"
    },
    {
      "type": "Feature",
      "properties": {
        "@id": "node/5858676782",
        "addr:housenumber": "919",
        "addr:postcode": "10017",
        "addr:street": "2nd Avenue",
        "amenity": "clinic",
        "branch": "Midtown East",
        "check_date": "2024-05-21",
        "healthcare": "clinic",
        "name": "MedRite Urgent Care",
        "opening_hours": "Mo-Fr 08:00-22:00; Sa, Su 09:00-19:00",
        "phone": "+1 212-935-3333",
        "website": "https://medriteurgentcare.com/midtown-east-clinic"
      },
      "geometry": {
        "type": "Point",
        "coordinates": [
          -73.969345,
          40.7540692
        ]
      },
      "id": "node/5858676782"
    },
    {
      "type": "Feature",
      "properties": {
        "@id": "node/5858683380",
        "addr:housenumber": "901",
        "addr:street": "2nd Avenue",
        "amenity": "pharmacy",
        "check_date": "2025-03-11",
        "dispensing": "yes",
        "drive_through": "no",
        "healthcare": "pharmacy",
        "name": "Turtle Bay Chemists",
        "payment:cash": "yes",
        "payment:contactless": "yes",
        "payment:credit_cards": "yes",
        "payment:debit_cards": "yes",
        "phone": "+1 212-752-5151",
        "wheelchair": "yes"
      },
      "geometry": {
        "type": "Point",
        "coordinates": [
          -73.9695461,
          40.7537955
        ]
      },
      "id": "node/5858683380"
    },
    {
      "type": "Feature",
      "properties": {
        "@id": "node/5904850846",
        "addr:housenumber": "2",
        "addr:street": "Allen Street",
        "amenity": "pharmacy",
        "healthcare": "pharmacy",
        "name": "Allen Street Pharmacy",
        "opening_hours": "Mo-Su 09:30-19:00",
        "phone": "+1-212-966-8287"
      },
      "geometry": {
        "type": "Point",
        "coordinates": [
          -73.9924124,
          40.7144998
        ]
      },
      "id": "node/5904850846"
    },
    {
      "type": "Feature",
      "properties": {
        "@id": "node/5907395461",
        "addr:housenumber": "1646",
        "addr:postcode": "10028",
        "addr:street": "2nd Avenue",
        "amenity": "clinic",
        "branch": "Yorkville",
        "healthcare": "clinic",
        "level": "0",
        "name": "MedRite Urgent Care",
        "opening_hours": "Mo-Th 08:00-18:00, Fr 08:00-17:00, Sa 09:00-16:00",
        "phone": "+1 646-866-6060",
        "website": "https://medriteurgentcare.com/center/medrite-yorkville-urgent-care/",
        "wheelchair": "yes"
      },
      "geometry": {
        "type": "Point",
        "coordinates": [
          -73.9518857,
          40.7773764
        ]
      },
      "id": "node/5907395461"
    },
    {
      "type": "Feature",
      "properties": {
        "@id": "node/5972702850",
        "addr:housenumber": "43",
        "addr:street": "West 125th Street",
        "amenity": "pharmacy",
        "brand": "Rite Aid",
        "brand:wikidata": "Q3433273",
        "healthcare": "pharmacy",
        "name": "Rite Aid"
      },
      "geometry": {
        "type": "Point",
        "coordinates": [
          -73.9437819,
          40.8072317
        ]
      },
      "id": "node/5972702850"
    },
    {
      "type": "Feature",
      "properties": {
        "@id": "node/5978745725",
        "addr:city": "New York",
        "addr:housenumber": "916",
        "addr:postcode": "10025",
        "addr:state": "NY",
        "addr:street": "Columbus Avenue",
        "amenity": "pharmacy",
        "dispensing": "yes",
        "drive_through": "no",
        "healthcare": "pharmacy",
        "name": "Columbus Avenue Pharmacy",
        "phone": "+1-212-663-7440"
      },
      "geometry": {
        "type": "Point",
        "coordinates": [
          -73.9636229,
          40.7985439
        ]
      },
      "id": "node/5978745725"
    },
    {
      "type": "Feature",
      "properties": {
        "@id": "node/5981255820",
        "addr:street": "East 125th Street",
        "amenity": "pharmacy",
        "healthcare": "pharmacy",
        "name": "Enexia Pharmacy"
      },
      "geometry": {
        "type": "Point",
        "coordinates": [
          -73.9355044,
          40.8033818
        ]
      },
      "id": "node/5981255820"
    },
    {
      "type": "Feature",
      "properties": {
        "@id": "node/5983976274",
        "addr:city": "New York",
        "addr:housenumber": "315",
        "addr:postcode": "10282",
        "addr:state": "NY",
        "addr:street": "North End Avenue",
        "amenity": "pharmacy",
        "brand": "Duane Reade",
        "brand:wikidata": "Q5310380",
        "dispensing": "yes",
        "healthcare": "pharmacy",
        "name": "Duane Reade",
        "opening_hours": "Mo-Su 07:00-22:00",
        "wheelchair": "yes"
      },
      "geometry": {
        "type": "Point",
        "coordinates": [
          -74.0150136,
          40.7167457
        ]
      },
      "id": "node/5983976274"
    },
    {
      "type": "Feature",
      "properties": {
        "@id": "node/6031403971",
        "addr:city": "New York",
        "addr:housenumber": "107",
        "addr:postcode": "10002",
        "addr:state": "NY",
        "addr:street": "East Broadway",
        "fax": "+1-212-233-0898",
        "healthcare": "alternative",
        "healthcare:speciality": "acupuncture",
        "level": "3",
        "name": "Jeffrey Chan Acupuncture Clinic",
        "opening_hours": "Mo-Fr 09:00-18:00",
        "phone": "+1-646-354-8828",
        "website": "https://www.acupuncturechinatownnyc.com/"
      },
      "geometry": {
        "type": "Point",
        "coordinates": [
          -73.9930228,
          40.7136139
        ]
      },
      "id": "node/6031403971"
    },
    {
      "type": "Feature",
      "properties": {
        "@id": "node/6055301232",
        "addr:housenumber": "1408",
        "addr:postcode": "10029",
        "addr:street": "Madison Avenue",
        "amenity": "pharmacy",
        "atm": "yes",
        "check_date": "2025-12-25",
        "delivery": "yes",
        "dispensing": "yes",
        "email": "drugloft@gmail.com;drugloftpharmacy@gmail.com",
        "fax": "+1 212-876-7782",
        "healthcare": "pharmacy",
        "name": "Drug Loft Pharmacy & Wellness Center",
        "opening_hours": "Mo-Fr 09:00-19:45; Sa 09:00-17:00; Su off",
        "phone": "+1 212-996-9499",
        "website": "https://www.drugloftpharmacy.com"
      },
      "geometry": {
        "type": "Point",
        "coordinates": [
          -73.9535669,
          40.7883099
        ]
      },
      "id": "node/6055301232"
    },
    {
      "type": "Feature",
      "properties": {
        "@id": "node/6080923685",
        "addr:housenumber": "1755",
        "addr:postcode": "10128",
        "addr:street": "York Avenue",
        "amenity": "doctors",
        "healthcare": "doctor",
        "internet_access": "wlan",
        "name": "Dello Russo Laservision",
        "phone": "+1-800-393-2273",
        "website": "https://www.dellorusso.com/"
      },
      "geometry": {
        "type": "Point",
        "coordinates": [
          -73.944625,
          40.7797122
        ]
      },
      "id": "node/6080923685"
    },
    {
      "type": "Feature",
      "properties": {
        "@id": "node/6124317999",
        "amenity": "pharmacy",
        "fax": "+1-212-693-6677",
        "healthcare": "pharmacy",
        "name": "Mulberry Pharmacy",
        "opening_hours": "Mo-Fr 09:00-19:00; Sa 10:00-18:00; Su 10:00-17:00",
        "phone": "+1-212-693-6688",
        "shop": "chemist"
      },
      "geometry": {
        "type": "Point",
        "coordinates": [
          -73.9989872,
          40.7166697
        ]
      },
      "id": "node/6124317999"
    },
    {
      "type": "Feature",
      "properties": {
        "@id": "node/6150388267",
        "addr:housenumber": "72",
        "addr:postcode": "10012",
        "addr:street": "Greene Street",
        "amenity": "dentist",
        "healthcare": "dentist",
        "name": "Greene Street Dental",
        "phone": "+1-212-226-5777",
        "website": "https://www.greenestreetdental.com"
      },
      "geometry": {
        "type": "Point",
        "coordinates": [
          -74.0006185,
          40.7232338
        ]
      },
      "id": "node/6150388267"
    },
    {
      "type": "Feature",
      "properties": {
        "@id": "node/6205450890",
        "addr:city": "New York",
        "addr:housenumber": "212",
        "addr:postcode": "10003",
        "addr:state": "NY",
        "addr:street": "East 14th Street",
        "email": "e14@spearcenter.com",
        "healthcare": "physiotherapist",
        "name": "Spear",
        "opening_hours": "Mo-Fr 07:00-20:00",
        "phone": "+1-646-222-8996",
        "website": "https://spearcenter.com/locations/manhattan/east-village-14th-st/"
      },
      "geometry": {
        "type": "Point",
        "coordinates": [
          -73.9866613,
          40.7328967
        ]
      },
      "id": "node/6205450890"
    },
    {
      "type": "Feature",
      "properties": {
        "@id": "node/6206710771",
        "addr:housenumber": "1873",
        "addr:postcode": "10029",
        "addr:street": "2nd Avenue",
        "amenity": "pharmacy",
        "atm": "yes",
        "delivery": "yes",
        "dispensing": "yes",
        "email": "metropolitandrugs@yahoo.com",
        "fax": "+1-212-423-1114",
        "healthcare": "pharmacy",
        "name": "Metropolitan Drugs",
        "opening_hours": "Mo-Fr 10:00-18:00; Sa 10:00-15:00",
        "operator": "ABC-RIFAIE RX, Inc.",
        "payment:cash": "yes",
        "payment:credit_cards": "yes",
        "payment:ebt": "yes",
        "phone": "+1-212-423-1110"
      },
      "geometry": {
        "type": "Point",
        "coordinates": [
          -73.9469659,
          40.7847265
        ]
      },
      "id": "node/6206710771"
    },
    {
      "type": "Feature",
      "properties": {
        "@id": "node/6206711601",
        "addr:housenumber": "127",
        "addr:street": "East 110th Street",
        "amenity": "pharmacy",
        "healthcare": "pharmacy",
        "name": "Farmacia",
        "phone": "+1-212-996-0055"
      },
      "geometry": {
        "type": "Point",
        "coordinates": [
          -73.9449842,
          40.7951642
        ]
      },
      "id": "node/6206711601"
    },
    {
      "type": "Feature",
      "properties": {
        "@id": "node/6216926892",
        "addr:housenumber": "773",
        "addr:postcode": "10065",
        "addr:street": "Lexington Avenue",
        "amenity": "pharmacy",
        "brand": "Duane Reade",
        "brand:wikidata": "Q5310380",
        "healthcare": "pharmacy",
        "name": "Duane Reade",
        "opening_hours": "24/7 open \"Store\" || Mo-Fr 08:00-19:00; Sa 09:00-18:00; Su 10:00-17:00 open \"Pharmacy\"",
        "phone": "+1 212-289-0651",
        "website": "https://www.walgreens.com/locator/walgreens-773+lexington+ave-new+york-ny-10065"
      },
      "geometry": {
        "type": "Point",
        "coordinates": [
          -73.9672656,
          40.7632036
        ]
      },
      "id": "node/6216926892"
    },
    {
      "type": "Feature",
      "properties": {
        "@id": "node/6219132405",
        "addr:city": "New York",
        "addr:housenumber": "81",
        "addr:postcode": "10013",
        "addr:state": "NY",
        "addr:street": "Baxter Street",
        "healthcare": "alternative",
        "healthcare:speciality": "acupuncture",
        "name": "Jeffrey Chen Acupuncture",
        "phone": "+1-212-925-7105"
      },
      "geometry": {
        "type": "Point",
        "coordinates": [
          -73.9997806,
          40.7165907
        ]
      },
      "id": "node/6219132405"
    },
    {
      "type": "Feature",
      "properties": {
        "@id": "node/6219901095",
        "addr:housenumber": "125",
        "addr:postcode": "10013",
        "addr:street": "Walker Street",
        "healthcare": "centre",
        "name": "Charles B. Wang Community Health Center"
      },
      "geometry": {
        "type": "Point",
        "coordinates": [
          -73.9999443,
          40.7173503
        ]
      },
      "id": "node/6219901095"
    },
    {
      "type": "Feature",
      "properties": {
        "@id": "node/6231288969",
        "addr:housenumber": "320",
        "addr:postcode": "10001",
        "addr:street": "5th Avenue",
        "amenity": "pharmacy",
        "atm": "yes",
        "brand": "CVS Pharmacy",
        "brand:website": "https://www.cvs.com/",
        "brand:wikidata": "Q2078880",
        "dispensing": "yes",
        "drink:beer": "yes",
        "drive_through": "no",
        "healthcare": "pharmacy",
        "level": "0",
        "name": "CVS Pharmacy",
        "opening_hours": "07:00-24:00 open \"Store\" || Mo-Fr 08:00-20:00; Sa,Su 10:00-17:00 open \"Pharmacy\"",
        "phone": "+1 212-279-2856",
        "ref": "2457",
        "short_name": "CVS",
        "website": "https://www.cvs.com/store-locator/new-york-ny-pharmacies/320-fifth-avenue-corner-of-32nd-street-new-york-ny-10001/storeid=2457"
      },
      "geometry": {
        "type": "Point",
        "coordinates": [
          -73.9856317,
          40.747367
        ]
      },
      "id": "node/6231288969"
    },
    {
      "type": "Feature",
      "properties": {
        "@id": "node/6233803800",
        "addr:city": "New York",
        "addr:housenumber": "100",
        "addr:postcode": "10002",
        "addr:state": "NY",
        "addr:street": "Delancey Street",
        "amenity": "pharmacy",
        "brand": "Duane Reade",
        "brand:wikidata": "Q5310380",
        "dispensing": "yes",
        "drive_through": "no",
        "healthcare": "pharmacy",
        "name": "Duane Reade",
        "opening_hours": "Mo-Fr 08:00-21:00; Sa 09:00-18:00; Su 10:00-17:00",
        "operator": "Duane Reade"
      },
      "geometry": {
        "type": "Point",
        "coordinates": [
          -73.9887206,
          40.71905
        ]
      },
      "id": "node/6233803800"
    },
    {
      "type": "Feature",
      "properties": {
        "@id": "node/6243559672",
        "addr:housenumber": "224",
        "addr:postcode": "10128",
        "addr:street": "East 96th Street",
        "branch": "East 96th Street",
        "brand": "Quest Diagnostics",
        "brand:wikidata": "Q7271456",
        "fax": "+1 212-876-9103",
        "healthcare": "laboratory",
        "healthcare:speciality": "blood_check",
        "level": "0",
        "name": "Quest Diagnostics",
        "opening_hours": "Mo, We-Fr 08:00-17:00; Tu 08:00-19:00; Sa 08:00-12:00",
        "phone": "+1 212-348-7700",
        "website": "https://questdiagnostics.com/",
        "wheelchair": "yes"
      },
      "geometry": {
        "type": "Point",
        "coordinates": [
          -73.9480547,
          40.784408
        ]
      },
      "id": "node/6243559672"
    },
    {
      "type": "Feature",
      "properties": {
        "@id": "node/6260879937",
        "addr:city": "New York",
        "addr:housenumber": "98",
        "addr:postcode": "10002",
        "addr:state": "NY",
        "addr:street": "East Broadway",
        "amenity": "pharmacy",
        "dispensing": "yes",
        "healthcare": "pharmacy",
        "name": "East Broadway Pharmacy",
        "opening_hours": "Mo 09:00-20:00; Tu-Su 09:00-19:00",
        "operator": "East Broadway Pharmacy",
        "phone": "+1-212-431-6688"
      },
      "geometry": {
        "type": "Point",
        "coordinates": [
          -73.9933985,
          40.7139967
        ]
      },
      "id": "node/6260879937"
    },
    {
      "type": "Feature",
      "properties": {
        "@id": "node/6260879938",
        "addr:city": "New York",
        "addr:housenumber": "98",
        "addr:postcode": "10002",
        "addr:state": "NY",
        "addr:street": "East Broadway",
        "amenity": "pharmacy",
        "dispensing": "yes",
        "healthcare": "pharmacy",
        "name": "Fulton Care Pharmacy",
        "operator": "Fulton Care Pharmacy"
      },
      "geometry": {
        "type": "Point",
        "coordinates": [
          -73.9934192,
          40.7140895
        ]
      },
      "id": "node/6260879938"
    },
    {
      "type": "Feature",
      "properties": {
        "@id": "node/6261905356",
        "addr:housenumber": "196",
        "addr:street": "Canal Street",
        "amenity": "pharmacy",
        "healthcare": "pharmacy",
        "name": "Canal Pharmacy"
      },
      "geometry": {
        "type": "Point",
        "coordinates": [
          -73.9982539,
          40.7168191
        ]
      },
      "id": "node/6261905356"
    },
    {
      "type": "Feature",
      "properties": {
        "@id": "node/6261905668",
        "addr:housenumber": "210",
        "addr:street": "Canal Street",
        "amenity": "pharmacy",
        "healthcare": "pharmacy",
        "name": "Canal Street Pharmacy",
        "phone": "+1-212-748-4900"
      },
      "geometry": {
        "type": "Point",
        "coordinates": [
          -73.9990518,
          40.7170677
        ]
      },
      "id": "node/6261905668"
    },
    {
      "type": "Feature",
      "properties": {
        "@id": "node/6261908825",
        "addr:housenumber": "26",
        "addr:street": "Bleecker Street",
        "amenity": "clinic",
        "brand": "Planned Parenthood",
        "brand:wikidata": "Q2553262",
        "healthcare": "counselling",
        "healthcare:counselling": "antenatal;sexual",
        "name": "Planned Parenthood",
        "opening_hours:signed": "no",
        "operator": "Planned Parenthood",
        "operator:type": "ngo",
        "operator:wikidata": "Q2553262",
        "operator:wikipedia": "en:Planned Parenthood"
      },
      "geometry": {
        "type": "Point",
        "coordinates": [
          -73.9937026,
          40.7255007
        ]
      },
      "id": "node/6261908825"
    },
    {
      "type": "Feature",
      "properties": {
        "@id": "node/6270572929",
        "addr:housenumber": "1608",
        "addr:street": "Madison Avenue",
        "amenity": "pharmacy",
        "healthcare": "pharmacy",
        "name": "Eco Green Pharmacy",
        "opening_hours": "Mo-Fr 09:00-19:00",
        "phone": "+1-212-369-3084"
      },
      "geometry": {
        "type": "Point",
        "coordinates": [
          -73.9488029,
          40.794822
        ]
      },
      "id": "node/6270572929"
    },
    {
      "type": "Feature",
      "properties": {
        "@id": "node/6270637067",
        "addr:housenumber": "1331",
        "addr:street": "Madison Avenue",
        "amenity": "pharmacy",
        "compounding": "yes",
        "delivery": "yes",
        "dispensing": "yes",
        "facebook": "Carnegie-Hill-ParaPharmacie-NYC-112246789491730",
        "healthcare": "pharmacy",
        "level": "0",
        "name": "Carnegie Hill Parapharmacie",
        "opening_hours": "Mo-Fr 08:30-20:30; Sa 10:00-18:00"
      },
      "geometry": {
        "type": "Point",
        "coordinates": [
          -73.9551759,
          40.7855944
        ]
      },
      "id": "node/6270637067"
    },
    {
      "type": "Feature",
      "properties": {
        "@id": "node/6274561637",
        "addr:floor": "8",
        "addr:housenumber": "317",
        "addr:postcode": "10016",
        "addr:street": "East 34rd Street",
        "healthcare": "clinic",
        "healthcare:speciality": "organ_transplant",
        "level": "7",
        "name": "NYU Langone Transplant Institute",
        "operator": "NYU Langone Health",
        "phone": "+1-212-263-8134"
      },
      "geometry": {
        "type": "Point",
        "coordinates": [
          -73.974921,
          40.7446187
        ]
      },
      "id": "node/6274561637"
    },
    {
      "type": "Feature",
      "properties": {
        "@id": "node/6295899089",
        "addr:housenumber": "535",
        "addr:postcode": "10016",
        "addr:street": "2nd Avenue",
        "alt_name": "Endo Center",
        "healthcare": "laboratory",
        "healthcare:speciality": "endoscopy",
        "name": "Kips Bay Endoscopy"
      },
      "geometry": {
        "type": "Point",
        "coordinates": [
          -73.9780547,
          40.7421413
        ]
      },
      "id": "node/6295899089"
    },
    {
      "type": "Feature",
      "properties": {
        "@id": "node/6296848316",
        "addr:housenumber": "2257",
        "addr:street": "Adam Clayton Powell Boulevard",
        "amenity": "clinic",
        "healthcare": "clinic",
        "name": "Doctors Medical Group",
        "operator": "Touro College",
        "phone": "+1-212-281-5252"
      },
      "geometry": {
        "type": "Point",
        "coordinates": [
          -73.9445114,
          40.8137417
        ]
      },
      "id": "node/6296848316"
    },
    {
      "type": "Feature",
      "properties": {
        "@id": "node/6296848389",
        "addr:city": "Willow Park",
        "addr:housenumber": "201",
        "addr:postcode": "76087",
        "addr:state": "TX",
        "addr:street": "Crown Pointe Boulevard",
        "amenity": "dentist",
        "contact:facebook": "WDentalWillowPark",
        "healthcare": "dentist",
        "healthcare:speciality": "dentist",
        "image": "https://www.wdentalwillowpark.com/wp-content/uploads/2024/10/w_dental_logo_color.svg",
        "name": "W Dental",
        "opening_hours": "Mo-Tu 09:00-17:00, Th 08:30-17:00, Fr 08:00-14:00",
        "operator": "Dental",
        "payment:carecredit": "yes",
        "payment:cash": "yes",
        "payment:cheque": "yes",
        "payment:cherry": "yes",
        "payment:credit_cards": "yes",
        "payment:financing": "yes",
        "payment:insurance": "yes",
        "phone": "+1-817-594-7427",
        "website": "https://www.wdentalwillowpark.com/"
      },
      "geometry": {
        "type": "Point",
        "coordinates": [
          -73.9443398,
          40.8243075
        ]
      },
      "id": "node/6296848389"
    },
    {
      "type": "Feature",
      "properties": {
        "@id": "node/6296851690",
        "addr:housenumber": "55",
        "addr:street": "East 124th Street",
        "amenity": "clinic",
        "healthcare": "clinic",
        "name": "Foot Center of New York",
        "phone": "+1-212-410-8158"
      },
      "geometry": {
        "type": "Point",
        "coordinates": [
          -73.9402618,
          40.8048134
        ]
      },
      "id": "node/6296851690"
    },
    {
      "type": "Feature",
      "properties": {
        "@id": "node/6306736981",
        "healthcare": "hospital",
        "name": "Hassenfeld Children's Hospital",
        "operator": "NYU Langone Health",
        "phone": "+1-212-263-7300",
        "website": "https://nyulangone.org/locations/hassenfeld-childrens-hospital"
      },
      "geometry": {
        "type": "Point",
        "coordinates": [
          -73.9728919,
          40.7430749
        ]
      },
      "id": "node/6306736981"
    },
    {
      "type": "Feature",
      "properties": {
        "@id": "node/6311383924",
        "amenity": "dentist",
        "disused:website": "http://nycdentalcenter.com",
        "healthcare": "dentist",
        "level": "1",
        "name": "NYC Dental Center",
        "phone": "+1-646-861-3070"
      },
      "geometry": {
        "type": "Point",
        "coordinates": [
          -73.9751699,
          40.7484026
        ]
      },
      "id": "node/6311383924"
    },
    {
      "type": "Feature",
      "properties": {
        "@id": "node/6362867800",
        "amenity": "clinic",
        "healthcare": "clinic",
        "name": "Translational Research Building",
        "operator": "NYU Langone Health",
        "operator:type": "private",
        "operator:wikidata": "Q6956114"
      },
      "geometry": {
        "type": "Point",
        "coordinates": [
          -73.9785154,
          40.7427298
        ]
      },
      "id": "node/6362867800"
    },
    {
      "type": "Feature",
      "properties": {
        "@id": "node/6370527987",
        "addr:housenumber": "150",
        "addr:postcode": "10016",
        "addr:street": "East 32nd Street",
        "healthcare": "clinic",
        "healthcare:speciality": "optometry",
        "name": "Physician Eyecare of NY",
        "operator": "Robery Latkany, MD, PC"
      },
      "geometry": {
        "type": "Point",
        "coordinates": [
          -73.980352,
          40.7448362
        ]
      },
      "id": "node/6370527987"
    },
    {
      "type": "Feature",
      "properties": {
        "@id": "node/6371048742",
        "addr:housenumber": "160",
        "addr:postcode": "10016",
        "addr:street": "East 32nd Street",
        "addr:unit": "Suite 102",
        "amenity": "doctors",
        "healthcare": "doctor",
        "name": "City Care Family Practice, PC"
      },
      "geometry": {
        "type": "Point",
        "coordinates": [
          -73.9801757,
          40.7446538
        ]
      },
      "id": "node/6371048742"
    },
    {
      "type": "Feature",
      "properties": {
        "@id": "node/6371048743",
        "addr:housenumber": "160",
        "addr:postcode": "10016",
        "addr:street": "East 32nd Street",
        "addr:unit": "Suite 103",
        "amenity": "dentist",
        "healthcare": "dentist",
        "name": "Alexandra M. Simpson, DDS"
      },
      "geometry": {
        "type": "Point",
        "coordinates": [
          -73.9799908,
          40.7445787
        ]
      },
      "id": "node/6371048743"
    },
    {
      "type": "Feature",
      "properties": {
        "@id": "node/6371048744",
        "addr:housenumber": "160",
        "addr:postcode": "10016",
        "addr:street": "East 32nd Street",
        "addr:unit": "Suite 103",
        "amenity": "dentist",
        "healthcare": "dentist",
        "name": "Lillian R. Mitti, DDS"
      },
      "geometry": {
        "type": "Point",
        "coordinates": [
          -73.9799777,
          40.7445973
        ]
      },
      "id": "node/6371048744"
    },
    {
      "type": "Feature",
      "properties": {
        "@id": "node/6371048745",
        "addr:housenumber": "160",
        "addr:postcode": "10016",
        "addr:street": "East 32nd Street",
        "addr:unit": "Suite 103",
        "amenity": "dentist",
        "healthcare": "dentist",
        "name": "Percy Moses, DDS, PC"
      },
      "geometry": {
        "type": "Point",
        "coordinates": [
          -73.9799645,
          40.7446159
        ]
      },
      "id": "node/6371048745"
    },
    {
      "type": "Feature",
      "properties": {
        "@id": "node/6371048746",
        "addr:housenumber": "160",
        "addr:postcode": "10016",
        "addr:street": "East 32nd Street",
        "addr:unit": "Suite 103",
        "amenity": "dentist",
        "healthcare": "dentist",
        "name": "Lawrence S. Simpson, DDS, PC"
      },
      "geometry": {
        "type": "Point",
        "coordinates": [
          -73.9799514,
          40.7446344
        ]
      },
      "id": "node/6371048746"
    },
    {
      "type": "Feature",
      "properties": {
        "@id": "node/6371048747",
        "addr:housenumber": "160",
        "addr:postcode": "10016",
        "addr:street": "East 32nd Street",
        "addr:unit": "Suite 101",
        "healthcare": "clinic",
        "healthcare:speciality": "urology",
        "name": "Allied Urological Servies"
      },
      "geometry": {
        "type": "Point",
        "coordinates": [
          -73.9801625,
          40.7446724
        ]
      },
      "id": "node/6371048747"
    },
    {
      "type": "Feature",
      "properties": {
        "@id": "node/6371048748",
        "addr:housenumber": "160",
        "addr:postcode": "10016",
        "addr:street": "East 32nd Street",
        "addr:unit": "Suite 101",
        "healthcare": "yes",
        "name": "Hyperbaric Medical Solutions"
      },
      "geometry": {
        "type": "Point",
        "coordinates": [
          -73.9801494,
          40.744691
        ]
      },
      "id": "node/6371048748"
    },
    {
      "type": "Feature",
      "properties": {
        "@id": "node/6371048749",
        "addr:housenumber": "160",
        "addr:postcode": "10016",
        "addr:street": "East 32nd Street",
        "addr:unit": "Suite 101",
        "healthcare": "yes",
        "name": "Metropolitan Lithotriptor Associates, PC"
      },
      "geometry": {
        "type": "Point",
        "coordinates": [
          -73.9801362,
          40.7447095
        ]
      },
      "id": "node/6371048749"
    },
    {
      "type": "Feature",
      "properties": {
        "@id": "node/6371048750",
        "addr:housenumber": "150",
        "addr:postcode": "10016",
        "addr:street": "East 32nd Street",
        "healthcare": "clinic",
        "healthcare:speciality": "urology",
        "name": "NYU Langone Urology Associates",
        "website": "https://nyulangone.org/locations/nyu-langone-radiology-32nd-street"
      },
      "geometry": {
        "type": "Point",
        "coordinates": [
          -73.9804142,
          40.7448926
        ]
      },
      "id": "node/6371048750"
    },
    {
      "type": "Feature",
      "properties": {
        "@id": "node/6371048751",
        "addr:housenumber": "150",
        "addr:postcode": "10016",
        "addr:street": "East 32nd Street",
        "healthcare": "clinic",
        "healthcare:speciality": "diagnostic_radiology",
        "name": "NYU Langone Radiology",
        "website": "https://nyulangone.org/locations/nyu-langone-radiology-32nd-street"
      },
      "geometry": {
        "type": "Point",
        "coordinates": [
          -73.980335,
          40.7448596
        ]
      },
      "id": "node/6371048751"
    },
    {
      "type": "Feature",
      "properties": {
        "@id": "node/6396479918",
        "healthcare": "alternative",
        "healthcare:speciality": "acupuncture;herbalism;massage;nutrition",
        "name": "Green Tea Acupuncture",
        "opening_hours": "Mo-Su 10:30-20:00",
        "operator": "Dr. Jun Xia Yan",
        "phone": "+1-212-683-4048"
      },
      "geometry": {
        "type": "Point",
        "coordinates": [
          -73.9792498,
          40.7411733
        ]
      },
      "id": "node/6396479918"
    },
    {
      "type": "Feature",
      "properties": {
        "@id": "node/6396479920",
        "addr:housenumber": "247",
        "addr:postcode": "10016",
        "addr:street": "East 28th Street",
        "healthcare": "doctor",
        "healthcare:speciality": "dermatology",
        "name": "Kips Bay Dermatology",
        "operator": "Bobby Buka, MD",
        "phone": "+1-212-385-3700",
        "website": "https://www.bobbybukamd.com/locations/kips-bay/"
      },
      "geometry": {
        "type": "Point",
        "coordinates": [
          -73.9789488,
          40.7413709
        ]
      },
      "id": "node/6396479920"
    },
    {
      "type": "Feature",
      "properties": {
        "@id": "node/6408679505",
        "addr:postcode": "66-400",
        "addr:street": "Obrońców Pokoju",
        "healthcare": "laboratory"
      },
      "geometry": {
        "type": "Point",
        "coordinates": [
          15.26822,
          52.7648055
        ]
      },
      "id": "node/6408679505"
    },
    {
      "type": "Feature",
      "properties": {
        "@id": "node/6418623094",
        "addr:city": "New York",
        "addr:housenumber": "1153",
        "addr:postcode": "10065",
        "addr:state": "NY",
        "addr:street": "1st Avenue",
        "amenity": "clinic",
        "check_date": "2024-07-24",
        "healthcare": "clinic",
        "name": "USA Vein Clinic"
      },
      "geometry": {
        "type": "Point",
        "coordinates": [
          -73.9602545,
          40.7622981
        ]
      },
      "id": "node/6418623094"
    },
    {
      "type": "Feature",
      "properties": {
        "@id": "node/6445338454",
        "amenity": "pharmacy",
        "delivery": "yes",
        "healthcare": "pharmacy",
        "name": "Nature's Cure Pharmacy",
        "opening_hours": "Mo-Th 09:00-19:00; Fr 09:00-18:00; Su 10:00-17:00",
        "phone": "+1-212-545-9393",
        "shop": "chemist"
      },
      "geometry": {
        "type": "Point",
        "coordinates": [
          -73.9747736,
          40.744138
        ]
      },
      "id": "node/6445338454"
    },
    {
      "type": "Feature",
      "properties": {
        "@id": "node/6475768034",
        "healthcare": "doctor",
        "name": "Dr. J.R. Rachunow, M.D."
      },
      "geometry": {
        "type": "Point",
        "coordinates": [
          -73.9796611,
          40.7481878
        ]
      },
      "id": "node/6475768034"
    },
    {
      "type": "Feature",
      "properties": {
        "@id": "node/6542581881",
        "healthcare": "alternative",
        "healthcare:speciality": "acupuncture;massage",
        "name": "New York College of Health Professionals"
      },
      "geometry": {
        "type": "Point",
        "coordinates": [
          -73.9775248,
          40.7436715
        ]
      },
      "id": "node/6542581881"
    },
    {
      "type": "Feature",
      "properties": {
        "@id": "node/6543035139",
        "addr:city": "New York",
        "addr:housenumber": "169",
        "addr:postcode": "10003",
        "addr:state": "NY",
        "addr:street": "1st Avenue",
        "healthcare": "optometrist",
        "name": "Manhattan Eyeworks",
        "opening_hours": "Mo 10:30-18:00, Tu-We 10:30-19:00, Th 10:30-18:00, Fr 10:30-19:00, Sa 10:00-17:00",
        "phone": "+1-212-460-9240",
        "website": "https://www.manhattaneyeworks.com/"
      },
      "geometry": {
        "type": "Point",
        "coordinates": [
          -73.984421,
          40.7291343
        ]
      },
      "id": "node/6543035139"
    },
    {
      "type": "Feature",
      "properties": {
        "@id": "node/6572834965",
        "addr:housenumber": "225",
        "addr:postcode": "10016",
        "addr:street": "East 38th Street",
        "disused:website": "http://midtownophthalmology.com",
        "healthcare": "doctor",
        "healthcare:speciality": "ophthalmology",
        "name": "Midtown Ophthalmology",
        "phone": "+1-212-687-0265"
      },
      "geometry": {
        "type": "Point",
        "coordinates": [
          -73.9750541,
          40.7478895
        ]
      },
      "id": "node/6572834965"
    },
    {
      "type": "Feature",
      "properties": {
        "@id": "node/6604479652",
        "addr:city": "New York",
        "addr:housenumber": "424",
        "addr:postcode": "10017",
        "addr:state": "NY",
        "addr:street": "Madison Avenue",
        "addr:unit": "9th Floor",
        "healthcare": "physical_therapy",
        "name": "Core Focus Physical Therapy",
        "opening_hours": "Mo 07:30-19:30; Tu 07:30-20:00; We 07:30-19:30; Th 07:30-20:00; Fr 07:30-19:30",
        "operator": "Jennifer Monreal",
        "phone": "+1 212-813-2218",
        "website": "https://corefocuspt.com/"
      },
      "geometry": {
        "type": "Point",
        "coordinates": [
          -73.9763981,
          40.7571912
        ]
      },
      "id": "node/6604479652"
    },
    {
      "type": "Feature",
      "properties": {
        "@id": "node/6611035280",
        "check_date": "2025-04-04",
        "check_date:opening_hours": "2025-04-04",
        "healthcare": "doctor",
        "name": "David J Ores, MD",
        "opening_hours:signed": "no",
        "phone": "+1-917-723-4206",
        "wheelchair": "no"
      },
      "geometry": {
        "type": "Point",
        "coordinates": [
          -73.9842279,
          40.722232
        ]
      },
      "id": "node/6611035280"
    },
    {
      "type": "Feature",
      "properties": {
        "@id": "node/6611287759",
        "addr:city": "New York",
        "addr:housenumber": "217",
        "addr:postcode": "10013",
        "addr:state": "NY",
        "addr:street": "Centre Street",
        "healthcare": "alternative",
        "healthcare:speciality": "acupuncture;herbalism;massage",
        "level": "1",
        "name": "Soho Acupuncture Center",
        "opening_hours": "Mo-Su 09:00-18:00",
        "phone": "+1-212-274-8226",
        "website": "https://www.sohoacupuncturecenter.com/"
      },
      "geometry": {
        "type": "Point",
        "coordinates": [
          -73.9989735,
          40.719571
        ]
      },
      "id": "node/6611287759"
    },
    {
      "type": "Feature",
      "properties": {
        "@id": "node/6652476887",
        "addr:city": "New York",
        "addr:housenumber": "4175",
        "addr:postcode": "10033",
        "addr:state": "NY",
        "addr:street": "Broadway",
        "fax": "+1-212-781-2220",
        "healthcare": "podiatrist",
        "name": "Howard J. Reifer, DPM, PC",
        "operator": "Howard Reifer",
        "phone": "+1-212-781-7272",
        "start_date": "2004",
        "website": "https://howardreiferdpm.com/"
      },
      "geometry": {
        "type": "Point",
        "coordinates": [
          -73.9383034,
          40.8474486
        ]
      },
      "id": "node/6652476887"
    },
    {
      "type": "Feature",
      "properties": {
        "@id": "node/6657669774",
        "addr:city": "New York",
        "addr:housenumber": "51",
        "addr:postcode": "10010",
        "addr:state": "NY",
        "addr:street": "East 25th Street",
        "addr:unit": "453",
        "amenity": "clinic",
        "email": "info@manhattanprimarycaredoctorsnyc.com",
        "healthcare": "clinic",
        "healthcare:speciality": "general;internal;primary_care;family_medicine",
        "name": "Manhattan Primary Care",
        "opening_hours": "Mo-Th 08:00-19:00; Fr 08:00-17:00",
        "operator": "Dr. Roya Fathollahi",
        "operator:type": "private",
        "payment:american_express": "yes",
        "payment:cash": "yes",
        "payment:cheque": "yes",
        "payment:credit_cards": "yes",
        "payment:mastercard": "yes",
        "payment:visa": "yes",
        "phone": "+1-212-389-1877",
        "website": "https://www.manhattanprimarycaredoctorsnyc.com"
      },
      "geometry": {
        "type": "Point",
        "coordinates": [
          -73.9861752,
          40.7419623
        ]
      },
      "id": "node/6657669774"
    },
    {
      "type": "Feature",
      "properties": {
        "@id": "node/6657683832",
        "addr:city": "New York",
        "addr:housenumber": "55",
        "addr:postcode": "10011",
        "addr:state": "NY",
        "addr:street": "West 17th Street",
        "addr:unit": "105",
        "amenity": "clinic",
        "email": "info@manhattanprimarycaredoctorsnyc.com",
        "healthcare": "clinic",
        "healthcare:speciality": "general;internal",
        "name": "Dr. Nabeel Chaudhary",
        "opening_hours": "Mo-Th 08:00-19:00; Fr 08:00-17:00",
        "operator": "Dr. Nabeel Chaudhary, MD",
        "operator:type": "public",
        "payment:american_express": "yes",
        "payment:cash": "yes",
        "payment:cheque": "yes",
        "payment:credit_cards": "yes",
        "payment:mastercard": "yes",
        "payment:visa": "yes",
        "phone": "+1-212-378-9987",
        "website": "https://www.manhattanprimarycaredoctorsnyc.com"
      },
      "geometry": {
        "type": "Point",
        "coordinates": [
          -73.9947881,
          40.7391291
        ]
      },
      "id": "node/6657683832"
    },
    {
      "type": "Feature",
      "properties": {
        "@id": "node/6657696647",
        "addr:city": "New York",
        "addr:housenumber": "983",
        "addr:postcode": "10028",
        "addr:state": "NY",
        "addr:street": "Park Avenue",
        "addr:unit": "1D22",
        "amenity": "clinic",
        "email": "info@manhattanprimarycaredoctorsnyc.com",
        "healthcare": "clinic",
        "healthcare:speciality": "general;internal",
        "name": "Dr. Nabeel Chaudhary",
        "opening_hours": "Mo-Th 08:00-19:00; Fr 08:00-17:00",
        "operator": "Dr. Nabeel Chaudhary, MD",
        "operator:type": "public",
        "payment:american_express": "yes",
        "payment:cash": "yes",
        "payment:cheque": "yes",
        "payment:credit_cards": "yes",
        "payment:mastercard": "yes",
        "payment:visa": "yes",
        "phone": "+1-212-389-9929",
        "website": "https://www.manhattanprimarycaredoctorsnyc.com"
      },
      "geometry": {
        "type": "Point",
        "coordinates": [
          -73.9582796,
          40.7782525
        ]
      },
      "id": "node/6657696647"
    },
    {
      "type": "Feature",
      "properties": {
        "@id": "node/6680630094",
        "addr:housenumber": "53",
        "addr:street": "East 122nd Street",
        "amenity": "pharmacy",
        "dispensing": "yes",
        "drive_through": "no",
        "healthcare": "pharmacy"
      },
      "geometry": {
        "type": "Point",
        "coordinates": [
          -73.941717,
          40.8037777
        ]
      },
      "id": "node/6680630094"
    },
    {
      "type": "Feature",
      "properties": {
        "@id": "node/6680630095",
        "addr:housenumber": "53",
        "addr:street": "East 122nd Street",
        "amenity": "dentist",
        "healthcare": "dentist",
        "healthcare:speciality": "orthodontics"
      },
      "geometry": {
        "type": "Point",
        "coordinates": [
          -73.9418061,
          40.8038223
        ]
      },
      "id": "node/6680630095"
    },
    {
      "type": "Feature",
      "properties": {
        "@id": "node/6680630128",
        "addr:housenumber": "111",
        "addr:street": "Central Park North",
        "amenity": "clinic",
        "healthcare": "clinic",
        "name": "Metropolis Medical",
        "opening_hours": "Mo 09:00-17:00; Tu 11:00-19:00; We-Fr 09:00-17:00; Sa,Su off"
      },
      "geometry": {
        "type": "Point",
        "coordinates": [
          -73.952602,
          40.7988122
        ]
      },
      "id": "node/6680630128"
    },
    {
      "type": "Feature",
      "properties": {
        "@id": "node/6689909682",
        "amenity": "doctors",
        "healthcare": "doctor",
        "name": "Mount Sinai Doctors 77th Street Urology"
      },
      "geometry": {
        "type": "Point",
        "coordinates": [
          -73.9517212,
          40.7703561
        ]
      },
      "id": "node/6689909682"
    },
    {
      "type": "Feature",
      "properties": {
        "@id": "node/6689923811",
        "addr:housenumber": "1400",
        "addr:street": "York Avenue",
        "amenity": "dentist",
        "check_date": "2024-07-30",
        "contact:facebook": "https://www.facebook.com/slimdentalkids",
        "contact:instagram": "https://www.instagram.com/slimdental/",
        "email": "kids@slimdental.com",
        "fax": "+1 646-693-2273",
        "healthcare": "dentist",
        "name": "SLim Dental Kids",
        "opening_hours": "Mo-Fr 08:00-18:00; Sa 09:00-16:00",
        "phone": "+1 646-762-0256",
        "website": "https://www.slimdentalkids.com"
      },
      "geometry": {
        "type": "Point",
        "coordinates": [
          -73.9524186,
          40.7683481
        ]
      },
      "id": "node/6689923811"
    },
    {
      "type": "Feature",
      "properties": {
        "@id": "node/6691104499",
        "addr:housenumber": "1494",
        "addr:street": "York Avenue",
        "amenity": "pharmacy",
        "check_date": "2024-08-04",
        "healthcare": "pharmacy",
        "name": "Health Wise Pharmacy"
      },
      "geometry": {
        "type": "Point",
        "coordinates": [
          -73.9503526,
          40.771156
        ]
      },
      "id": "node/6691104499"
    },
    {
      "type": "Feature",
      "properties": {
        "@id": "node/6691104539",
        "amenity": "clinic",
        "healthcare": "clinic",
        "level": "2",
        "name": "Weill Cornell Internal Medicine Associates at Wright",
        "opening_hours": "Mo-Fr 09:00-17:00",
        "website": "https://www.nyp.org/acn/primary-care/weill-cornell-internal-medicine-associates-wright"
      },
      "geometry": {
        "type": "Point",
        "coordinates": [
          -73.9532527,
          40.771189
        ]
      },
      "id": "node/6691104539"
    },
    {
      "type": "Feature",
      "properties": {
        "@id": "node/6691104541",
        "addr:housenumber": "1485",
        "addr:street": "1st Avenue",
        "amenity": "dentist",
        "check_date": "2024-05-21",
        "healthcare": "dentist",
        "name": "National Dental",
        "opening_hours": "Mo-Fr 09:00-19:00; Sa 09:00-14:00",
        "website": "https://uppereastside.lovenationaldental.com/"
      },
      "geometry": {
        "type": "Point",
        "coordinates": [
          -73.9536162,
          40.7713982
        ]
      },
      "id": "node/6691104541"
    },
    {
      "type": "Feature",
      "properties": {
        "@id": "node/6704375672",
        "addr:housenumber": "516",
        "addr:street": "East 11th Street",
        "description": "Alternative medicine outlet and event space.",
        "healthcare": "alternative",
        "name": "Come Back Daily",
        "opening_hours": "Mo-Sa 12:00-18:00",
        "phone": "+1-212-601-2752",
        "website": "https://comebackdaily.co"
      },
      "geometry": {
        "type": "Point",
        "coordinates": [
          -73.9810025,
          40.7279751
        ]
      },
      "id": "node/6704375672"
    },
    {
      "type": "Feature",
      "properties": {
        "@id": "node/6745035274",
        "amenity": "pharmacy",
        "brand": "Walgreens",
        "brand:wikidata": "Q1591889",
        "dispensing": "yes",
        "healthcare": "pharmacy",
        "name": "Walgreens"
      },
      "geometry": {
        "type": "Point",
        "coordinates": [
          -96.6071699,
          39.1893746
        ]
      },
      "id": "node/6745035274"
    },
    {
      "type": "Feature",
      "properties": {
        "@id": "node/6752564952",
        "addr:housenumber": "776",
        "addr:postcode": "10010",
        "addr:street": "6th Avenue",
        "amenity": "dentist",
        "healthcare": "dentist",
        "name": "Dntl"
      },
      "geometry": {
        "type": "Point",
        "coordinates": [
          -73.9911291,
          40.7448243
        ]
      },
      "id": "node/6752564952"
    },
    {
      "type": "Feature",
      "properties": {
        "@id": "node/6752564953",
        "addr:housenumber": "777",
        "addr:postcode": "10001",
        "addr:street": "6th Avenue",
        "amenity": "pharmacy",
        "brand": "Duane Reade",
        "brand:wikidata": "Q5310380",
        "dispensing": "yes",
        "healthcare": "pharmacy",
        "name": "Duane Reade"
      },
      "geometry": {
        "type": "Point",
        "coordinates": [
          -73.9913662,
          40.7452288
        ]
      },
      "id": "node/6752564953"
    },
    {
      "type": "Feature",
      "properties": {
        "@id": "node/6763239243",
        "amenity": "pharmacy",
        "brand": "Walgreens",
        "brand:wikidata": "Q1591889",
        "dispensing": "yes",
        "healthcare": "pharmacy",
        "name": "Walgreens"
      },
      "geometry": {
        "type": "Point",
        "coordinates": [
          -96.5609951,
          39.1860129
        ]
      },
      "id": "node/6763239243"
    },
    {
      "type": "Feature",
      "properties": {
        "@id": "node/6798302680",
        "addr:city": "New York",
        "addr:floor": "5",
        "addr:housenumber": "206",
        "addr:postcode": "10012",
        "addr:state": "NY",
        "addr:street": "Spring Street",
        "amenity": "dentist",
        "email": "info@sohosmile.com",
        "healthcare": "dentist",
        "name": "Soho Smile",
        "name:en": "Soho Smile",
        "opening_hours": "Mo 09:00-17:00; Tu 09:00-19:00; We 09:00-20:00; Th 09:00-18:00; Fr 09:00-17:00",
        "operator": "Dr. John Koutsoyiannis",
        "operator:type": "private",
        "payment:american_express": "yes",
        "payment:cash": "yes",
        "payment:cheque": "yes",
        "payment:credit_cards": "yes",
        "payment:mastercard": "yes",
        "payment:visa": "yes",
        "phone": "+1 212-334-7330",
        "start_date": "2008",
        "website": "https://www.sohosmile.com"
      },
      "geometry": {
        "type": "Point",
        "coordinates": [
          -74.0037733,
          40.7252164
        ]
      },
      "id": "node/6798302680"
    },
    {
      "type": "Feature",
      "properties": {
        "@id": "node/6799000856",
        "addr:city": "New York",
        "addr:housenumber": "36",
        "addr:postcode": "10036",
        "addr:state": "NY",
        "addr:street": "West 44th Street",
        "addr:unit": "Ste 914",
        "amenity": "clinic",
        "email": "info@sportspainmanagementnyc.com",
        "healthcare": "clinic",
        "healthcare:speciality": "pain_management;physical_therapy",
        "name": "Sports Injury & Pain Management Clinic of New York",
        "opening_hours": "Mo-Fr 09:00-20:00",
        "operator": "Dr. Febin Melepura, MD",
        "payment:american_express": "yes",
        "payment:cash": "yes",
        "payment:cheque": "yes",
        "payment:credit_cards": "yes",
        "payment:mastercard": "yes",
        "payment:visa": "yes",
        "phone": "+1-646-462-4419",
        "website": "https://www.sportspainmanagementnyc.com"
      },
      "geometry": {
        "type": "Point",
        "coordinates": [
          -73.9819007,
          40.7553333
        ]
      },
      "id": "node/6799000856"
    },
    {
      "type": "Feature",
      "properties": {
        "@id": "node/6801343600",
        "addr:city": "New York",
        "addr:housenumber": "635",
        "addr:postcode": "10022",
        "addr:state": "NY",
        "addr:street": "Madison Avenue",
        "addr:unit": "1400",
        "amenity": "clinic",
        "email": "info@rebalancenyc.com",
        "healthcare": "clinic",
        "healthcare:speciality": "weight_loss;chiropractic;nutrition",
        "name": "ReBalance NYC",
        "opening_hours": "Mo-Fr 08:00-19:00; Su 09:00-17:00",
        "operator": "Dr. Arkady Lipnitsky DC",
        "payment:american_express": "yes",
        "payment:cash": "yes",
        "payment:cheque": "yes",
        "payment:credit_cards": "yes",
        "payment:mastercard": "yes",
        "payment:visa": "yes",
        "phone": "+1-212-380-1764",
        "start_date": "2016",
        "website": "https://www.rebalancenyc.com"
      },
      "geometry": {
        "type": "Point",
        "coordinates": [
          -73.9710106,
          40.7637153
        ]
      },
      "id": "node/6801343600"
    },
    {
      "type": "Feature",
      "properties": {
        "@id": "node/6801659150",
        "addr:city": "New York",
        "addr:housenumber": "51",
        "addr:postcode": "10010",
        "addr:state": "NY",
        "addr:street": "East 25th Street",
        "addr:unit": "Ste 451",
        "amenity": "doctors",
        "email": "info@footdoctorpodiatristnyc.com",
        "healthcare": "doctor",
        "healthcare:speciality": "podiatry",
        "name": "Manhattan Foot Specialists",
        "name:en": "Manhattan Foot Specialists",
        "opening_hours": "Mo-Th 08:00-19:00, Fr 08:00-17:00",
        "operator": "Dr. Mohammad Rimawi, DPM",
        "operator:type": "private",
        "payment:american_express": "yes",
        "payment:cash": "yes",
        "payment:cheque": "yes",
        "payment:credit_cards": "yes",
        "payment:mastercard": "yes",
        "payment:visa": "yes",
        "phone": "+1-212-389-1887",
        "start_date": "1990",
        "website": "https://www.footdoctorpodiatristnyc.com"
      },
      "geometry": {
        "type": "Point",
        "coordinates": [
          -73.9861996,
          40.7420103
        ]
      },
      "id": "node/6801659150"
    },
    {
      "type": "Feature",
      "properties": {
        "@id": "node/6801738337",
        "addr:city": "New York",
        "addr:housenumber": "983",
        "addr:postcode": "10028",
        "addr:state": "NY",
        "addr:street": "Park Avenue",
        "addr:unit": "1D12",
        "amenity": "clinic",
        "email": "info@varicoseveinscenternyc.com",
        "fax": "+1-212-427-8762",
        "healthcare": "clinic",
        "healthcare:speciality": "vein;vascular_surgery;vein_surgery",
        "name": "Dr. Susan Bard",
        "opening_hours": "Mo-Th 08:00-19:00; Fr 08:00-17:00",
        "operator": "Dr. Susan Bard",
        "payment:american_express": "yes",
        "payment:cash": "yes",
        "payment:cheque": "yes",
        "payment:credit_cards": "yes",
        "payment:mastercard": "yes",
        "payment:visa": "yes",
        "phone": "+1-212-389-1333",
        "website": "https://www.varicoseveinscenternyc.com"
      },
      "geometry": {
        "type": "Point",
        "coordinates": [
          -73.9580605,
          40.7781755
        ]
      },
      "id": "node/6801738337"
    },
    {
      "type": "Feature",
      "properties": {
        "@id": "node/6810781099",
        "addr:city": "New York",
        "addr:housenumber": "115",
        "addr:postcode": "10028",
        "addr:state": "NY",
        "addr:street": "East 86th Street",
        "amenity": "clinic",
        "email": "info@newyorkcardiac.com",
        "healthcare": "clinic",
        "healthcare:speciality": "cardiology",
        "name": "New York Cardiac Diagnostic Center",
        "opening_hours": "Mo-Fr 08:00-17:00",
        "operator": "Dr. Steven Reisman, MD",
        "payment:american_express": "yes",
        "payment:cash": "yes",
        "payment:cheque": "yes",
        "payment:credit_cards": "yes",
        "payment:mastercard": "yes",
        "payment:visa": "yes",
        "phone": "+1-212-860-0796",
        "start_date": "1987",
        "website": "https://newyorkcardiac.com"
      },
      "geometry": {
        "type": "Point",
        "coordinates": [
          -73.9562565,
          40.7799958
        ]
      },
      "id": "node/6810781099"
    },
    {
      "type": "Feature",
      "properties": {
        "@id": "node/6810831347",
        "addr:city": "New York",
        "addr:housenumber": "200",
        "addr:postcode": "10019",
        "addr:state": "NY",
        "addr:street": "West 57th Street",
        "addr:unit": "200",
        "amenity": "clinic",
        "email": "info@newyorkcardiac.com",
        "healthcare": "clinic",
        "healthcare:speciality": "cardiology",
        "name": "New York Cardiac Diagnostic Center",
        "opening_hours": "Mo-Fr 08:00-17:00",
        "operator": "Dr. Steven Reisman, MD",
        "payment:american_express": "yes",
        "payment:cash": "yes",
        "payment:cheque": "yes",
        "payment:credit_cards": "yes",
        "payment:mastercard": "yes",
        "payment:visa": "yes",
        "phone": "+1-212-860-1650",
        "start_date": "1987",
        "website": "https://newyorkcardiac.com"
      },
      "geometry": {
        "type": "Point",
        "coordinates": [
          -73.9806503,
          40.7654985
        ]
      },
      "id": "node/6810831347"
    },
    {
      "type": "Feature",
      "properties": {
        "@id": "node/6810840065",
        "addr:city": "New York",
        "addr:housenumber": "65",
        "addr:postcode": "10006",
        "addr:state": "NY",
        "addr:street": "Broadway",
        "addr:unit": "Suite 1806",
        "amenity": "clinic",
        "email": "info@newyorkcardiac.com",
        "healthcare": "clinic",
        "healthcare:speciality": "cardiology",
        "name": "New York Cardiac Diagnostic Center",
        "opening_hours": "Mo-Fr 08:00-17:00",
        "operator": "Dr. Steven Reisman, MD",
        "payment:american_express": "yes",
        "payment:cash": "yes",
        "payment:cheque": "yes",
        "payment:credit_cards": "yes",
        "payment:mastercard": "yes",
        "payment:visa": "yes",
        "phone": "+1-212-860-5404",
        "start_date": "1987",
        "website": "https://newyorkcardiac.com"
      },
      "geometry": {
        "type": "Point",
        "coordinates": [
          -74.0124635,
          40.7072132
        ]
      },
      "id": "node/6810840065"
    },
    {
      "type": "Feature",
      "properties": {
        "@id": "node/6893302204",
        "addr:city": "New York",
        "addr:housenumber": "451",
        "addr:postcode": "10024",
        "addr:state": "NY",
        "addr:street": "West End Avenue",
        "addr:unit": "2F",
        "email": "info@assistedlivingadvisers.com",
        "healthcare": "counselling",
        "healthcare:speciality": "eldercare;senior",
        "name": "Assisted Living Advisers NYC by Call Eric",
        "phone": "+1-917-997-3977",
        "website": "https://assistedlivingadvisers.com/"
      },
      "geometry": {
        "type": "Point",
        "coordinates": [
          -73.9800311,
          40.7862816
        ]
      },
      "id": "node/6893302204"
    },
    {
      "type": "Feature",
      "properties": {
        "@id": "node/6899386345",
        "amenity": "pharmacy",
        "dispensing": "yes",
        "healthcare": "pharmacy",
        "name": "5th Avenue Pharmacy"
      },
      "geometry": {
        "type": "Point",
        "coordinates": [
          -73.9482187,
          40.7979332
        ]
      },
      "id": "node/6899386345"
    },
    {
      "type": "Feature",
      "properties": {
        "@id": "node/6910657805",
        "addr:housenumber": "139",
        "addr:postcode": "10002",
        "addr:street": "Canal Street",
        "addr:unit": "#308",
        "healthcare": "alternative",
        "healthcare:speciality": "acupuncture",
        "name": "Chinese Acupunture & Acupressure",
        "phone": "+1-212-941-1926"
      },
      "geometry": {
        "type": "Point",
        "coordinates": [
          -73.9953155,
          40.7162415
        ]
      },
      "id": "node/6910657805"
    },
    {
      "type": "Feature",
      "properties": {
        "@id": "node/6910668685",
        "amenity": "dentist",
        "healthcare": "dentist",
        "level": "1",
        "name": "Bowery Dental",
        "opening_hours": "Mo-Fr 09:00-18:00; Sa 09:00-17:00",
        "phone": "+1-917-388-3678",
        "website": "https://bowerydental.nyc"
      },
      "geometry": {
        "type": "Point",
        "coordinates": [
          -73.9955049,
          40.7163866
        ]
      },
      "id": "node/6910668685"
    },
    {
      "type": "Feature",
      "properties": {
        "@id": "node/6916714073",
        "amenity": "pharmacy",
        "dispensing": "yes",
        "healthcare": "pharmacy",
        "name": "Century Pharmacy"
      },
      "geometry": {
        "type": "Point",
        "coordinates": [
          -73.9904828,
          40.713886
        ]
      },
      "id": "node/6916714073"
    },
    {
      "type": "Feature",
      "properties": {
        "@id": "node/6918687642",
        "amenity": "dentist",
        "healthcare": "dentist",
        "name": "Tribeca Dental Studio"
      },
      "geometry": {
        "type": "Point",
        "coordinates": [
          -74.0091158,
          40.714816
        ]
      },
      "id": "node/6918687642"
    },
    {
      "type": "Feature",
      "properties": {
        "@id": "node/6918962445",
        "addr:housenumber": "1994",
        "addr:street": "3rd Avenue",
        "amenity": "pharmacy",
        "dispensing": "yes",
        "fax": "+1 212-828-9359",
        "healthcare": "pharmacy",
        "level": "0",
        "name": "I & S Pharmacy",
        "opening_hours": "Mo-Fr 10:00-18:00; Sa 10:00-16:00",
        "phone": "+1 212-427-2173",
        "wheelchair": "yes"
      },
      "geometry": {
        "type": "Point",
        "coordinates": [
          -73.9431874,
          40.7939172
        ]
      },
      "id": "node/6918962445"
    },
    {
      "type": "Feature",
      "properties": {
        "@id": "node/6936298724",
        "addr:housenumber": "165",
        "addr:street": "East 84th Street",
        "alt_name": "NYMI",
        "amenity": "clinic",
        "healthcare": "clinic",
        "name": "New York Medical Imaging Associates",
        "phone": "+1 212-535-9770",
        "website": "www.nymiassociates.con"
      },
      "geometry": {
        "type": "Point",
        "coordinates": [
          -73.9556027,
          40.7780682
        ]
      },
      "id": "node/6936298724"
    },
    {
      "type": "Feature",
      "properties": {
        "@id": "node/6938593685",
        "addr:housenumber": "196",
        "addr:postcode": "10002",
        "addr:street": "Orchard Street",
        "amenity": "pharmacy",
        "brand": "CVS Pharmacy",
        "brand:website": "https://www.cvs.com/",
        "brand:wikidata": "Q2078880",
        "dispensing": "yes",
        "healthcare": "pharmacy",
        "name": "CVS Pharmacy",
        "opening_hours": "Mo-Su 07:00-24:00; Sa 11:00-18:00; Su 12:00-18:00",
        "phone": "+1 646-416-5754",
        "short_name": "CVS",
        "website": "https://www.cvs.com/store-locator/new-york-ny-pharmacies/196-orchard-street-new-york-ny-10002/storeid=11132"
      },
      "geometry": {
        "type": "Point",
        "coordinates": [
          -73.9878547,
          40.7224889
        ]
      },
      "id": "node/6938593685"
    },
    {
      "type": "Feature",
      "properties": {
        "@id": "node/6946606764",
        "addr:city": "New York",
        "addr:country": "US",
        "addr:housenumber": "698",
        "addr:postcode": "10025",
        "addr:state": "NY",
        "addr:street": "Amsterdam Avenue",
        "amenity": "pharmacy",
        "check_date": "2026-05-15",
        "drive_through": "no",
        "healthcare": "pharmacy",
        "name": "New Amsterdam Drug Mart",
        "phone": "+1 212-865-9700",
        "shop": "convenience"
      },
      "geometry": {
        "type": "Point",
        "coordinates": [
          -73.9716342,
          40.7926648
        ]
      },
      "id": "node/6946606764"
    },
    {
      "type": "Feature",
      "properties": {
        "@id": "node/6949026712",
        "amenity": "dentist",
        "healthcare": "dentist",
        "name": "Smile Cafe",
        "phone": "+1-212-779-7743"
      },
      "geometry": {
        "type": "Point",
        "coordinates": [
          -73.9797844,
          40.748757
        ]
      },
      "id": "node/6949026712"
    },
    {
      "type": "Feature",
      "properties": {
        "@id": "node/6949026713",
        "amenity": "doctors",
        "healthcare": "doctor",
        "name": "Babu S. Bangaru, MD"
      },
      "geometry": {
        "type": "Point",
        "coordinates": [
          -73.97769,
          40.7478568
        ]
      },
      "id": "node/6949026713"
    },
    {
      "type": "Feature",
      "properties": {
        "@id": "node/6955034550",
        "addr:city": "New York",
        "addr:housenumber": "184",
        "addr:postcode": "10010",
        "addr:state": "NY",
        "addr:street": "5th Avenue",
        "amenity": "pharmacy",
        "brand": "Duane Reade",
        "brand:wikidata": "Q5310380",
        "dispensing": "no",
        "drink:beer": "no",
        "healthcare": "pharmacy",
        "name": "Duane Reade express",
        "opening_hours": "Mo-Fr 07:00-22:00; Sa,Su 09:00-22:00",
        "website": "https://www.walgreens.com/locator/duane+reade-184+5th+ave-new+york-ny-10010/id=14411"
      },
      "geometry": {
        "type": "Point",
        "coordinates": [
          -73.9899646,
          40.7413976
        ]
      },
      "id": "node/6955034550"
    },
    {
      "type": "Feature",
      "properties": {
        "@id": "node/6957709100",
        "addr:housenumber": "130",
        "addr:postcode": "10026",
        "addr:street": "Lenox Avenue",
        "amenity": "pharmacy",
        "brand": "CVS Pharmacy",
        "brand:website": "https://www.cvs.com/",
        "brand:wikidata": "Q2078880",
        "dispensing": "yes",
        "healthcare": "pharmacy",
        "name": "CVS Pharmacy",
        "opening_hours": "07:00-22:00 open \"Store\" || Mo-Fr 08:00-21:00; Sa, Su 09:00-18:00 open \"Pharmacy\"",
        "phone": "+1 212-348-2199",
        "short_name": "CVS",
        "website": "https://www.cvs.com/store-locator/new-york-ny-pharmacies/130-lenox-ave-new-york-ny-10026/storeid=3224"
      },
      "geometry": {
        "type": "Point",
        "coordinates": [
          -73.9492663,
          40.8020588
        ]
      },
      "id": "node/6957709100"
    },
    {
      "type": "Feature",
      "properties": {
        "@id": "node/6957826157",
        "addr:city": "New York",
        "addr:housenumber": "55",
        "addr:postcode": "10011",
        "addr:state": "NY",
        "addr:street": "West 17th Street",
        "addr:unit": "102",
        "amenity": "clinic",
        "email": "info@manhattangastroenterology.com",
        "healthcare": "clinic",
        "healthcare:speciality": "gastroenterology",
        "name": "Dr. Shawn Khodadadian",
        "opening_hours": "Mo-Th 08:00-19:00, Fr 08:00-17:00",
        "operator": "Dr. Shawn Khodadadian MD",
        "payment:american_express": "yes",
        "payment:cash": "yes",
        "payment:cheque": "yes",
        "payment:credit_cards": "yes",
        "payment:mastercard": "yes",
        "payment:visa": "yes",
        "phone": "+1-212-378-9983",
        "website": "https://www.manhattangastroenterology.com/"
      },
      "geometry": {
        "type": "Point",
        "coordinates": [
          -73.9947326,
          40.7391225
        ]
      },
      "id": "node/6957826157"
    },
    {
      "type": "Feature",
      "properties": {
        "@id": "node/7033579933",
        "addr:city": "New York",
        "addr:housenumber": "380",
        "addr:postcode": "10010",
        "addr:state": "NY",
        "addr:street": "2nd Avenue",
        "addr:unit": "1004",
        "amenity": "clinic",
        "email": "info@painmanagementnyc.com",
        "healthcare": "clinic",
        "healthcare:speciality": "pain_management;sport_medicine",
        "name": "Pain Management NYC",
        "opening_hours": "Mo, We 08:00-20:00; Tu, Th, Fr 08:00-17:00",
        "operator": "Dr. Leon Reyfman and Dr. Boleslav Kosharskyy",
        "payment:american_express": "yes",
        "payment:cash": "yes",
        "payment:cheque": "yes",
        "payment:credit_cards": "yes",
        "payment:mastercard": "yes",
        "payment:visa": "yes",
        "phone": "+1-212-224-9555",
        "website": "https://www.painmanagementnyc.com"
      },
      "geometry": {
        "type": "Point",
        "coordinates": [
          -73.9811695,
          40.736889
        ]
      },
      "id": "node/7033579933"
    },
    {
      "type": "Feature",
      "properties": {
        "@id": "node/7040779166",
        "alt_name": "Sutton Ambulatory Surgery Center",
        "amenity": "clinic",
        "healthcare": "clinic",
        "name": "Park Avenue Sinus & Sleep Center",
        "operator": "Dr. Jeffrey Ahn",
        "phone": "+1-212-714-9494",
        "website": "https://www.parkavesinusallergy.com"
      },
      "geometry": {
        "type": "Point",
        "coordinates": [
          -73.9798917,
          40.7486058
        ]
      },
      "id": "node/7040779166"
    },
    {
      "type": "Feature",
      "properties": {
        "@id": "node/7077859491",
        "addr:city": "New York",
        "addr:housenumber": "230",
        "addr:postcode": "10169",
        "addr:state": "NY",
        "addr:street": "Park Avenue",
        "addr:unit": "Floor 3",
        "email": "thedrfatloss@gmail.com",
        "healthcare": "nutrition_counselling",
        "healthcare:speciality": "weight_loss;fat_loss",
        "name": "Dr Fat Loss",
        "opening_hours": "Mo,We-Fr 10:00-18:30; Tu 09:00-17:00; Sa-Su closed",
        "operator": "Enrico Ferdico",
        "payment:cash": "yes",
        "payment:cheque": "yes",
        "payment:credit_cards": "yes",
        "payment:money_order": "yes",
        "payment:paypal": "yes",
        "payment:visa": "yes",
        "phone": "+1-718-837-3700",
        "start_date": "2013",
        "website": "https://drfatloss.com"
      },
      "geometry": {
        "type": "Point",
        "coordinates": [
          -73.9759944,
          40.7544276
        ]
      },
      "id": "node/7077859491"
    },
    {
      "type": "Feature",
      "properties": {
        "@id": "node/7078493303",
        "addr:housenumber": "2062",
        "addr:postcode": "10029",
        "addr:street": "2nd Avenue",
        "amenity": "pharmacy",
        "check_date": "2024-08-05",
        "delivery": "yes",
        "dispensing": "yes",
        "drive_through": "no",
        "email": "contactus@drugstopnyc.com",
        "fax": "+1 212-410-6064",
        "healthcare": "pharmacy",
        "level": "0",
        "name": "Drug Stop Pharmacy",
        "phone": "+1 212-410-0509",
        "website": "http://www.drugstopnyc.com",
        "wheelchair": "yes"
      },
      "geometry": {
        "type": "Point",
        "coordinates": [
          -73.9423531,
          40.7904139
        ]
      },
      "id": "node/7078493303"
    },
    {
      "type": "Feature",
      "properties": {
        "@id": "node/7078615622",
        "addr:city": "New York",
        "addr:housenumber": "159",
        "addr:postcode": "10003",
        "addr:state": "NY",
        "addr:street": "1st Avenue",
        "addr:unit": "A",
        "amenity": "dentist",
        "healthcare": "dentist",
        "name": "Terencia S. Q. Conejero, D.D.S, MPH",
        "opening_hours": "Tu-Th 11:00-18:00"
      },
      "geometry": {
        "type": "Point",
        "coordinates": [
          -73.984749,
          40.7288028
        ]
      },
      "id": "node/7078615622"
    },
    {
      "type": "Feature",
      "properties": {
        "@id": "node/7084594757",
        "addr:housenumber": "298",
        "addr:postcode": "10009",
        "addr:street": "1st Avenue",
        "amenity": "pharmacy",
        "brand": "Walgreens",
        "brand:wikidata": "Q1591889",
        "check_date": "2024-09-22",
        "dispensing": "yes",
        "healthcare": "pharmacy",
        "name": "Walgreens",
        "opening_hours": "Mo-Fr 09:00-21:00; Sa 09:00-18:00; Su 10:00-18:00 open \"Pharmacy\" || 07:00-24:00 open \"Store\"",
        "phone": "+1 212-777-0740",
        "website": "https://www.walgreens.com/locator/walgreens-298+1ST+AVE-New+York-NY-10009/id=10135"
      },
      "geometry": {
        "type": "Point",
        "coordinates": [
          -73.9807557,
          40.7333159
        ]
      },
      "id": "node/7084594757"
    },
    {
      "type": "Feature",
      "properties": {
        "@id": "node/7088093182",
        "addr:city": "New York",
        "addr:housenumber": "911",
        "addr:postcode": "10021",
        "addr:state": "NY",
        "addr:street": "Park Avenue",
        "addr:unit": "1C",
        "amenity": "clinic",
        "email": "info@drmonicatadros.com",
        "healthcare": "clinic",
        "healthcare:speciality": "plastic_surgery",
        "name": "Monica Tadros, MD, FACS",
        "opening_hours": "Mo-Fr 09:00-17:00; Th 09:00-20:00",
        "operator": "Dr. Monica Tadros, M.D., F.A.C.S.",
        "payment:american_express": "yes",
        "payment:cash": "yes",
        "payment:cheque": "yes",
        "payment:credit_cards": "yes",
        "payment:mastercard": "yes",
        "payment:visa": "yes",
        "phone": "+1-212-532-4590",
        "website": "https://drmonicatadros.com"
      },
      "geometry": {
        "type": "Point",
        "coordinates": [
          -73.9599058,
          40.7759675
        ]
      },
      "id": "node/7088093182"
    },
    {
      "type": "Feature",
      "properties": {
        "@id": "node/7093921955",
        "addr:housenumber": "63",
        "addr:postcode": "10020",
        "addr:street": "West 49th Street",
        "healthcare": "optometrist",
        "name": "Studio Optix",
        "opening_hours": "Mo-Th 09:00-19:00, Fr 09:00-18:00, Sa 10:00-18:00",
        "phone": "+1-212-765-4444",
        "shop": "optician",
        "website": "https://www.studiooptix.com"
      },
      "geometry": {
        "type": "Point",
        "coordinates": [
          -73.9803072,
          40.7591739
        ]
      },
      "id": "node/7093921955"
    },
    {
      "type": "Feature",
      "properties": {
        "@id": "node/7097522952",
        "addr:housenumber": "215",
        "addr:street": "East 85th Street",
        "amenity": "clinic",
        "check_date:opening_hours": "2025-08-06",
        "healthcare": "clinic",
        "name": "Weill Cornell Medical Associates",
        "opening_hours:signed": "no"
      },
      "geometry": {
        "type": "Point",
        "coordinates": [
          -73.9536097,
          40.7779526
        ]
      },
      "id": "node/7097522952"
    },
    {
      "type": "Feature",
      "properties": {
        "@id": "node/7120041757",
        "addr:housenumber": "139",
        "addr:postcode": "10013",
        "addr:street": "Centre Street",
        "amenity": "pharmacy",
        "healthcare": "pharmacy",
        "name": "ABC Pharmacy"
      },
      "geometry": {
        "type": "Point",
        "coordinates": [
          -74.000561,
          40.7175172
        ]
      },
      "id": "node/7120041757"
    },
    {
      "type": "Feature",
      "properties": {
        "@id": "node/7120041758",
        "addr:housenumber": "139",
        "addr:postcode": "10013",
        "addr:street": "Centre Street",
        "alt_name": "Golden Wheel Condominium",
        "amenity": "clinic",
        "healthcare": "centre",
        "name": "139 Centre"
      },
      "geometry": {
        "type": "Point",
        "coordinates": [
          -74.0007245,
          40.7173097
        ]
      },
      "id": "node/7120041758"
    },
    {
      "type": "Feature",
      "properties": {
        "@id": "node/7161597624",
        "addr:city": "New York",
        "addr:housenumber": "601",
        "addr:postcode": "10024",
        "addr:state": "NY",
        "addr:street": "Amsterdam Avenue",
        "amenity": "pharmacy",
        "dispensing": "yes",
        "healthcare": "pharmacy",
        "name": "Broadway Family Pharmacy",
        "opening_hours": "Mo-Fr 09:00-17:00; Sa 09:00-14:00"
      },
      "geometry": {
        "type": "Point",
        "coordinates": [
          -73.9758659,
          40.7868241
        ]
      },
      "id": "node/7161597624"
    },
    {
      "type": "Feature",
      "properties": {
        "@id": "node/7206434603",
        "fax": "+1-212-379-2118",
        "healthcare": "physiotherapist",
        "name": "Spear Physical Therapy",
        "phone": "+1-646-841-1400",
        "website": "https://spearcenter.com/location/murray-hill/"
      },
      "geometry": {
        "type": "Point",
        "coordinates": [
          -73.978995,
          40.7462816
        ]
      },
      "id": "node/7206434603"
    },
    {
      "type": "Feature",
      "properties": {
        "@id": "node/7217386426",
        "addr:housenumber": "331",
        "addr:postcode": "10010",
        "addr:street": "East 23rd Street",
        "amenity": "pharmacy",
        "healthcare": "pharmacy",
        "name": "Halpern Pharmacy",
        "opening_hours": "Mo-Fr 09:00-18:00; Sa 09:00-15:00",
        "phone": "+1-212-683-0148",
        "website": "https://www.halpernpharmacy.com",
        "wheelchair": "yes"
      },
      "geometry": {
        "type": "Point",
        "coordinates": [
          -73.9791073,
          40.7373726
        ]
      },
      "id": "node/7217386426"
    },
    {
      "type": "Feature",
      "properties": {
        "@id": "node/7258356430",
        "addr:housenumber": "104A",
        "addr:postcode": "10016",
        "addr:street": "East 36th Street",
        "brand": "LabCorp",
        "brand:wikidata": "Q6466630",
        "healthcare": "laboratory",
        "name": "LabCorp",
        "opening_hours": "Mo-Fr 07:00-12:00,12:45-15:00"
      },
      "geometry": {
        "type": "Point",
        "coordinates": [
          -73.9800307,
          40.7480684
        ]
      },
      "id": "node/7258356430"
    },
    {
      "type": "Feature",
      "properties": {
        "@id": "node/7258356432",
        "addr:housenumber": "116",
        "addr:postcode": "10016",
        "addr:street": "East 36th Street",
        "healthcare": "clinic",
        "healthcare:speciality": "allergy",
        "name": "New York Allergy & Sinus Center"
      },
      "geometry": {
        "type": "Point",
        "coordinates": [
          -73.9795665,
          40.7478637
        ]
      },
      "id": "node/7258356432"
    },
    {
      "type": "Feature",
      "properties": {
        "@id": "node/7322376963",
        "amenity": "clinic",
        "check_date": "2024-09-07",
        "healthcare": "clinic",
        "name": "CityMD",
        "operator": "CityMD",
        "operator:type": "private",
        "operator:wikidata": "Q22295471",
        "operator:wikipedia": "en:CityMD"
      },
      "geometry": {
        "type": "Point",
        "coordinates": [
          -73.958644,
          40.7750356
        ]
      },
      "id": "node/7322376963"
    },
    {
      "type": "Feature",
      "properties": {
        "@id": "node/7360048862",
        "addr:housenumber": "300",
        "addr:postcode": "10010",
        "addr:street": "Park Avenue South",
        "amenity": "pharmacy",
        "brand": "CVS Pharmacy",
        "brand:website": "https://www.cvs.com/",
        "brand:wikidata": "Q2078880",
        "healthcare": "pharmacy",
        "name": "CVS Pharmacy",
        "opening_hours": "Mo-Fr 08:00-18:00; Sa,Su 10:00-17:00",
        "phone": "+1-212-982-5193",
        "short_name": "CVS",
        "website": "https://www.cvs.com/store-locator/new-york-ny-pharmacies/300-park-ave-south-new-york-ny-10010/storeid=2962"
      },
      "geometry": {
        "type": "Point",
        "coordinates": [
          -73.9869694,
          40.7397279
        ]
      },
      "id": "node/7360048862"
    },
    {
      "type": "Feature",
      "properties": {
        "@id": "node/7360048879",
        "addr:housenumber": "215",
        "addr:postcode": "10003",
        "addr:street": "Park Avenue South",
        "amenity": "pharmacy",
        "brand": "CVS Pharmacy",
        "brand:website": "https://www.cvs.com/",
        "brand:wikidata": "Q2078880",
        "healthcare": "pharmacy",
        "level": "0",
        "name": "CVS Pharmacy",
        "opening_hours": "Mo-Fr 08:00-18:00; Sa,Su 09:00-18:00",
        "opening_hours:signed": "no",
        "phone": "+1-646-602-8237",
        "short_name": "CVS",
        "website": "https://www.cvs.com/store-locator/new-york-ny-pharmacies/215-park-avenue-south-new-york-ny-10003/storeid=2427"
      },
      "geometry": {
        "type": "Point",
        "coordinates": [
          -73.9884487,
          40.7369619
        ]
      },
      "id": "node/7360048879"
    },
    {
      "type": "Feature",
      "properties": {
        "@id": "node/7363764841",
        "addr:housenumber": "332",
        "addr:postcode": "10003",
        "addr:street": "East 14th Street",
        "amenity": "doctors",
        "healthcare": "doctor",
        "name": "E14 Medical Arts",
        "opening_hours": "Mo-Th 08:00-20:00; Fr 08:00-15:00; Su 11:00-17:00",
        "phone": "+1-212-481-3333",
        "website": "https://www.14streetmedical.com"
      },
      "geometry": {
        "type": "Point",
        "coordinates": [
          -73.9837414,
          40.7316461
        ]
      },
      "id": "node/7363764841"
    },
    {
      "type": "Feature",
      "properties": {
        "@id": "node/7385732218",
        "addr:city": "New York",
        "addr:housenumber": "150",
        "addr:postcode": "10022",
        "addr:state": "NY",
        "addr:street": "East 56th Street",
        "addr:unit": "1AB",
        "amenity": "clinic",
        "email": "info@cityfp.com",
        "healthcare": "clinic",
        "healthcare:speciality": "plastic_surgery",
        "name": "City Facial Plastics",
        "opening_hours": "Mo-Fr 08:00-17:00",
        "operator": "Dr. Gary Linkov, MD",
        "payment:cash": "yes",
        "payment:cheque": "yes",
        "payment:credit_cards": "yes",
        "phone": "+1-212-439-5177",
        "start_date": "2018",
        "website": "https://cityfacialplastics.com/"
      },
      "geometry": {
        "type": "Point",
        "coordinates": [
          -73.9688719,
          40.75978
        ]
      },
      "id": "node/7385732218"
    },
    {
      "type": "Feature",
      "properties": {
        "@id": "node/7473626655",
        "amenity": "clinic",
        "healthcare": "clinic",
        "name": "Clinica Del Barrio"
      },
      "geometry": {
        "type": "Point",
        "coordinates": [
          -73.9324463,
          40.7983879
        ]
      },
      "id": "node/7473626655"
    },
    {
      "type": "Feature",
      "properties": {
        "@id": "node/7499270169",
        "addr:housenumber": "400",
        "addr:postcode": "10002",
        "addr:street": "Grand Street",
        "amenity": "pharmacy",
        "brand": "CVS Pharmacy",
        "brand:website": "https://www.cvs.com/",
        "brand:wikidata": "Q2078880",
        "healthcare": "pharmacy",
        "is_in": "Target",
        "name": "CVS Pharmacy",
        "opening_hours": "Mo-Fr 09:00-20:00; Sa-Su 11:00-17:00",
        "phone": "+1-212-477-8139",
        "short_name": "CVS",
        "website": "https://www.cvs.com/store-locator/new-york-ny-pharmacies/400-grand-street-new-york-ny-10002/storeid=17728"
      },
      "geometry": {
        "type": "Point",
        "coordinates": [
          -73.986906,
          40.7162349
        ]
      },
      "id": "node/7499270169"
    },
    {
      "type": "Feature",
      "properties": {
        "@id": "node/7591060172",
        "addr:city": "New York",
        "addr:housenumber": "21",
        "addr:postcode": "10023",
        "addr:state": "NY",
        "addr:street": "West End Avenue",
        "amenity": "clinic",
        "healthcare": "clinic",
        "name": "Baker Health",
        "website": "https://www.baker-health.com"
      },
      "geometry": {
        "type": "Point",
        "coordinates": [
          -73.9901197,
          40.7725099
        ]
      },
      "id": "node/7591060172"
    },
    {
      "type": "Feature",
      "properties": {
        "@id": "node/7597291055",
        "addr:city": "New York",
        "addr:housenumber": "370",
        "addr:postcode": "10019",
        "addr:state": "NY",
        "addr:street": "West 58th Street",
        "addr:unit": "1C",
        "healthcare": "midwife",
        "name": "City Births",
        "phone": "+1-917-846-3710",
        "website": "https://citybirths.com/"
      },
      "geometry": {
        "type": "Point",
        "coordinates": [
          -73.9850794,
          40.7684162
        ]
      },
      "id": "node/7597291055"
    },
    {
      "type": "Feature",
      "properties": {
        "@id": "node/7609989960",
        "addr:street": "2nd Avenue",
        "amenity": "dentist",
        "healthcare": "dentist"
      },
      "geometry": {
        "type": "Point",
        "coordinates": [
          -73.9423606,
          40.7910664
        ]
      },
      "id": "node/7609989960"
    },
    {
      "type": "Feature",
      "properties": {
        "@id": "node/7620039830",
        "amenity": "clinic",
        "healthcare": "clinic",
        "name": "Family Health Center Of Harlem"
      },
      "geometry": {
        "type": "Point",
        "coordinates": [
          -73.9436715,
          40.8018746
        ]
      },
      "id": "node/7620039830"
    },
    {
      "type": "Feature",
      "properties": {
        "@id": "node/7633747483",
        "addr:housenumber": "225",
        "amenity": "pharmacy",
        "dispensing": "yes",
        "healthcare": "pharmacy",
        "name": "Century Pharmacy",
        "website": "https://nycenturypharmacy.com/"
      },
      "geometry": {
        "type": "Point",
        "coordinates": [
          -73.9886473,
          40.712895
        ]
      },
      "id": "node/7633747483"
    },
    {
      "type": "Feature",
      "properties": {
        "@id": "node/7633814593",
        "amenity": "pharmacy",
        "dispensing": "yes",
        "drive_through": "no",
        "healthcare": "pharmacy",
        "name": "Madison Rx Pharmacy",
        "phone": "+1-646-918-7225"
      },
      "geometry": {
        "type": "Point",
        "coordinates": [
          -73.9896577,
          40.7127913
        ]
      },
      "id": "node/7633814593"
    },
    {
      "type": "Feature",
      "properties": {
        "@id": "node/7643637502",
        "addr:housenumber": "309",
        "addr:postcode": "10010",
        "addr:street": "East 23rd Street",
        "healthcare": "doctor",
        "healthcare:speciality": "aesthetics",
        "name": "Monarch Medical Aesthetics",
        "operator": "Alicia S. Almendral, MD",
        "phone": "+1-212-689-6815",
        "website": "https://www.monarchmedicalaesthetics.com"
      },
      "geometry": {
        "type": "Point",
        "coordinates": [
          -73.9797367,
          40.7377013
        ]
      },
      "id": "node/7643637502"
    },
    {
      "type": "Feature",
      "properties": {
        "@id": "node/7653745272",
        "addr:floor": "G",
        "addr:housenumber": "330",
        "addr:postcode": "10001",
        "addr:street": "7th Avenue",
        "air_conditioning": "yes",
        "amenity": "clinic",
        "check_date": "2023-04-05",
        "healthcare": "clinic",
        "level": "0",
        "name": "City MD",
        "opening_hours": "Mo-Fr 08:00-20:00; Sa-Su 09:00-17:00",
        "operator": "CityMD",
        "operator:type": "private",
        "operator:wikidata": "Q22295471",
        "payment:credit_cards": "yes",
        "payment:debit_cards": "yes",
        "payment:mastercard": "yes",
        "payment:visa": "yes",
        "phone": "+1 646-647-1263",
        "website": "https://www.citymd.com/urgent-care-locations/ny/west-29th",
        "wheelchair": "yes"
      },
      "geometry": {
        "type": "Point",
        "coordinates": [
          -73.9931701,
          40.7478175
        ]
      },
      "id": "node/7653745272"
    },
    {
      "type": "Feature",
      "properties": {
        "@id": "node/7674034588",
        "amenity": "pharmacy",
        "brand": "Rite Aid",
        "brand:wikidata": "Q3433273",
        "healthcare": "pharmacy",
        "name": "Rite Aid"
      },
      "geometry": {
        "type": "Point",
        "coordinates": [
          -73.9864464,
          40.7160465
        ]
      },
      "id": "node/7674034588"
    },
    {
      "type": "Feature",
      "properties": {
        "@id": "node/7674035085",
        "amenity": "pharmacy",
        "healthcare": "pharmacy",
        "name": "Pharmacy Inc"
      },
      "geometry": {
        "type": "Point",
        "coordinates": [
          -73.9949658,
          40.7137853
        ]
      },
      "id": "node/7674035085"
    },
    {
      "type": "Feature",
      "properties": {
        "@id": "node/7700147085",
        "addr:city": "New York",
        "addr:housenumber": "352",
        "addr:street": "Greenwich Street",
        "amenity": "pharmacy",
        "brand": "Duane Reade",
        "brand:wikidata": "Q5310380",
        "healthcare": "pharmacy",
        "name": "Duane Reade"
      },
      "geometry": {
        "type": "Point",
        "coordinates": [
          -74.010579,
          40.7192662
        ]
      },
      "id": "node/7700147085"
    },
    {
      "type": "Feature",
      "properties": {
        "@id": "node/7902767119",
        "addr:city": "Brooklyn",
        "addr:housenumber": "530",
        "addr:postcode": "11215",
        "addr:state": "NY",
        "addr:street": "5th Avenue",
        "amenity": "dentist",
        "healthcare": "dentist",
        "healthcare:speciality": "orthodontics",
        "name": "Diamond Braces",
        "phone": "+1-646-893-0300",
        "website": "https://diamondbraces.com/locations/park-slope-brooklyn"
      },
      "geometry": {
        "type": "Point",
        "coordinates": [
          -73.9800129,
          40.7554476
        ]
      },
      "id": "node/7902767119"
    },
    {
      "type": "Feature",
      "properties": {
        "@id": "node/7921537516",
        "addr:city": "New York",
        "addr:housenumber": "1190",
        "addr:postcode": "10029",
        "addr:state": "NY",
        "addr:street": "East 101st Street",
        "amenity": "clinic",
        "healthcare": "clinic",
        "healthcare:speciality": "cardiology",
        "level": "0",
        "name": "The Lauder Family Cardiovascular Center",
        "operator": "Mount Sinai Heart",
        "phone": "+1 855-674-3278",
        "website": "https://www.mountsinai.org/locations/lauder-cardiac-center"
      },
      "geometry": {
        "type": "Point",
        "coordinates": [
          -73.9532068,
          40.7906888
        ]
      },
      "id": "node/7921537516"
    },
    {
      "type": "Feature",
      "properties": {
        "@id": "node/7928237382",
        "addr:city": "New York",
        "addr:housenumber": "885",
        "addr:postcode": "10075",
        "addr:state": "NY",
        "addr:street": "Park Avenue",
        "addr:unit": "1A",
        "contact:email": "info@hammertoesurgerygroupnyc.com",
        "contact:facebook": "http://www.facebook.com/HammertoeSurgeryGroupNYC/",
        "contact:instagram": "http://www.instagram.com/hammertoesurgerygroupnyc/",
        "contact:phone": "+1-212-210-1799",
        "contact:twitter": "http://twitter.com/HammertoeSurgNY",
        "contact:website": "https://www.hammertoesurgerygroupnyc.com",
        "contact:youtube": "http://www.youtube.com/channel/UC2fKLqXWLj5PEvgHo1b1OPg/",
        "healthcare": "podiatrist",
        "name": "Hammertoe Surgery Group of NYC",
        "opening_hours": "Mo-Fr 09:00-17:00",
        "operator": "Suzanne Levine"
      },
      "geometry": {
        "type": "Point",
        "coordinates": [
          -73.960611,
          40.7749794
        ]
      },
      "id": "node/7928237382"
    },
    {
      "type": "Feature",
      "properties": {
        "@id": "node/7951134794",
        "addr:housenumber": "420",
        "addr:street": "5th Avenue",
        "amenity": "pharmacy",
        "brand": "CVS Pharmacy",
        "brand:website": "https://www.cvs.com/",
        "brand:wikidata": "Q2078880",
        "dispensing": "yes",
        "healthcare": "pharmacy",
        "name": "CVS Pharmacy",
        "opening_hours": "Mo-Su 07:00-24:00 open \"Store\" || Mo-Fr 09:00-19:00; Sa 10:00-18:00; Su 11:00-17:00",
        "phone": "+1 212-302-7234",
        "short_name": "CVS",
        "website": "https://www.cvs.com/store-locator/new-york-ny-pharmacies/420-fifth-ave-new-york-ny-10018/storeid=7186"
      },
      "geometry": {
        "type": "Point",
        "coordinates": [
          -73.9830168,
          40.750937
        ]
      },
      "id": "node/7951134794"
    },
    {
      "type": "Feature",
      "properties": {
        "@id": "node/7951139838",
        "amenity": "doctors",
        "healthcare": "doctor",
        "healthcare:speciality": "podiatry"
      },
      "geometry": {
        "type": "Point",
        "coordinates": [
          -73.9802403,
          40.7497929
        ]
      },
      "id": "node/7951139838"
    },
    {
      "type": "Feature",
      "properties": {
        "@id": "node/7951278062",
        "amenity": "pharmacy",
        "brand": "Duane Reade",
        "brand:wikidata": "Q5310380",
        "dispensing": "yes",
        "healthcare": "pharmacy",
        "name": "Duane Reade"
      },
      "geometry": {
        "type": "Point",
        "coordinates": [
          -74.0054967,
          40.7153984
        ]
      },
      "id": "node/7951278062"
    },
    {
      "type": "Feature",
      "properties": {
        "@id": "node/8060602381",
        "amenity": "dentist",
        "healthcare": "dentist",
        "name": "Sound Dental",
        "phone": "+1 917 261 6464",
        "website": "https://www.sounddentalnyc.com"
      },
      "geometry": {
        "type": "Point",
        "coordinates": [
          -74.0030763,
          40.7158415
        ]
      },
      "id": "node/8060602381"
    },
    {
      "type": "Feature",
      "properties": {
        "@id": "node/8097209366",
        "addr:housenumber": "1190",
        "addr:postcode": "10029",
        "addr:street": "5th Avenue",
        "addr:unit": "GP1 South",
        "amenity": "clinic",
        "health_specialty:cardiology": "cardiology",
        "healthcare": "clinic",
        "name": "The Leona M. and Harry B. Helmsley Charitable Trust Center for Electrophysiology",
        "phone": "+1 212-241-7114",
        "short_name": "Helmsley Center",
        "website": "https://www.mountsinai.org/locations/helmsley-center"
      },
      "geometry": {
        "type": "Point",
        "coordinates": [
          -73.9533564,
          40.790385
        ]
      },
      "id": "node/8097209366"
    },
    {
      "type": "Feature",
      "properties": {
        "@id": "node/8098170625",
        "amenity": "pharmacy",
        "healthcare": "pharmacy",
        "level": "0",
        "name": "Manhattan Chinatown Pharmacy",
        "phone": "+1-212-233-2833",
        "shop": "chemist"
      },
      "geometry": {
        "type": "Point",
        "coordinates": [
          -73.9967834,
          40.7162886
        ]
      },
      "id": "node/8098170625"
    },
    {
      "type": "Feature",
      "properties": {
        "@id": "node/8098170627",
        "addr:housenumber": "18",
        "addr:postcode": "10013",
        "addr:street": "Elizabeth Street",
        "amenity": "pharmacy",
        "healthcare": "pharmacy",
        "name": "18 Pharmacy",
        "phone": "+1-212-571-0027",
        "shop": "chemist"
      },
      "geometry": {
        "type": "Point",
        "coordinates": [
          -73.9972278,
          40.7159422
        ]
      },
      "id": "node/8098170627"
    },
    {
      "type": "Feature",
      "properties": {
        "@id": "node/8115165675",
        "addr:city": "New York",
        "addr:housenumber": "55",
        "addr:postcode": "10011",
        "addr:state": "NY",
        "addr:street": "West 17th Street",
        "addr:unit": "104",
        "amenity": "clinic",
        "email": "info@obgynecologistnyc.com",
        "healthcare": "clinic",
        "healthcare:speciality": "gynaecology",
        "name": "Dr. Fernando Mariz",
        "opening_hours": "Mo-Th 08:00-19:00; Fr 08:00-17:00",
        "operator": "Dr. Fernando Mariz, MD",
        "payment:american_express": "yes",
        "payment:cash": "yes",
        "payment:cheque": "yes",
        "payment:credit_cards": "yes",
        "payment:mastercard": "yes",
        "payment:visa": "yes",
        "phone": "+1-212-378-9985",
        "website": "https://www.obgynecologistnyc.com"
      },
      "geometry": {
        "type": "Point",
        "coordinates": [
          -73.9948278,
          40.7391598
        ]
      },
      "id": "node/8115165675"
    },
    {
      "type": "Feature",
      "properties": {
        "@id": "node/8115172382",
        "addr:city": "New York",
        "addr:housenumber": "983",
        "addr:postcode": "10028",
        "addr:state": "NY",
        "addr:street": "Park Avenue",
        "addr:unit": "1D17",
        "amenity": "clinic",
        "email": "info@obgynecologistnyc.com",
        "healthcare": "clinic",
        "healthcare:speciality": "gynaecology",
        "name": "Dr. Fernando Mariz",
        "opening_hours": "Mo-Th 08:00-19:00; Fr 08:00-17:00",
        "operator": "Dr. Fernando Mariz, MD",
        "operator:type": "public",
        "payment:american_express": "yes",
        "payment:cash": "yes",
        "payment:cheque": "yes",
        "payment:credit_cards": "yes",
        "payment:mastercard": "yes",
        "payment:visa": "yes",
        "phone": "+1-212-389-1904",
        "website": "https://www.obgynecologistnyc.com"
      },
      "geometry": {
        "type": "Point",
        "coordinates": [
          -73.958036,
          40.7781578
        ]
      },
      "id": "node/8115172382"
    },
    {
      "type": "Feature",
      "properties": {
        "@id": "node/8123686732",
        "addr:city": "Gorzów Wielkopolski",
        "addr:housenumber": "41B",
        "addr:postcode": "66-400",
        "addr:street": "Walczaka",
        "amenity": "clinic",
        "healthcare": "clinic",
        "name": "Lux Med",
        "phone": "+48 22 332 28 88",
        "website": "https://www.luxmed.pl/placowki/lux-med-ul-walczaka-41b-gorzow-wielkopolski"
      },
      "geometry": {
        "type": "Point",
        "coordinates": [
          15.270711,
          52.7580736
        ]
      },
      "id": "node/8123686732"
    },
    {
      "type": "Feature",
      "properties": {
        "@id": "node/8151656739",
        "addr:housenumber": "155",
        "addr:postcode": "10013",
        "addr:street": "Canal Street",
        "check_date:opening_hours": "2025-03-04",
        "healthcare": "laboratory",
        "healthcare:speciality": "diagnostic_radiology",
        "name": "CP Advanced Imaging",
        "opening_hours": "Mo-Su 09:00-18:00",
        "phone": "+1-212-219-9135",
        "website": "https://cpadvancedimaging.com"
      },
      "geometry": {
        "type": "Point",
        "coordinates": [
          -73.9963949,
          40.7165169
        ]
      },
      "id": "node/8151656739"
    },
    {
      "type": "Feature",
      "properties": {
        "@id": "node/8272824074",
        "addr:housenumber": "273",
        "addr:postcode": "10009",
        "addr:street": "East 3rd Street",
        "amenity": "pharmacy",
        "healthcare": "pharmacy",
        "name": "Loisaida Drugs & Surgical",
        "opening_hours": "Mo-Sa 10:00-16:30",
        "phone": "+1-212-254-7307"
      },
      "geometry": {
        "type": "Point",
        "coordinates": [
          -73.9802217,
          40.7216133
        ]
      },
      "id": "node/8272824074"
    },
    {
      "type": "Feature",
      "properties": {
        "@id": "node/8272824077",
        "addr:housenumber": "17",
        "addr:postcode": "10009",
        "addr:street": "Avenue D",
        "amenity": "dentist",
        "contact:instagram": "https://www.instagram.com/dr.arjunmehta/?hl=en",
        "healthcare": "dentist",
        "name": "Dental Place",
        "opening_hours": "Tu-We 11:00-19:00; Sa 11:00-16:00",
        "operator": "Arjun Mehta, DMD",
        "phone": "+1 212-674-1588",
        "website": "https://dentalplaceny.com/"
      },
      "geometry": {
        "type": "Point",
        "coordinates": [
          -73.9784628,
          40.7206076
        ]
      },
      "id": "node/8272824077"
    },
    {
      "type": "Feature",
      "properties": {
        "@id": "node/8375908262",
        "addr:city": "New York",
        "addr:housenumber": "1270",
        "addr:postcode": "10027",
        "addr:state": "NY",
        "addr:street": "Amsterdam Avenue",
        "healthcare": "alternative",
        "healthcare:speciality": "acupuncture",
        "name": "Body Mechanics Acupuncture",
        "phone": "+1-347-699-0858",
        "website": "https://www.bodymechanics.com/"
      },
      "geometry": {
        "type": "Point",
        "coordinates": [
          -73.9581245,
          40.8111369
        ]
      },
      "id": "node/8375908262"
    },
    {
      "type": "Feature",
      "properties": {
        "@id": "node/8375950591",
        "addr:city": "New York",
        "addr:housenumber": "1302",
        "addr:postcode": "10027",
        "addr:state": "NY",
        "addr:street": "Amsterdam Avenue",
        "amenity": "doctors",
        "healthcare": "doctor"
      },
      "geometry": {
        "type": "Point",
        "coordinates": [
          -73.957435,
          40.8121006
        ]
      },
      "id": "node/8375950591"
    },
    {
      "type": "Feature",
      "properties": {
        "@id": "node/8507453115",
        "addr:city": "New York",
        "addr:housenumber": "55",
        "addr:postcode": "10011",
        "addr:state": "NY",
        "addr:street": "West 17th Street",
        "addr:unit": "103",
        "amenity": "clinic",
        "email": "info@manhattandermatologistsnyc.com",
        "healthcare": "clinic",
        "healthcare:speciality": "dermatology",
        "name": "Dr. Susan Bard",
        "opening_hours": "Mo-Th 08:00-19:00; Fr 08:00-17:00",
        "operator": "Dr. Susan Bard",
        "payment:cash": "yes",
        "payment:cheque": "yes",
        "payment:credit_cards": "yes",
        "payment:mastercard": "yes",
        "payment:visa": "yes",
        "phone": "+1-212-378-9984",
        "website": "https://www.manhattandermatologistsnyc.com"
      },
      "geometry": {
        "type": "Point",
        "coordinates": [
          -73.9946826,
          40.7391319
        ]
      },
      "id": "node/8507453115"
    },
    {
      "type": "Feature",
      "properties": {
        "@id": "node/8507468725",
        "addr:city": "New York",
        "addr:housenumber": "983",
        "addr:postcode": "10028",
        "addr:state": "NY",
        "addr:street": "Park Avenue",
        "addr:unit": "1D1",
        "amenity": "clinic",
        "email": "info@manhattandermatologistsnyc.com",
        "healthcare": "clinic",
        "healthcare:speciality": "dermatology",
        "name": "Dr. Susan Bard",
        "opening_hours": "Mo-Th 08:00-19:00; Fr 08:00-17:00",
        "operator": "Dr. Susan Bard",
        "payment:cash": "yes",
        "payment:cheque": "yes",
        "payment:credit_cards": "yes",
        "payment:mastercard": "yes",
        "payment:visa": "yes",
        "phone": "+1-212-427-8750",
        "website": "https://www.manhattandermatologistsnyc.com"
      },
      "geometry": {
        "type": "Point",
        "coordinates": [
          -73.957965,
          40.7781487
        ]
      },
      "id": "node/8507468725"
    },
    {
      "type": "Feature",
      "properties": {
        "@id": "node/8507524783",
        "addr:city": "New York",
        "addr:housenumber": "983",
        "addr:postcode": "10028",
        "addr:state": "NY",
        "addr:street": "Park Avenue",
        "addr:unit": "1D14",
        "amenity": "clinic",
        "email": "info@footdoctorpodiatristnyc.com",
        "healthcare": "clinic",
        "healthcare:speciality": "podiatry",
        "name": "Dr. Mohammad Rimawi",
        "opening_hours": "Mo-Th 08:00-19:00; Fr 08:00-17:00",
        "operator": "Dr. Mohammad Rimawi, DPM",
        "payment:cash": "yes",
        "payment:cheque": "yes",
        "payment:credit_cards": "yes",
        "payment:mastercard": "yes",
        "payment:visa": "yes",
        "phone": "+1-212-389-1886",
        "start_date": "1990",
        "website": "https://www.footdoctorpodiatristnyc.com"
      },
      "geometry": {
        "type": "Point",
        "coordinates": [
          -73.9580066,
          40.778128
        ]
      },
      "id": "node/8507524783"
    },
    {
      "type": "Feature",
      "properties": {
        "@id": "node/8507549900",
        "addr:city": "New York",
        "addr:housenumber": "55",
        "addr:postcode": "10011",
        "addr:state": "NY",
        "addr:street": "West 17th Street",
        "addr:unit": "106",
        "amenity": "clinic",
        "email": "info@footdoctorpodiatristnyc.com",
        "healthcare": "clinic",
        "healthcare:speciality": "podiatry",
        "name": "Dr. Mohammad Rimawi",
        "opening_hours": "Mo-Th 08:00-19:00; Fr 08:00-17:00",
        "operator": "Dr. Mohammad Rimawi, DPM",
        "payment:cash": "yes",
        "payment:cheque": "yes",
        "payment:credit_cards": "yes",
        "phone": "+1-212-378-9991",
        "start_date": "1990",
        "website": "https://www.footdoctorpodiatristnyc.com"
      },
      "geometry": {
        "type": "Point",
        "coordinates": [
          -73.9946765,
          40.7391005
        ]
      },
      "id": "node/8507549900"
    },
    {
      "type": "Feature",
      "properties": {
        "@id": "node/8530354106",
        "amenity": "dentist",
        "healthcare": "dentist",
        "name": "Kids Dental",
        "opening_hours": "Mo-Sa 10:00-18:00",
        "phone": "+1-212-259-0595"
      },
      "geometry": {
        "type": "Point",
        "coordinates": [
          -73.9850714,
          40.7241937
        ]
      },
      "id": "node/8530354106"
    },
    {
      "type": "Feature",
      "properties": {
        "@id": "node/8551468894",
        "amenity": "pharmacy",
        "brand": "Duane Reade",
        "brand:wikidata": "Q5310380",
        "check_date": "2023-12-06",
        "healthcare": "pharmacy",
        "name": "Duane Reade"
      },
      "geometry": {
        "type": "Point",
        "coordinates": [
          -73.9716548,
          40.7572029
        ]
      },
      "id": "node/8551468894"
    },
    {
      "type": "Feature",
      "properties": {
        "@id": "node/8551468900",
        "brand": "Cohen's Fashion Optical",
        "brand:short": "Cohen's",
        "brand:wikidata": "Q5141313",
        "healthcare": "optometrist",
        "name": "Cohen's Fashion Optical",
        "shop": "optician",
        "short_name": "Cohen's",
        "wheelchair": "yes"
      },
      "geometry": {
        "type": "Point",
        "coordinates": [
          -73.9737772,
          40.7548348
        ]
      },
      "id": "node/8551468900"
    },
    {
      "type": "Feature",
      "properties": {
        "@id": "node/8627158471",
        "addr:housenumber": "1475",
        "addr:street": "2nd Avenue",
        "amenity": "pharmacy",
        "check_date": "2024-09-01",
        "delivery": "yes",
        "dispensing": "yes",
        "healthcare": "pharmacy",
        "name": "Value Price Pharmacy",
        "opening_hours": "Mo-Fr 08:30-20:00; Sa 09:00-18:00; Su 10:00-17:00",
        "opening_hours:covid19": "Mo-Fr 08:30-19:00; Sa 09:00-17:00; Su 10:00-17:00",
        "phone": "+1 212-535-4710"
      },
      "geometry": {
        "type": "Point",
        "coordinates": [
          -73.9563213,
          40.7719301
        ]
      },
      "id": "node/8627158471"
    },
    {
      "type": "Feature",
      "properties": {
        "@id": "node/8627158498",
        "addr:housenumber": "1425",
        "addr:postcode": "10021",
        "addr:street": "2nd Avenue",
        "amenity": "doctors",
        "check_date": "2025-07-22",
        "check_date:opening_hours": "2025-07-22",
        "healthcare": "doctor",
        "healthcare:speciality": "dermatology",
        "name": "The Dermatology Specialists",
        "opening_hours:signed": "no",
        "phone": "+1 212-385-3700",
        "website": "http://thedermspecs.com"
      },
      "geometry": {
        "type": "Point",
        "coordinates": [
          -73.9574989,
          40.7703134
        ]
      },
      "id": "node/8627158498"
    },
    {
      "type": "Feature",
      "properties": {
        "@id": "node/8630401985",
        "addr:city": "New York",
        "addr:housenumber": "1353",
        "addr:postcode": "10075",
        "addr:state": "NY",
        "addr:street": "3rd Avenue",
        "branch": "Upper East Side",
        "email": "visionaryopticsnyc@gmail.com",
        "fax": "+1-212-249-6367",
        "healthcare": "optometrist",
        "level": "0",
        "name": "Visionary Optics",
        "opening_hours": "Mo-Fr 10:30-17:00; Tu,Th 11:00-19:00",
        "phone": "+1 212-249-6365",
        "shop": "optician",
        "website": "https://www.visionaryoptics.com",
        "wheelchair": "yes"
      },
      "geometry": {
        "type": "Point",
        "coordinates": [
          -73.9579098,
          40.7731163
        ]
      },
      "id": "node/8630401985"
    },
    {
      "type": "Feature",
      "properties": {
        "@id": "node/8653473487",
        "addr:housenumber": "1498",
        "addr:postcode": "10028",
        "addr:street": "3rd Avenue",
        "addr:unit": "B",
        "check_date:opening_hours": "2025-07-15",
        "fax": "+1-212-288-2815",
        "healthcare": "alternative",
        "healthcare:speciality": "accupuncture",
        "level": "1",
        "name": "Chinese Acupuncture & Acupressure Center",
        "opening_hours": "Mo-Su 10:30-21:30",
        "opening_hours:signed": "no",
        "phone": "+1-212-288-9588"
      },
      "geometry": {
        "type": "Point",
        "coordinates": [
          -73.9548807,
          40.7779608
        ]
      },
      "id": "node/8653473487"
    },
    {
      "type": "Feature",
      "properties": {
        "@id": "node/8653571863",
        "addr:housenumber": "1498",
        "addr:postcode": "10028",
        "addr:street": "3rd Avenue",
        "amenity": "dentist",
        "email": "info@reitdds.com",
        "facebook": "glennreitdds",
        "healthcare": "dentist",
        "instagram": "reitdds",
        "level": "1",
        "name": "Glenn Reit D.D.S.",
        "phone": "+1 212-517-9000",
        "website": "https://www.reitdds.com"
      },
      "geometry": {
        "type": "Point",
        "coordinates": [
          -73.9548481,
          40.7779443
        ]
      },
      "id": "node/8653571863"
    },
    {
      "type": "Feature",
      "properties": {
        "@id": "node/8692133532",
        "amenity": "clinic",
        "check_date": "2024-04-26",
        "healthcare": "clinic",
        "name": "CityMD",
        "opening_hours": "Mo-Fr 08:00-20:00; Sa-Su 09:00-17:00",
        "operator": "CityMD",
        "operator:type": "private",
        "operator:wikidata": "Q22295471",
        "wheelchair": "yes"
      },
      "geometry": {
        "type": "Point",
        "coordinates": [
          -74.0016428,
          40.7464357
        ]
      },
      "id": "node/8692133532"
    },
    {
      "type": "Feature",
      "properties": {
        "@id": "node/8709392102",
        "addr:city": "New York",
        "addr:housenumber": "2273",
        "addr:postcode": "10024",
        "addr:street": "Broadway",
        "check_date": "2025-12-19",
        "healthcare": "physiotherapist",
        "name": "Spear Physical Thereapy",
        "phone": "+1-646-328-6040",
        "website": "https://spearcenter.com/locations/manhattan/upper-west-side-w-82nd-st/"
      },
      "geometry": {
        "type": "Point",
        "coordinates": [
          -73.9789188,
          40.7857259
        ]
      },
      "id": "node/8709392102"
    },
    {
      "type": "Feature",
      "properties": {
        "@id": "node/8719879768",
        "addr:housenumber": "17",
        "addr:postcode": "10029",
        "addr:street": "East 102nd Street",
        "amenity": "clinic",
        "health_specialty": "general",
        "healthcare": "clinic",
        "level": "6",
        "name": "Internal Medicine Associates",
        "opening_hours": "Mo-Th 08:30-19:00; Sa 09:00-13:30; Fr 08:30-16:00; Su off",
        "phone": "+1 212-659-8551",
        "website": "https://www.mountsinai.org/locations/mount-sinai/care/ambulatory-care/internal-medicine"
      },
      "geometry": {
        "type": "Point",
        "coordinates": [
          -73.9519531,
          40.7914963
        ]
      },
      "id": "node/8719879768"
    },
    {
      "type": "Feature",
      "properties": {
        "@id": "node/8765333020",
        "amenity": "pharmacy",
        "brand": "Duane Reade",
        "brand:wikidata": "Q5310380",
        "healthcare": "pharmacy",
        "name": "Duane Reade"
      },
      "geometry": {
        "type": "Point",
        "coordinates": [
          -74.0077783,
          40.7127837
        ]
      },
      "id": "node/8765333020"
    },
    {
      "type": "Feature",
      "properties": {
        "@id": "node/8769344517",
        "amenity": "pharmacy",
        "healthcare": "pharmacy",
        "name": "Tribeca Apothecary",
        "opening_hours": "Mo-Fr 09:00-18:00; Sa,Su 12:00-18:00",
        "wheelchair": "yes"
      },
      "geometry": {
        "type": "Point",
        "coordinates": [
          -74.0082591,
          40.7170037
        ]
      },
      "id": "node/8769344517"
    },
    {
      "type": "Feature",
      "properties": {
        "@id": "node/8789666433",
        "addr:housenumber": "525",
        "addr:postcode": "10009",
        "addr:street": "East 12th Street",
        "amenity": "dentist",
        "contact:email": "doctorlucente@gmail.com",
        "contact:facebook": "RODERICK-LUCENTE-DMD-PC-123582804319644",
        "contact:instagram": "doctorlucente",
        "contact:phone": "+1-212-777-1969",
        "contact:website": "http://doctorlucente.com",
        "healthcare": "dentist",
        "name": "Roderick Lucente, DMD, PC"
      },
      "geometry": {
        "type": "Point",
        "coordinates": [
          -73.980062,
          40.7286624
        ]
      },
      "id": "node/8789666433"
    },
    {
      "type": "Feature",
      "properties": {
        "@id": "node/8804608217",
        "amenity": "pharmacy",
        "brand": "Duane Reade",
        "brand:wikidata": "Q5310380",
        "healthcare": "pharmacy",
        "name": "Duane Reade"
      },
      "geometry": {
        "type": "Point",
        "coordinates": [
          -74.011312,
          40.707985
        ]
      },
      "id": "node/8804608217"
    },
    {
      "type": "Feature",
      "properties": {
        "@id": "node/8808753152",
        "addr:housenumber": "36",
        "addr:street": "West 44th Street",
        "addr:unit": "716",
        "amenity": "dentist",
        "healthcare": "dentist",
        "name": "Bright Smile Design Dental",
        "opening_hours": "Mo-Fr 09:00-18:00",
        "website": "https://www.brightsmiledesign.com"
      },
      "geometry": {
        "type": "Point",
        "coordinates": [
          -73.9818089,
          40.7554476
        ]
      },
      "id": "node/8808753152"
    },
    {
      "type": "Feature",
      "properties": {
        "@id": "node/8831369659",
        "addr:city": "New York",
        "addr:housenumber": "976",
        "addr:postcode": "10025",
        "addr:state": "NY",
        "addr:street": "Amsterdam Avenue",
        "healthcare": "physiotherapist",
        "name": "JAG Physical Therapy",
        "opening_hours": "Mo-Fr 07:00-19:00; Sa 08:00-14:00",
        "phone": "+1-212-222-9305",
        "website": "https://www.jagpt.com/physical-therapy-clinics/ny/morningside-heights/"
      },
      "geometry": {
        "type": "Point",
        "coordinates": [
          -73.9648801,
          40.8019296
        ]
      },
      "id": "node/8831369659"
    },
    {
      "type": "Feature",
      "properties": {
        "@id": "node/8851628757",
        "addr:city": "New York",
        "addr:housenumber": "276",
        "addr:postcode": "10001",
        "addr:state": "NY",
        "addr:street": "5th Avenue",
        "addr:unit": "307",
        "healthcare": "rehabilitation",
        "name": "Drug Rehab and Alcohol Detox Helpline, INC",
        "phone": "+1-917-672-5398",
        "website": "https://drugrehabalcoholdetox.com/locations/new-york/downtown-ny"
      },
      "geometry": {
        "type": "Point",
        "coordinates": [
          -73.9868332,
          40.7457488
        ]
      },
      "id": "node/8851628757"
    },
    {
      "type": "Feature",
      "properties": {
        "@id": "node/8872982360",
        "addr:city": "New York",
        "addr:housenumber": "1412",
        "addr:postcode": "10018",
        "addr:state": "NY",
        "addr:street": "Broadway",
        "amenity": "clinic",
        "branch": "West 39th",
        "check_date": "2024-01-27",
        "healthcare": "clinic",
        "name": "CityMD",
        "opening_hours": "Mo-Fr 08:00-20:00; Sa, Su 09:00-17:00",
        "operator": "CityMD",
        "operator:type": "private",
        "operator:wikidata": "Q22295471",
        "operator:wikipedia": "en:CityMD",
        "phone": "+1 646-518-1777",
        "website": "https://www.citymd.com/urgent-care-locations/ny/manhattan/west-39th/379",
        "wheelchair": "limited"
      },
      "geometry": {
        "type": "Point",
        "coordinates": [
          -73.9868326,
          40.7537894
        ]
      },
      "id": "node/8872982360"
    },
    {
      "type": "Feature",
      "properties": {
        "@id": "node/8880908686",
        "addr:city": "New York",
        "addr:housenumber": "95",
        "addr:postcode": "10002",
        "addr:state": "NY",
        "addr:street": "Bowery",
        "amenity": "pharmacy",
        "dispensing": "yes",
        "drive_through": "no",
        "healthcare": "pharmacy",
        "level": "0",
        "name": "Bowery Pharmacy",
        "opening_hours": "Mo-Su 10:00-17:00",
        "phone": "+1 212-219-0449",
        "shop": "chemist"
      },
      "geometry": {
        "type": "Point",
        "coordinates": [
          -73.9952005,
          40.7173158
        ]
      },
      "id": "node/8880908686"
    },
    {
      "type": "Feature",
      "properties": {
        "@id": "node/8919814944",
        "addr:city": "New York",
        "addr:housenumber": "157",
        "addr:postcode": "10065",
        "addr:state": "NY",
        "addr:street": "East 64th Street",
        "addr:unit": "2nd floor",
        "amenity": "doctors",
        "email": "info@skinlyaesthetics.com",
        "healthcare": "doctor",
        "healthcare:speciality": "dermatology",
        "name": "Skinly Aesthetics",
        "opening_hours": "Mo-Sa 10:00-20:00",
        "payment:cash": "yes",
        "payment:credit_cards": "yes",
        "start_date": "2015",
        "website": "https://skinlyaesthetics.com/"
      },
      "geometry": {
        "type": "Point",
        "coordinates": [
          -73.9655259,
          40.765424
        ]
      },
      "id": "node/8919814944"
    },
    {
      "type": "Feature",
      "properties": {
        "@id": "node/8951030800",
        "addr:city": "New York",
        "addr:floor": "17",
        "addr:housenumber": "590",
        "addr:postcode": "10036",
        "addr:state": "NY",
        "addr:street": "5th Avenue",
        "amenity": "doctors",
        "email": "hello@labiaplastynewyorkcity.com",
        "healthcare": "doctor",
        "healthcare:speciality": "plastic_surgery;gynaecology",
        "name": "Labiaplasty NYC",
        "opening_hours": "Mo-Fr 09:00-17:00; Sa 10:00-14:00",
        "operator": "Ammar Mahmoud",
        "operator:type": "business",
        "phone": "+1-212-451-9424",
        "website": "https://labiaplastynewyorkcity.com/"
      },
      "geometry": {
        "type": "Point",
        "coordinates": [
          -73.9785381,
          40.757102
        ]
      },
      "id": "node/8951030800"
    },
    {
      "type": "Feature",
      "properties": {
        "@id": "node/8956551521",
        "addr:city": "New York",
        "addr:housenumber": "41",
        "addr:postcode": "10003",
        "addr:state": "NY",
        "addr:street": "5th Avenue",
        "addr:unit": "1AB",
        "amenity": "doctors",
        "email": "help@advancedheadachecenter.com",
        "healthcare": "doctor;clinic",
        "healthcare:speciality": "pain_management",
        "name": "Dr. Amr Hosny",
        "opening_hours": "Mo-Fr 08:00-19:00; Mo,Th-Fr 09:00-17:00; Tu 08:00-19:00; We 09:00-19:00",
        "operator": "Dr. Amr Hosny, MD, MBA, FASA",
        "operator:type": "private",
        "payment:american_express": "yes",
        "payment:cash": "yes",
        "payment:cheque": "yes",
        "payment:credit_cards": "yes",
        "payment:mastercard": "yes",
        "payment:visa": "yes",
        "phone": "+1-646-763-2222",
        "website": "https://www.advancedheadachecenter.com"
      },
      "geometry": {
        "type": "Point",
        "coordinates": [
          -73.9948126,
          40.7337548
        ]
      },
      "id": "node/8956551521"
    },
    {
      "type": "Feature",
      "properties": {
        "@id": "node/8958124460",
        "addr:housenumber": "462",
        "addr:postcode": "10010",
        "addr:street": "2nd Avenue",
        "amenity": "pharmacy",
        "check_date": "2023-07-31",
        "healthcare": "pharmacy",
        "name": "Apotheco Pharmacy",
        "opening_hours": "Mo-Th 09:00-18:00; Sa 10:00-14:00",
        "phone": "+1-212-889-0022",
        "website": "https://www.apothecopharmacy.com/location/apotheco-pharmacy-manhattan/"
      },
      "geometry": {
        "type": "Point",
        "coordinates": [
          -73.9790194,
          40.740033
        ]
      },
      "id": "node/8958124460"
    },
    {
      "type": "Feature",
      "properties": {
        "@id": "node/9015419486",
        "addr:housenumber": "200",
        "addr:street": "East 72nd Street",
        "amenity": "dentist",
        "check_date": "2024-03-14",
        "healthcare": "dentist",
        "level": "0",
        "name": "Divine Smiles Dental"
      },
      "geometry": {
        "type": "Point",
        "coordinates": [
          -73.960189,
          40.7693689
        ]
      },
      "id": "node/9015419486"
    },
    {
      "type": "Feature",
      "properties": {
        "@id": "node/9036389130",
        "healthcare": "alternative",
        "healthcare:speciality": "chiropractic",
        "level": "2",
        "name": "East Village Physical Medicine",
        "phone": "+1-212-260-2213"
      },
      "geometry": {
        "type": "Point",
        "coordinates": [
          -73.9889318,
          40.7284941
        ]
      },
      "id": "node/9036389130"
    },
    {
      "type": "Feature",
      "properties": {
        "@id": "node/9081391960",
        "addr:housenumber": "1498",
        "addr:postcode": "10075",
        "addr:street": "York Avenue",
        "amenity": "pharmacy",
        "brand": "Duane Reade",
        "brand:wikidata": "Q5310380",
        "dispensing": "yes",
        "healthcare": "pharmacy",
        "name": "Duane Reade",
        "opening_hours": "Mo-Fr 09:00-21:00; Sa 09:00-18:00; Su 10:00-17:00 || 08:00-22:00 open \"Store\"",
        "phone": "+1 212-879-8990",
        "ref": "14232",
        "website": "https://www.walgreens.com/locator/duane+reade-1498+york+ave-new+york-ny-10075/id=14232"
      },
      "geometry": {
        "type": "Point",
        "coordinates": [
          -73.9500796,
          40.7714804
        ]
      },
      "id": "node/9081391960"
    },
    {
      "type": "Feature",
      "properties": {
        "@id": "node/9140832116",
        "amenity": "pharmacy",
        "brand": "CVS Pharmacy",
        "brand:website": "https://www.cvs.com/",
        "brand:wikidata": "Q2078880",
        "check_date": "2024-06-10",
        "healthcare": "pharmacy",
        "name": "CVS Pharmacy",
        "short_name": "CVS",
        "website": "https://www.cvs.com/store-locator/new-york-ny-pharmacies/65-5th-ave-new-york-ny-10003/storeid=10612"
      },
      "geometry": {
        "type": "Point",
        "coordinates": [
          -73.993496,
          40.7356855
        ]
      },
      "id": "node/9140832116"
    },
    {
      "type": "Feature",
      "properties": {
        "@id": "node/9140853418",
        "brand": "Cohen's Fashion Optical",
        "brand:wikidata": "Q5141313",
        "check_date": "2024-06-10",
        "healthcare": "optometrist",
        "name": "Cohen's Fashion Optical",
        "shop": "optician",
        "short_name": "Cohen's"
      },
      "geometry": {
        "type": "Point",
        "coordinates": [
          -73.9939487,
          40.7359371
        ]
      },
      "id": "node/9140853418"
    },
    {
      "type": "Feature",
      "properties": {
        "@id": "node/9188375880",
        "amenity": "dentist",
        "healthcare": "dentist",
        "name": "Gramercy Park Dental",
        "phone": "+1-212-889-0999",
        "wheelchair": "yes"
      },
      "geometry": {
        "type": "Point",
        "coordinates": [
          -73.9822649,
          40.7403799
        ]
      },
      "id": "node/9188375880"
    },
    {
      "type": "Feature",
      "properties": {
        "@id": "node/9233618003",
        "addr:housenumber": "1410",
        "addr:postcode": "10021",
        "addr:street": "2nd Avenue",
        "amenity": "pharmacy",
        "check_date": "2024-09-01",
        "dispensing": "yes",
        "drive_through": "no",
        "fax": "+1 212-879-2335",
        "healthcare": "pharmacy",
        "level": "0",
        "name": "New Drug Loft",
        "opening_hours": "Mo-Fr 09:00-18:00; Sa 09:00-16:00",
        "phone": "+1 212-879-0910",
        "website": "https://newdrugloft.com",
        "wheelchair": "yes"
      },
      "geometry": {
        "type": "Point",
        "coordinates": [
          -73.9573848,
          40.7697062
        ]
      },
      "id": "node/9233618003"
    },
    {
      "type": "Feature",
      "properties": {
        "@id": "node/9233658444",
        "addr:housenumber": "1226",
        "addr:street": "Lexington Avenue",
        "amenity": "pharmacy",
        "delivery": "yes",
        "dispensing": "yes",
        "drive_through": "no",
        "email": "refills@caligorpharmacy.com",
        "fax": "+1 212-628-4034",
        "healthcare": "pharmacy",
        "level": "0",
        "name": "Caligor Pharmacy",
        "opening_hours": "Mo-Fr 09:00-18:00; Sa 10:00-16:00",
        "phone": "+1 212-369-6000",
        "start_date": "1920",
        "website": "https://www.caligorpharmacy.com",
        "wheelchair": "yes"
      },
      "geometry": {
        "type": "Point",
        "coordinates": [
          -73.9572738,
          40.7774348
        ]
      },
      "id": "node/9233658444"
    },
    {
      "type": "Feature",
      "properties": {
        "@id": "node/9241632889",
        "amenity": "pharmacy",
        "brand": "Walgreens",
        "brand:wikidata": "Q1591889",
        "check_date": "2024-02-26",
        "dispensing": "yes",
        "healthcare": "pharmacy",
        "name": "Walgreens",
        "opening_hours": "Mo-Fr 10:00-19:00; Sa 09:00-18:00 open \"Pharmacy\"|| 07:00-22:00 open \"Store\""
      },
      "geometry": {
        "type": "Point",
        "coordinates": [
          -73.9589875,
          40.7675585
        ]
      },
      "id": "node/9241632889"
    },
    {
      "type": "Feature",
      "properties": {
        "@id": "node/9251587009",
        "amenity": "pharmacy",
        "brand": "CVS Pharmacy",
        "brand:website": "https://www.cvs.com/",
        "brand:wikidata": "Q2078880",
        "healthcare": "pharmacy",
        "name": "CVS Pharmacy",
        "opening_hours": "24/7",
        "short_name": "CVS",
        "website": "https://www.cvs.com/store-locator/new-york-ny-pharmacies/161-avenue-of-the-americas-new-york-ny-10013/storeid=10933"
      },
      "geometry": {
        "type": "Point",
        "coordinates": [
          -74.0042932,
          40.7256759
        ]
      },
      "id": "node/9251587009"
    },
    {
      "type": "Feature",
      "properties": {
        "@id": "node/9275819958",
        "addr:city": "New York",
        "addr:postcode": "10013",
        "addr:state": "NY",
        "addr:street": "Bowery",
        "amenity": "pharmacy",
        "healthcare": "pharmacy",
        "name": "Healthy Pharmacy",
        "opening_hours": "Mo-Fr 09:30-18:30; Sa-Su 10:00-18:00",
        "phone": "+1-212-966-8682",
        "shop": "chemist"
      },
      "geometry": {
        "type": "Point",
        "coordinates": [
          -73.9952487,
          40.7179647
        ]
      },
      "id": "node/9275819958"
    },
    {
      "type": "Feature",
      "properties": {
        "@id": "node/9275819962",
        "amenity": "clinic",
        "healthcare": "clinic",
        "name": "Excelsior Medical",
        "opening_hours": "Mo-Su 09:00-17:00",
        "phases": "+1-212-335-0328"
      },
      "geometry": {
        "type": "Point",
        "coordinates": [
          -73.9954946,
          40.7175655
        ]
      },
      "id": "node/9275819962"
    },
    {
      "type": "Feature",
      "properties": {
        "@id": "node/9306571364",
        "amenity": "pharmacy",
        "brand:wikipedia": "en:Dillons",
        "dispensing": "yes",
        "healthcare": "pharmacy",
        "name": "Dillons Pharmacy",
        "opening_hours": "Mo-Fr 08:00-20:00; Sa 09:00-18:00; Su 11:00-18:00",
        "phone": "+1-785-539-9454"
      },
      "geometry": {
        "type": "Point",
        "coordinates": [
          -96.6104918,
          39.1908349
        ]
      },
      "id": "node/9306571364"
    },
    {
      "type": "Feature",
      "properties": {
        "@id": "node/9313439658",
        "addr:housenumber": "1619",
        "addr:postcode": "10019",
        "addr:street": "Broadway",
        "amenity": "pharmacy",
        "brand": "CVS Pharmacy",
        "brand:website": "https://www.cvs.com/",
        "brand:wikidata": "Q2078880",
        "check_date": "2025-05-03",
        "healthcare": "pharmacy",
        "name": "CVS Pharmacy",
        "opening_hours": "Mo-Fr 08:00-21:00; Sa, Su 09:00-18:00 open \"Pharmacy\" || 24/7 open \"Store\"",
        "short_name": "CVS",
        "website": "https://www.cvs.com/store-locator/new-york-ny-pharmacies/1619-broadway-on-the-corner-of-west-49th-street-new-york-ny-10019/storeid=11059"
      },
      "geometry": {
        "type": "Point",
        "coordinates": [
          -73.9845913,
          40.7609689
        ]
      },
      "id": "node/9313439658"
    },
    {
      "type": "Feature",
      "properties": {
        "@id": "node/9371206974",
        "amenity": "clinic",
        "healthcare": "clinic",
        "name": "Joan H. and Preston Robert Tisch Center",
        "operator": "NYU Langone Health",
        "operator:type": "private",
        "operator:wikidata": "Q6956114",
        "website": "https://nyulangone.org/"
      },
      "geometry": {
        "type": "Point",
        "coordinates": [
          -73.9856565,
          40.7172232
        ]
      },
      "id": "node/9371206974"
    },
    {
      "type": "Feature",
      "properties": {
        "@id": "node/9391198545",
        "addr:city": "New York",
        "addr:housenumber": "1976",
        "addr:postcode": "10029",
        "addr:state": "NY",
        "addr:street": "2nd Avenue",
        "amenity": "clinic",
        "branch": "East Harlem",
        "healthcare": "clinic",
        "name": "Zipcare Urgent Care",
        "opening_hours": "Mo-Fr, Su 08:00-20:00",
        "phone": "+1 212-879-6000",
        "website": "https://zipcare.net/ZipCare-east-harlem.php"
      },
      "geometry": {
        "type": "Point",
        "coordinates": [
          -73.9443244,
          40.7877103
        ]
      },
      "id": "node/9391198545"
    },
    {
      "type": "Feature",
      "properties": {
        "@id": "node/9407597231",
        "addr:city": "New York",
        "addr:housenumber": "41",
        "addr:postcode": "10003",
        "addr:state": "NY",
        "addr:street": "5th Avenue",
        "addr:unit": "1ABV",
        "amenity": "doctors",
        "email": "info@veincarecenter.com",
        "healthcare": "doctor",
        "healthcare:speciality": "vascular_surgery",
        "name": "Vein Care Center",
        "opening_hours": "Mo-Fr 09:00-18:00",
        "operator": "Dr. Jonathan Arad, MD",
        "operator:type": "private",
        "payment:american_express": "yes",
        "payment:cash": "yes",
        "payment:cheque": "yes",
        "payment:credit_cards": "yes",
        "payment:mastercard": "yes",
        "payment:visa": "yes",
        "phone": "+1-212-242-8164",
        "start_date": "2020",
        "website": "https://www.veincarecenter.com"
      },
      "geometry": {
        "type": "Point",
        "coordinates": [
          -73.9948929,
          40.7338132
        ]
      },
      "id": "node/9407597231"
    },
    {
      "type": "Feature",
      "properties": {
        "@id": "node/9426321075",
        "healthcare": "alternative",
        "healthcare:speciality": "acupuncture",
        "name": "Chen's Herb Supply",
        "shop": "herbalist"
      },
      "geometry": {
        "type": "Point",
        "coordinates": [
          -73.9958867,
          40.718108
        ]
      },
      "id": "node/9426321075"
    },
    {
      "type": "Feature",
      "properties": {
        "@id": "node/9426321077",
        "addr:city": "New York",
        "addr:housenumber": "223",
        "addr:postcode": "10013",
        "addr:state": "NY",
        "addr:street": "Grand Street",
        "amenity": "pharmacy",
        "healthcare": "pharmacy",
        "name": "A.M. Pharmacy II",
        "opening_hours": "Mo-Sa 09:30-18:00; Su 10:00-18:00",
        "phone": "+1-212-226-8832",
        "shop": "chemist"
      },
      "geometry": {
        "type": "Point",
        "coordinates": [
          -73.9956311,
          40.7186251
        ]
      },
      "id": "node/9426321077"
    },
    {
      "type": "Feature",
      "properties": {
        "@id": "node/9440330135",
        "addr:city": "New York",
        "addr:housenumber": "150",
        "addr:postcode": "10023",
        "addr:state": "NY",
        "addr:street": "Amsterdam Avenue",
        "amenity": "doctors",
        "branch": "Manhattan",
        "healthcare": "doctor",
        "healthcare:speciality": "oncology",
        "internet_access": "wlan",
        "internet_access:fee": "no",
        "level": "0",
        "name": "NYCyberKnife at Perlmutter Cancer Center",
        "operator": "NYU Langone Hospitals",
        "phone": "+1-866-946-8476",
        "website": "https://nyulangone.org/locations/nycyberknife-at-perlmutter-cancer-center-manhattan",
        "wheelchair": "yes"
      },
      "geometry": {
        "type": "Point",
        "coordinates": [
          -73.9843582,
          40.775232
        ]
      },
      "id": "node/9440330135"
    },
    {
      "type": "Feature",
      "properties": {
        "@id": "node/9455429658",
        "addr:city": "New York",
        "addr:housenumber": "30",
        "addr:postcode": "10024",
        "addr:state": "NY",
        "addr:street": "West 86th Street",
        "addr:unit": "Suite 1F",
        "email": "Kirsten@KirstenCantley.com",
        "healthcare": "psychotherapist",
        "healthcare:speciality": "psychotherapist",
        "name": "Cantley Counseling",
        "opening_hours": "Mo-Fr 08:00-21:00; Sa,Su 08:00-18:00",
        "payment:american_express": "yes",
        "payment:cash": "yes",
        "payment:cheque": "yes",
        "payment:mastercard": "yes",
        "payment:paypal": "yes",
        "payment:visa": "yes",
        "phone": "+1-864-301-1031",
        "website": "https://kirstencantley.com/"
      },
      "geometry": {
        "type": "Point",
        "coordinates": [
          -73.9709784,
          40.7857991
        ]
      },
      "id": "node/9455429658"
    },
    {
      "type": "Feature",
      "properties": {
        "@id": "node/9462587854",
        "addr:city": "New York",
        "addr:housenumber": "950",
        "addr:postcode": "10022",
        "addr:state": "NY",
        "addr:street": "3rd Avenue",
        "addr:unit": "3rd floor",
        "amenity": "doctors",
        "email": "mail@vrmny.com",
        "fax": "+1-212-628-0698",
        "healthcare": "doctor",
        "healthcare:speciality": "ophthalmology",
        "image": "https://www.vrmny.com/wp-content/uploads/2021/12/retina-center-doctors.jpg",
        "internet_access": "wlan",
        "name": "Dr. Lawrence A. Yannuzzi, MD",
        "opening_hours": "Mo-Fr 08:00-17:00",
        "operator": "Dr. Lawrence A. Yannuzzi, MD",
        "operator:type": "private",
        "payment:cash": "yes",
        "payment:cheque": "yes",
        "payment:credit_cards": "yes",
        "phone": "+1-212-861-9797",
        "start_date": "2006",
        "website": "https://www.vrmny.com/"
      },
      "geometry": {
        "type": "Point",
        "coordinates": [
          -73.9680369,
          40.7602015
        ]
      },
      "id": "node/9462587854"
    },
    {
      "type": "Feature",
      "properties": {
        "@id": "node/9493996035",
        "addr:city": "New York",
        "addr:housenumber": "536",
        "addr:postcode": "10033",
        "addr:state": "NY",
        "addr:street": "Fort Washington Avenue",
        "addr:unit": "E",
        "amenity": "dentist",
        "check_date": "2026-05-07",
        "healthcare": "dentist",
        "name": "Sound Dentistry",
        "phone": "+1-212-795-8989",
        "website": "http://sound-dentistry.com/"
      },
      "geometry": {
        "type": "Point",
        "coordinates": [
          -73.9373341,
          40.8531651
        ]
      },
      "id": "node/9493996035"
    },
    {
      "type": "Feature",
      "properties": {
        "@id": "node/9509327346",
        "addr:city": "New York",
        "addr:housenumber": "3181",
        "addr:postcode": "10027",
        "addr:state": "NY",
        "addr:street": "Broadway",
        "amenity": "pharmacy",
        "dispensing": "yes",
        "healthcare": "pharmacy",
        "name": "Claremont Pharmacy"
      },
      "geometry": {
        "type": "Point",
        "coordinates": [
          -73.9588901,
          40.8153657
        ]
      },
      "id": "node/9509327346"
    },
    {
      "type": "Feature",
      "properties": {
        "@id": "node/9547662381",
        "addr:city": "New York",
        "addr:housenumber": "540",
        "addr:postcode": "10024",
        "addr:state": "NY",
        "addr:street": "Amsterdam Avenue",
        "amenity": "pharmacy",
        "brand": "CVS Pharmacy",
        "brand:website": "https://www.cvs.com/",
        "brand:wikidata": "Q2078880",
        "check_date": "2025-01-30",
        "dispensing": "yes",
        "drive_through": "no",
        "healthcare": "pharmacy",
        "level": "0",
        "name": "CVS Pharmacy",
        "opening_hours": "24/7 open \"Store\" || 24/7 open \"Pharmacy\"",
        "phone": "+1 212-712-2821",
        "short_name": "CVS",
        "website": "https://www.cvs.com/store-locator/new-york-ny-pharmacies/540-amsterdam-avenue-btwn-86th-and-87th-st-new-york-ny-10024/storeid=2445",
        "wheelchair": "yes"
      },
      "geometry": {
        "type": "Point",
        "coordinates": [
          -73.9751099,
          40.7879413
        ]
      },
      "id": "node/9547662381"
    },
    {
      "type": "Feature",
      "properties": {
        "@id": "node/9552389472",
        "addr:city": "Gorzów Wielkopolski",
        "addr:housenumber": "1",
        "addr:postcode": "66-400",
        "addr:street": "Jana Dekerta",
        "amenity": "clinic",
        "blood:whole": "yes",
        "description": "W budynku Hotelu Pracowniczego przy ulicy Dekerta. Godziny otwarcia to godziny pracy rejestracji dla dawców.",
        "email": "dawcy@rckik.zgora.pl",
        "healthcare": "blood_donation",
        "name": "RCKiK w Gorzowie Wielkopolskim",
        "opening_hours": "Mo-Fr 07:00-13:00",
        "operator": "Regionalne Centrum Krwiodawstwa i Krwiolecznictwa w Zielonej Górze",
        "phone": "+48 95 722 92 49",
        "website": "https://rckik.zgora.pl/"
      },
      "geometry": {
        "type": "Point",
        "coordinates": [
          15.2376266,
          52.7632566
        ]
      },
      "id": "node/9552389472"
    },
    {
      "type": "Feature",
      "properties": {
        "@id": "node/9553068940",
        "addr:housenumber": "1400",
        "addr:postcode": "10026",
        "addr:street": "5th Avenue",
        "amenity": "clinic",
        "email": "PTharlem@ptharlem.com",
        "fax": "+1 212-996-9686",
        "healthcare": "physiotherapist",
        "level": "0",
        "name": "Physical Therapy of Harlem",
        "opening_hours": "Mo-Fr 08:00-19:00",
        "phone": "+1 212-996-3303",
        "website": "ptharlem.com"
      },
      "geometry": {
        "type": "Point",
        "coordinates": [
          -73.9471583,
          40.8007532
        ]
      },
      "id": "node/9553068940"
    },
    {
      "type": "Feature",
      "properties": {
        "@id": "node/9553068950",
        "addr:housenumber": "102",
        "addr:postcode": "10026",
        "addr:street": "West 116th Street",
        "amenity": "pharmacy",
        "delivery": "yes",
        "dispensing": "yes",
        "healthcare": "pharmacy",
        "level": "0",
        "name": "Harlem RX",
        "opening_hours": "Mo-Fr 09:00-19:00; Sa 09:00-15:00",
        "phone": "+1 212-666-8100",
        "website": "https://www.mygnp.com/pharmacies/harlem-rx-new-york-ny-10026",
        "wheelchair": "yes"
      },
      "geometry": {
        "type": "Point",
        "coordinates": [
          -73.9500536,
          40.8020016
        ]
      },
      "id": "node/9553068950"
    },
    {
      "type": "Feature",
      "properties": {
        "@id": "node/9579194109",
        "addr:housenumber": "380",
        "addr:postcode": "10010",
        "addr:street": "2nd Avenue",
        "amenity": "clinic",
        "healthcare": "clinic",
        "name": "Gramercy Diagnostic Radiology",
        "operator": "NYU Langone Health",
        "operator:type": "private",
        "operator:wikidata": "Q6956114"
      },
      "geometry": {
        "type": "Point",
        "coordinates": [
          -73.9813693,
          40.7369053
        ]
      },
      "id": "node/9579194109"
    },
    {
      "type": "Feature",
      "properties": {
        "@id": "node/9579194110",
        "addr:housenumber": "380",
        "addr:postcode": "10010",
        "addr:street": "2nd Avenue",
        "amenity": "clinic",
        "healthcare": "clinic",
        "name": "East Side Endoscopy",
        "opening_hours": "Mo-Sa 07:00-16:00",
        "phone": "+1-212-375-1065"
      },
      "geometry": {
        "type": "Point",
        "coordinates": [
          -73.9813015,
          40.737007
        ]
      },
      "id": "node/9579194110"
    },
    {
      "type": "Feature",
      "properties": {
        "@id": "node/9579194115",
        "addr:housenumber": "245",
        "addr:postcode": "10010",
        "addr:street": "East 21st Street",
        "amenity": "dentist",
        "healthcare": "dentist",
        "name": "Royal Orthodontics",
        "phone": "+1-212-683-1370"
      },
      "geometry": {
        "type": "Point",
        "coordinates": [
          -73.9819575,
          40.7367729
        ]
      },
      "id": "node/9579194115"
    },
    {
      "type": "Feature",
      "properties": {
        "@id": "node/9579352925",
        "addr:city": "Gorzów Wielkopolski",
        "addr:housenumber": "30",
        "addr:postcode": "66-400",
        "addr:street": "Kombatantów",
        "amenity": "pharmacy",
        "dispensing": "yes",
        "drive_through": "no",
        "healthcare": "pharmacy",
        "name": "Vita-Pharm",
        "ref:csioz": "1199981"
      },
      "geometry": {
        "type": "Point",
        "coordinates": [
          15.2604406,
          52.7602095
        ]
      },
      "id": "node/9579352925"
    },
    {
      "type": "Feature",
      "properties": {
        "@id": "node/9579373620",
        "addr:city": "Gorzów Wielkopolski",
        "addr:housenumber": "16/16c",
        "addr:postcode": "66-400",
        "addr:street": "Szarych Szeregów",
        "amenity": "pharmacy",
        "dispensing": "yes",
        "name": "Apteka Gemini",
        "ref:csioz": "1116548"
      },
      "geometry": {
        "type": "Point",
        "coordinates": [
          15.2659413,
          52.7626274
        ]
      },
      "id": "node/9579373620"
    },
    {
      "type": "Feature",
      "properties": {
        "@id": "node/9579387068",
        "addr:city": "Gorzów Wielkopolski",
        "addr:housenumber": "38",
        "addr:postcode": "66-400",
        "addr:street": "Szarych Szeregów",
        "amenity": "pharmacy",
        "dispensing": "yes",
        "name": "Ziko Apteka",
        "ref:csioz": "1149825",
        "website": "https://zikoapteka.pl/apteki/gorzow-wielkopolski/szarych-szeregow-38/"
      },
      "geometry": {
        "type": "Point",
        "coordinates": [
          15.2629457,
          52.7633179
        ]
      },
      "id": "node/9579387068"
    },
    {
      "type": "Feature",
      "properties": {
        "@id": "node/9586083806",
        "addr:housenumber": "131",
        "addr:postcode": "10022",
        "addr:street": "East 60th Street",
        "amenity": "pharmacy",
        "email": "gallerydrug131@gmail.com",
        "fax": "+1 212-644-2759",
        "healthcare": "pharmacy",
        "level": "0",
        "name": "Gallery Drug",
        "phone": "+1 212-838-6765",
        "website": "https://www.gallerydrugrx.com/"
      },
      "geometry": {
        "type": "Point",
        "coordinates": [
          -73.9680432,
          40.7630963
        ]
      },
      "id": "node/9586083806"
    },
    {
      "type": "Feature",
      "properties": {
        "@id": "node/9596580376",
        "addr:housenumber": "352",
        "addr:postcode": "10001",
        "addr:state": "NY",
        "addr:street": "7th Avenue",
        "addr:unit": "Suite 1111",
        "check_date": "2023-04-05",
        "healthcare": "psychotherapist",
        "healthcare:speciality": "relationship",
        "name": "The Relationship Suite",
        "opening_hours": "\"By Appointment\"",
        "phone": "+1-917-273-8836",
        "website": "https://www.relationshipsuite.com"
      },
      "geometry": {
        "type": "Point",
        "coordinates": [
          -73.9929769,
          40.7483429
        ]
      },
      "id": "node/9596580376"
    },
    {
      "type": "Feature",
      "properties": {
        "@id": "node/9597663249",
        "addr:city": "New York",
        "addr:housenumber": "41",
        "addr:postcode": "10013",
        "addr:state": "NY",
        "addr:street": "Elizabeth Street",
        "addr:unit": "Suite 702",
        "brand": "Quest Diagnostics",
        "brand:wikidata": "Q7271456",
        "fax": "+1-212-374-2257",
        "healthcare": "laboratory",
        "name": "Quest Diagnostics",
        "opening_hours": "Mo-Fr 08:00-12:00, 13:00-16:00",
        "phone": "+1-212-374-2255",
        "website": "https://www.questdiagnostics.com/locations/detail.html/VFB/10013/25/1"
      },
      "geometry": {
        "type": "Point",
        "coordinates": [
          -73.9968987,
          40.71705
        ]
      },
      "id": "node/9597663249"
    },
    {
      "type": "Feature",
      "properties": {
        "@id": "node/9659272005",
        "addr:housenumber": "232",
        "addr:postcode": "10016",
        "addr:street": "East 30th Street",
        "amenity": "clinic",
        "healthcare": "clinic",
        "name": "Concorde Medical Group",
        "website": "https://www.concordemed.com/locations/232-east-30th-street/"
      },
      "geometry": {
        "type": "Point",
        "coordinates": [
          -73.9787762,
          40.7425065
        ]
      },
      "id": "node/9659272005"
    },
    {
      "type": "Feature",
      "properties": {
        "@id": "node/9680581752",
        "addr:city": "New York",
        "addr:housenumber": "308",
        "addr:postcode": "10001",
        "addr:state": "NY",
        "addr:street": "5th Avenue",
        "amenity": "clinic",
        "email": "info@hairtransplantsnewyork.com",
        "healthcare": "clinic",
        "healthcare:speciality": "health_care_services;hair_replacement;hair_restoration;hair_transplants",
        "name": "New York Hair Transplant Center",
        "opening_hours": "Mo-Su 10:00-18:00",
        "phone": "+1-646-503-1635",
        "website": "https://www.hairtransplantsnewyork.com/"
      },
      "geometry": {
        "type": "Point",
        "coordinates": [
          -73.9859769,
          40.746923
        ]
      },
      "id": "node/9680581752"
    },
    {
      "type": "Feature",
      "properties": {
        "@id": "node/9726158587",
        "addr:street": "Lexington Avenue",
        "amenity": "pharmacy",
        "delivery": "yes",
        "dispensing": "yes",
        "healthcare": "pharmacy",
        "name": "Lexington Avenue Pharmacy",
        "phone": "+1 212-426-5555"
      },
      "geometry": {
        "type": "Point",
        "coordinates": [
          -73.9378101,
          40.8040936
        ]
      },
      "id": "node/9726158587"
    },
    {
      "type": "Feature",
      "properties": {
        "@id": "node/9732492358",
        "addr:city": "New York",
        "addr:housenumber": "44",
        "addr:postcode": "10011",
        "addr:state": "NY",
        "addr:street": "West 10th Street",
        "addr:unit": "1A",
        "amenity": "dentist",
        "email": "info@shalmandentistry.com",
        "healthcare": "dentist",
        "healthcare:speciality": "dentist",
        "internet_access": "wlan",
        "name": "Shalman Dentistry",
        "opening_hours": "Mo-Th 09:00-17:00; Fr 08:00-14:00",
        "operator": "Dr. Alex Shalman, DDS",
        "payment:cash": "yes",
        "payment:checks": "yes",
        "payment:mastercard": "yes",
        "payment:visa": "yes",
        "phone": "+1-212-658-1093",
        "start_date": "2016",
        "website": "https://www.shalmandentistry.com"
      },
      "geometry": {
        "type": "Point",
        "coordinates": [
          -73.997521,
          40.7341365
        ]
      },
      "id": "node/9732492358"
    },
    {
      "type": "Feature",
      "properties": {
        "@id": "node/9737988790",
        "addr:housenumber": "150",
        "addr:street": "East 42nd Street",
        "amenity": "pharmacy",
        "brand": "CVS Pharmacy",
        "brand:website": "https://www.cvs.com/",
        "brand:wikidata": "Q2078880",
        "check_date": "2025-02-03",
        "dispensing": "yes",
        "drive_through": "no",
        "healthcare": "pharmacy",
        "name": "CVS Pharmacy",
        "opening_hours": "24/7",
        "payment:cash": "yes",
        "payment:credit_cards": "yes",
        "payment:mastercard": "yes",
        "payment:visa": "yes",
        "phone": "+1 212-661-8139",
        "short_name": "CVS",
        "website": "https://www.cvs.com/store-locator/new-york-ny-pharmacies/150-east-42nd-st-btwn-3rd-and-lexington-ave-new-york-ny-10017/storeid=7019",
        "wheelchair": "yes"
      },
      "geometry": {
        "type": "Point",
        "coordinates": [
          -73.9748159,
          40.7506733
        ]
      },
      "id": "node/9737988790"
    },
    {
      "type": "Feature",
      "properties": {
        "@id": "node/9743440032",
        "addr:city": "New York",
        "addr:country": "US",
        "addr:housenumber": "799",
        "addr:postcode": "10003",
        "addr:state": "NY",
        "addr:street": "Broadway",
        "addr:unit": "333",
        "fax": "+1-212-227-7945",
        "healthcare": "psychotherapist",
        "healthcare:speciality": "physiotherapy",
        "name": "Arlene Schmutter, LCSW, PSYA",
        "operator": "Arlene Schmutter",
        "phone": "+1-212-353-3736",
        "start_date": "1989",
        "website": "https://arleneschmutter.com"
      },
      "geometry": {
        "type": "Point",
        "coordinates": [
          -73.9915084,
          40.7323241
        ]
      },
      "id": "node/9743440032"
    },
    {
      "type": "Feature",
      "properties": {
        "@id": "node/9752988957",
        "addr:city": "New York",
        "addr:housenumber": "80",
        "addr:postcode": "10038",
        "addr:state": "NY",
        "addr:street": "Maiden Lane",
        "addr:unit": "905A",
        "amenity": "clinic",
        "email": "info@physicaltherapistsnyc.com",
        "healthcare": "clinic",
        "healthcare:speciality": "physiotherapy",
        "name": "Physical Therapists",
        "opening_hours": "Mo-Th 07:30-20:00; Fr 07:30-15:00; Su 09:00-14:00",
        "payment:cash": "yes",
        "payment:cheque": "yes",
        "payment:credit_cards": "yes",
        "phone": "+1-212-386-7979",
        "start_date": "2019",
        "website": "https://www.physicaltherapistsnyc.com"
      },
      "geometry": {
        "type": "Point",
        "coordinates": [
          -74.0077006,
          40.70714
        ]
      },
      "id": "node/9752988957"
    },
    {
      "type": "Feature",
      "properties": {
        "@id": "node/9753289205",
        "addr:city": "New York",
        "addr:housenumber": "75",
        "addr:postcode": "10038",
        "addr:state": "NY",
        "addr:street": "Maiden Lane",
        "amenity": "clinic",
        "contact:facebook": "nyketamineinfusions",
        "contact:twitter": "nyketamine",
        "email": "patientcare@nyketamine.com",
        "healthcare": "clinic",
        "level": "9",
        "name": "NY Ketamine Infusions",
        "opening_hours": "08:00-18:00",
        "phone": "+1 917-909-5768",
        "website": "https://nyketamine.com/location-new-york"
      },
      "geometry": {
        "type": "Point",
        "coordinates": [
          -74.0074924,
          40.7077863
        ]
      },
      "id": "node/9753289205"
    },
    {
      "type": "Feature",
      "properties": {
        "@id": "node/9754336944",
        "addr:city": "New York",
        "addr:housenumber": "241",
        "addr:postcode": "10024",
        "addr:state": "NY",
        "addr:street": "Central Park West",
        "addr:unit": "1C",
        "email": "Rachel@TheRelationshipSuite.com",
        "healthcare": "counselling",
        "name": "The Relationship Suite",
        "opening_hours": "Mo-Fr 08:00-22:00; Sa 09:00-18:00; Su off",
        "payment:credit_cards": "yes",
        "phone": "+1-917-273-8836",
        "website": "https://relationshipsuite.com/"
      },
      "geometry": {
        "type": "Point",
        "coordinates": [
          -73.9704079,
          40.7841822
        ]
      },
      "id": "node/9754336944"
    },
    {
      "type": "Feature",
      "properties": {
        "@id": "node/9821146767",
        "amenity": "clinic",
        "healthcare": "clinic",
        "name": "MiDoctor Urgent Care"
      },
      "geometry": {
        "type": "Point",
        "coordinates": [
          -73.9897468,
          40.7627093
        ]
      },
      "id": "node/9821146767"
    },
    {
      "type": "Feature",
      "properties": {
        "@id": "node/9872765492",
        "amenity": "pharmacy",
        "healthcare": "pharmacy",
        "level": "1"
      },
      "geometry": {
        "type": "Point",
        "coordinates": [
          -73.973401,
          40.7426552
        ]
      },
      "id": "node/9872765492"
    },
    {
      "type": "Feature",
      "properties": {
        "@id": "node/9873034477",
        "amenity": "dentist",
        "healthcare": "dentist",
        "name": "Coliseum Dental East",
        "phone": "+1-212-757-3183",
        "website": "https://coliseumdental.com"
      },
      "geometry": {
        "type": "Point",
        "coordinates": [
          -73.9767402,
          40.7443773
        ]
      },
      "id": "node/9873034477"
    },
    {
      "type": "Feature",
      "properties": {
        "@id": "node/9873500189",
        "amenity": "pharmacy",
        "healthcare": "pharmacy",
        "name": "18 Pharmacy",
        "opening_hours": "Mo-Su 09:00-18:00"
      },
      "geometry": {
        "type": "Point",
        "coordinates": [
          -73.9953498,
          40.7169904
        ]
      },
      "id": "node/9873500189"
    },
    {
      "type": "Feature",
      "properties": {
        "@id": "node/9884451778",
        "addr:city": "New York",
        "addr:housenumber": "635",
        "addr:postcode": "10022",
        "addr:state": "NY",
        "addr:street": "Madison Avenue",
        "contact:email": "info@anandmedicalspa.com",
        "contact:facebook": "https://www.facebook.com/AnandMedicalSpa",
        "contact:linkedin": "https://www.linkedin.com/in/dr-sunanda-chugh-58aa571",
        "contact:twitter": "https://twitter.com/AnandMedicalSpa",
        "healthcare": "clinic",
        "name": "Anand Medical Spa",
        "payment:credit_cards": "yes",
        "phone": "+1-646-653-9693",
        "website": "https://anandmedicalspa.com/"
      },
      "geometry": {
        "type": "Point",
        "coordinates": [
          -73.9709281,
          40.7636838
        ]
      },
      "id": "node/9884451778"
    },
    {
      "type": "Feature",
      "properties": {
        "@id": "node/9885159217",
        "addr:city": "New York",
        "addr:housenumber": "827",
        "addr:postcode": "10019",
        "addr:state": "NY",
        "addr:street": "11th Avenue",
        "amenity": "clinic",
        "contact:facebook": "https://www.facebook.com/pg/Century-Medical-Dental-Center-233891590704388",
        "email": "centurymedicalanddentalpc@gmail.com",
        "healthcare": "clinic",
        "healthcare:speciality": "nephrology;ophthalmology;internal;urology;neurology;endocrinology",
        "name": "Century Medical & Dental Center",
        "opening_hours": "Mo-Sa 09:00-17:00; Th 09:00-18:00",
        "operator": "Dr. Anzhela Dvorkina, MD",
        "payment:american_express": "yes",
        "payment:cash": "yes",
        "payment:credit_cards": "yes",
        "payment:mastercard": "yes",
        "payment:visa": "yes",
        "phone": "+1-212-369-5566",
        "start_date": "1996",
        "website": "https://www.centurymedicaldental.com"
      },
      "geometry": {
        "type": "Point",
        "coordinates": [
          -73.9920935,
          40.77023
        ]
      },
      "id": "node/9885159217"
    },
    {
      "type": "Feature",
      "properties": {
        "@id": "node/9905219376",
        "addr:city": "New York",
        "addr:housenumber": "167",
        "addr:postcode": "10002",
        "addr:state": "NY",
        "addr:street": "Rivington Street",
        "amenity": "dentist",
        "healthcare": "dentist",
        "level": "-1",
        "name": "Dental Office"
      },
      "geometry": {
        "type": "Point",
        "coordinates": [
          -73.9849227,
          40.7189561
        ]
      },
      "id": "node/9905219376"
    },
    {
      "type": "Feature",
      "properties": {
        "@id": "node/9947913079",
        "addr:city": "New York",
        "addr:housenumber": "820",
        "addr:postcode": "10021",
        "addr:state": "NY",
        "addr:street": "Park Avenue",
        "addr:unit": "1B",
        "amenity": "doctors",
        "email": "drrowe@normanrowemd.com",
        "fax": "+1-212-628-7302",
        "healthcare": "doctor",
        "healthcare:speciality": "plastic_surgery",
        "name": "Rowe Plastic Surgery",
        "opening_hours": "Mo-Fr 08:00-20:00",
        "operator": "Dr. Norman Rowe, MD, FACS",
        "payment:american_express": "yes",
        "payment:cash": "yes",
        "payment:cheque": "yes",
        "payment:credit_cards": "yes",
        "payment:mastercard": "yes",
        "payment:visa": "yes",
        "phone": "+1-212-628-7300",
        "start_date": "2000",
        "website": "https://normanrowemd.com"
      },
      "geometry": {
        "type": "Point",
        "coordinates": [
          -73.9625681,
          40.7733285
        ]
      },
      "id": "node/9947913079"
    },
    {
      "type": "Feature",
      "properties": {
        "@id": "node/9961207668",
        "addr:city": "New York",
        "addr:country": "US",
        "addr:housenumber": "425",
        "addr:postcode": "10017",
        "addr:state": "NY",
        "addr:street": "Madison Avenue",
        "addr:unit": "802",
        "healthcare": "optometrist",
        "healthcare:speciality": "holistic_eye_care",
        "name": "Nutritional Optometry Associates",
        "opening_hours": "Mo-Fr 09:30-18:00; Sa 09:30-17:00",
        "phone": "+1-212-759-5270",
        "website": "https://nutritionaloptometry.com"
      },
      "geometry": {
        "type": "Point",
        "coordinates": [
          -73.9758743,
          40.7569551
        ]
      },
      "id": "node/9961207668"
    },
    {
      "type": "Feature",
      "properties": {
        "@id": "node/9972770941",
        "addr:housenumber": "122",
        "addr:postcode": "10039",
        "addr:street": "West 146th Street",
        "amenity": "pharmacy",
        "delivery": "yes",
        "dispensing": "yes",
        "healthcare": "pharmacy",
        "level": "0",
        "name": "Capsule",
        "opening_hours": "Mo-Fr 08:00-22:00; Sa, Su 10:00-18:00",
        "phone": "+1 212-675-3900",
        "website": "https://www.capsule.com/locations"
      },
      "geometry": {
        "type": "Point",
        "coordinates": [
          -73.9375422,
          40.8217507
        ]
      },
      "id": "node/9972770941"
    },
    {
      "type": "Feature",
      "properties": {
        "@id": "node/9977939239",
        "amenity": "pharmacy",
        "healthcare": "pharmacy",
        "name": "eRxCity Pharmacy",
        "opening_hours": "Mo-Su 09:30-18:30",
        "phone": "+1-212-625-8339",
        "shop": "chemist"
      },
      "geometry": {
        "type": "Point",
        "coordinates": [
          -73.9976732,
          40.7172025
        ]
      },
      "id": "node/9977939239"
    },
    {
      "type": "Feature",
      "properties": {
        "@id": "node/9978178381",
        "addr:housenumber": "40",
        "addr:postcode": "10012",
        "addr:street": "Bleecker Street",
        "healthcare": "alternative",
        "name": "Clean Market",
        "opening_hours": "Mo-Su 10:00-19:00",
        "phone": "+1-646-609-1701",
        "website": "https://cleanmarket.com/pages/clean-market-noho-40-bleecker-street"
      },
      "geometry": {
        "type": "Point",
        "coordinates": [
          -73.9944244,
          40.7256829
        ]
      },
      "id": "node/9978178381"
    },
    {
      "type": "Feature",
      "properties": {
        "@id": "node/9985495303",
        "addr:city": "New York",
        "addr:country": "US",
        "addr:housenumber": "710",
        "addr:postcode": "10021",
        "addr:state": "NY",
        "addr:street": "Park Ave",
        "description": "Dr. Adam R. Kolker is a double board-certified plastic surgeon in NYC, specializing in breast augmentation and plastic surgery.",
        "healthcare": "plastic_surgeon",
        "healthcare:speciality": "plastic_surgery",
        "name": "Adam R. Kolker, M.D., FACS",
        "opening_hours": "Mo-Fr 09:00-18:00",
        "operator": "Adam R. Kolker",
        "phone": "+1 212-744-6500",
        "website": "https://drkolker.com/"
      },
      "geometry": {
        "type": "Point",
        "coordinates": [
          -73.9653849,
          40.7698254
        ]
      },
      "id": "node/9985495303"
    },
    {
      "type": "Feature",
      "properties": {
        "@id": "node/10000660267",
        "addr:city": "New York",
        "addr:housenumber": "383",
        "addr:postcode": "10001",
        "addr:state": "NY",
        "addr:street": "West 31st Street",
        "amenity": "pharmacy",
        "brand": "Duane Reade",
        "brand:wikidata": "Q5310380",
        "check_date": "2023-04-07",
        "dispensing": "yes",
        "drive_through": "no",
        "healthcare": "pharmacy",
        "internet_access": "no",
        "level": "0",
        "name": "Duane Reade",
        "opening_hours": "05:00-01:00",
        "payment:american_express": "yes",
        "payment:credit_cards": "yes",
        "payment:discover_card": "yes",
        "payment:mastercard": "yes",
        "payment:visa": "yes",
        "phone": "+1-332-799-7306",
        "wheelchair": "yes"
      },
      "geometry": {
        "type": "Point",
        "coordinates": [
          -73.9961731,
          40.7514263
        ]
      },
      "id": "node/10000660267"
    },
    {
      "type": "Feature",
      "properties": {
        "@id": "node/10020545576",
        "addr:city": "New York",
        "addr:housenumber": "44",
        "addr:postcode": "10013",
        "addr:state": "NY",
        "addr:street": "Lispenard Street",
        "amenity": "dentist",
        "country": "US",
        "healthcare": "dentist",
        "name": "Tribeca Smiles",
        "opening_hours": "Mo-Fr 09:00-17:00",
        "operator": "Dr. Frederick E. Solomon, DMD",
        "payment:care_credit": "yes",
        "payment:insurance_plans": "yes",
        "payment:lending_club": "yes",
        "payment:wells_fargo": "yes",
        "phone": "+1-212-473-4444",
        "website": "https://www.tribecasmiles.com"
      },
      "geometry": {
        "type": "Point",
        "coordinates": [
          -74.0035148,
          40.7195477
        ]
      },
      "id": "node/10020545576"
    },
    {
      "type": "Feature",
      "properties": {
        "@id": "node/10073864121",
        "amenity": "pharmacy",
        "delivery": "yes",
        "healthcare": "pharmacy",
        "name": "Rite Way Drugs & Surgicals",
        "opening_hours": "Mo-Th 08:00-19:00; Fr 08:00-18:00; Su 09:00-18:00",
        "phone": "+1-212-777-6864",
        "shop": "chemist"
      },
      "geometry": {
        "type": "Point",
        "coordinates": [
          -73.9794108,
          40.7360253
        ]
      },
      "id": "node/10073864121"
    },
    {
      "type": "Feature",
      "properties": {
        "@id": "node/10093191016",
        "addr:city": "New York",
        "addr:housenumber": "247",
        "addr:postcode": "10010",
        "addr:state": "NY",
        "addr:street": "3rd Avenue",
        "addr:unit": "403",
        "amenity": "clinic",
        "healthcare": "clinic",
        "healthcare:speciality": "travel_clinic;vaccination",
        "name": "Passport Health Gramercy Park Travel Clinic",
        "operator": "Passport Health",
        "operator:type": "private",
        "operator:wikidata": "Q30270336"
      },
      "geometry": {
        "type": "Point",
        "coordinates": [
          -73.9841803,
          40.7370842
        ]
      },
      "id": "node/10093191016"
    },
    {
      "type": "Feature",
      "properties": {
        "@id": "node/10115105169",
        "amenity": "clinic",
        "healthcare": "clinic",
        "name": "Insight Comprehensive Medical PC",
        "phone": "+1-646-609-6138"
      },
      "geometry": {
        "type": "Point",
        "coordinates": [
          -73.996766,
          40.715504
        ]
      },
      "id": "node/10115105169"
    },
    {
      "type": "Feature",
      "properties": {
        "@id": "node/10137743857",
        "addr:city": "New York",
        "addr:housenumber": "35",
        "addr:postcode": "10013",
        "addr:state": "NY",
        "addr:street": "Walker Street",
        "amenity": "dentist",
        "healthcare": "dentist",
        "healthcare:speciality": "cosmetic_dentist;invisalign;teeth_whitening",
        "name": "Empower Your Smile DDS",
        "opening_hours": "Mo-Fr 09:00-17:00",
        "operator:type": "owner",
        "payment:american_express": "yes",
        "payment:cash": "yes",
        "payment:cheque": "yes",
        "payment:discover_card": "yes",
        "payment:mastercard": "yes",
        "payment:visa": "yes",
        "phone": "+1-212-274-8338",
        "website": "https://empoweryoursmile.com"
      },
      "geometry": {
        "type": "Point",
        "coordinates": [
          -74.0041506,
          40.7191656
        ]
      },
      "id": "node/10137743857"
    },
    {
      "type": "Feature",
      "properties": {
        "@id": "node/10143335870",
        "addr:housenumber": "102",
        "addr:postcode": "10013",
        "addr:street": "Mott Street",
        "amenity": "pharmacy",
        "healthcare": "pharmacy",
        "name": "Family Plus Pharmacy",
        "opening_hours": "Mo-Su 09:00-18:00"
      },
      "geometry": {
        "type": "Point",
        "coordinates": [
          -73.9972853,
          40.7173854
        ]
      },
      "id": "node/10143335870"
    },
    {
      "type": "Feature",
      "properties": {
        "@id": "node/10145183254",
        "amenity": "pharmacy",
        "healthcare": "pharmacy",
        "name": "Esquire Pharmacy",
        "opening_hours": "Mo-We 08:00-18:00; Th-Fr 08:30-17:30; Sa 09:00-15:00",
        "phone": "+1-212-228-2260",
        "shop": "chemist"
      },
      "geometry": {
        "type": "Point",
        "coordinates": [
          -73.9819007,
          40.7325982
        ]
      },
      "id": "node/10145183254"
    },
    {
      "type": "Feature",
      "properties": {
        "@id": "node/10195646154",
        "addr:housenumber": "503",
        "addr:postcode": "10027",
        "addr:street": "West 125th Street",
        "amenity": "pharmacy",
        "healthcare": "pharmacy",
        "name": "Better Health Pharmacy",
        "opening_hours": "Mo-Fr 09:00-19:00; Su 10:00-17:00",
        "phone": "+1-212-222-8600"
      },
      "geometry": {
        "type": "Point",
        "coordinates": [
          -73.9563324,
          40.8137475
        ]
      },
      "id": "node/10195646154"
    },
    {
      "type": "Feature",
      "properties": {
        "@id": "node/10224616962",
        "amenity": "dentist",
        "healthcare": "dentist",
        "name": "Michael Chang, DDS",
        "phone": "+1-212-460-8266"
      },
      "geometry": {
        "type": "Point",
        "coordinates": [
          -73.9858279,
          40.7306639
        ]
      },
      "id": "node/10224616962"
    },
    {
      "type": "Feature",
      "properties": {
        "@id": "node/10310014419",
        "addr:city": "New York",
        "addr:housenumber": "853",
        "addr:postcode": "10019",
        "addr:state": "NY",
        "addr:street": "11th Avenue",
        "amenity": "dentist",
        "healthcare": "dentist",
        "name": "Soul Dental West",
        "opening_hours": "Mo-Fr 09:00-19:00",
        "phone": "+1-646-437-6062",
        "website": "https://souldentalnyc.com/"
      },
      "geometry": {
        "type": "Point",
        "coordinates": [
          -73.9912061,
          40.7709448
        ]
      },
      "id": "node/10310014419"
    },
    {
      "type": "Feature",
      "properties": {
        "@id": "node/10363943866",
        "addr:city": "New York",
        "addr:housenumber": "787",
        "addr:postcode": "10019",
        "addr:state": "NY",
        "addr:street": "11th Avenue",
        "addr:unit": "7th Floor",
        "amenity": "clinic",
        "check_date": "2023-01-09",
        "healthcare": "clinic",
        "name": "Mount Sinai Doctors-787 Eleventh Avenue"
      },
      "geometry": {
        "type": "Point",
        "coordinates": [
          -73.9927766,
          40.768828
        ]
      },
      "id": "node/10363943866"
    },
    {
      "type": "Feature",
      "properties": {
        "@id": "node/10537056865",
        "addr:city": "New York",
        "addr:floor": "2-3",
        "addr:housenumber": "2315",
        "addr:postcode": "10024",
        "addr:state": "NY",
        "addr:street": "Broadway",
        "amenity": "clinic",
        "check_date": "2024-09-22",
        "emergency": "no",
        "healthcare": "clinic",
        "healthcare:speciality": "primary_care",
        "name": "Weill Cornell Medicine Primary Care",
        "opening_hours": "Mo-Fr 09:00-17:00; Sa-Su off",
        "source": "survey",
        "website": "https://weillcornell.org/wcm-primary-care-broadway"
      },
      "geometry": {
        "type": "Point",
        "coordinates": [
          -73.9780184,
          40.786993
        ]
      },
      "id": "node/10537056865"
    },
    {
      "type": "Feature",
      "properties": {
        "@id": "node/10543578586",
        "addr:city": "New York",
        "addr:housenumber": "680",
        "addr:postcode": "10025",
        "addr:state": "NY",
        "addr:street": "West End Avenue",
        "addr:unit": "Suite 1C",
        "amenity": "clinic",
        "healthcare": "clinic",
        "healthcare:speciality": "travel_clinic;vaccination",
        "name": "Passport Health Upper West Side Travel Clinic",
        "operator": "Passport Health",
        "operator:type": "private",
        "operator:wikidata": "Q30270336"
      },
      "geometry": {
        "type": "Point",
        "coordinates": [
          -73.9743032,
          40.7933224
        ]
      },
      "id": "node/10543578586"
    },
    {
      "type": "Feature",
      "properties": {
        "@id": "node/10573824690",
        "addr:housenumber": "1503",
        "addr:street": "3rd Avenue",
        "brand": "Cohen's Fashion Optical",
        "brand:wikidata": "Q5141313",
        "healthcare": "optometrist",
        "level": "0",
        "name": "Cohen's Fashion Optical",
        "opening_hours": "Mo-Fr 10:00-19:00; Sa 10:00-18:00",
        "shop": "optician",
        "short_name": "Cohen's"
      },
      "geometry": {
        "type": "Point",
        "coordinates": [
          -73.9544341,
          40.7779004
        ]
      },
      "id": "node/10573824690"
    },
    {
      "type": "Feature",
      "properties": {
        "@id": "node/10578870085",
        "addr:city": "New York",
        "addr:housenumber": "4257",
        "addr:postcode": "10033",
        "addr:state": "NY",
        "addr:street": "Broadway",
        "check_date": "2026-05-17",
        "healthcare": "yes",
        "name": "HouseCalls Home Care",
        "phone": "+1-718-922-9200",
        "website": "https://housecallshc.org/"
      },
      "geometry": {
        "type": "Point",
        "coordinates": [
          -73.9360505,
          40.8500708
        ]
      },
      "id": "node/10578870085"
    },
    {
      "type": "Feature",
      "properties": {
        "@id": "node/10582790968",
        "healthcare": "psychotherapist",
        "name": "Karen Horney Clinic"
      },
      "geometry": {
        "type": "Point",
        "coordinates": [
          -73.9617849,
          40.7621206
        ]
      },
      "id": "node/10582790968"
    },
    {
      "type": "Feature",
      "properties": {
        "@id": "node/10584741958",
        "amenity": "pharmacy",
        "healthcare": "pharmacy",
        "mobile_phone:repair": "yes",
        "name": "Forever Health",
        "opening_hours": "Mo-Su 09:00-19:00"
      },
      "geometry": {
        "type": "Point",
        "coordinates": [
          -73.9942233,
          40.7183948
        ]
      },
      "id": "node/10584741958"
    },
    {
      "type": "Feature",
      "properties": {
        "@id": "node/10585445258",
        "addr:housenumber": "205",
        "addr:postcode": "10010",
        "addr:street": "East 22nd Street",
        "healthcare": "doctor",
        "healthcare:speciality": "allergy",
        "name": "Gramercy Allergy & Asthma",
        "operator": "Dr. Jennifer Collins, MD"
      },
      "geometry": {
        "type": "Point",
        "coordinates": [
          -73.9831368,
          40.7380611
        ]
      },
      "id": "node/10585445258"
    },
    {
      "type": "Feature",
      "properties": {
        "@id": "node/10586519830",
        "addr:city": "New York",
        "addr:housenumber": "4915",
        "addr:postcode": "10034",
        "addr:state": "NY",
        "addr:street": "Broadway",
        "addr:unit": "1A",
        "amenity": "doctors",
        "description": "Metropolitan Vein and Aesthetic Center’s vein and cosmetic specialists use the most innovative technologies available, customized for each individual patient.",
        "email": "nymetrovein@gmail.com",
        "fax": "+1-914-803-0349",
        "healthcare": "doctor",
        "healthcare:speciality": "plastic_surgery;vascular_surgery",
        "name": "Metropolitan Vein and Aesthetic Center",
        "opening_hours": "Mo 08:30-17:00, Tu-Wd 08:30:18:30, Th 09:00-17:00",
        "phone": "+1-212-567-0008",
        "website": "https://www.nymetrovein.com"
      },
      "geometry": {
        "type": "Point",
        "coordinates": [
          -73.9222834,
          40.8676831
        ]
      },
      "id": "node/10586519830"
    },
    {
      "type": "Feature",
      "properties": {
        "@id": "node/10598256240",
        "addr:housenumber": "752",
        "addr:postcode": "10031",
        "addr:street": "Saint Nicholas Avenue",
        "healthcare": "physiotherapist",
        "name": "PT of the City",
        "phone": "+1-718-648-0888",
        "website": "https://www.ptofthecity.com"
      },
      "geometry": {
        "type": "Point",
        "coordinates": [
          -73.9432296,
          40.8257257
        ]
      },
      "id": "node/10598256240"
    },
    {
      "type": "Feature",
      "properties": {
        "@id": "node/10617006079",
        "addr:city": "New York",
        "addr:housenumber": "162",
        "addr:postcode": "10019",
        "addr:state": "NY",
        "addr:street": "West 56th Street",
        "addr:unit": "#302",
        "email": "frontdesk@itnycpt.com",
        "healthcare": "physiotherapist",
        "name": "In Touch NYC Physical Therapy",
        "operator": "Keith Chan",
        "phone": "+1 212-288-2988",
        "website": "https://www.itnycpt.com/"
      },
      "geometry": {
        "type": "Point",
        "coordinates": [
          -73.9804719,
          40.7646025
        ]
      },
      "id": "node/10617006079"
    },
    {
      "type": "Feature",
      "properties": {
        "@id": "node/10617104444",
        "addr:city": "New York",
        "addr:housenumber": "116",
        "addr:postcode": "10019",
        "addr:state": "NY",
        "addr:street": "Central Park South",
        "addr:unit": "7",
        "amenity": "doctors",
        "healthcare": "doctor",
        "healthcare:speciality": "dermatology",
        "name": "Radiant Skin Dermatology & Laser",
        "phone": "+1-212-229-0007",
        "website": "https://www.radiantskinnyc.com/"
      },
      "geometry": {
        "type": "Point",
        "coordinates": [
          -73.977136,
          40.7658877
        ]
      },
      "id": "node/10617104444"
    },
    {
      "type": "Feature",
      "properties": {
        "@id": "node/10617109245",
        "addr:city": "New York",
        "addr:housenumber": "121",
        "addr:postcode": "10022",
        "addr:state": "NY",
        "addr:street": "East 60th Street",
        "addr:unit": "1D",
        "amenity": "doctors",
        "email": "info@doctorshifrin.com",
        "fixme": "approximate location",
        "healthcare": "doctor",
        "healthcare:speciality": "gynaecology",
        "name": "Dr. Alexander Shifrin's Medical Group",
        "opening_hours": "Tu 11:00-18:00; Fr 09:00-15:00",
        "operator": "Dr. Alexander Shifrin",
        "phone": "+1-212-534-4707",
        "website": "https://doctorshifrin.com/"
      },
      "geometry": {
        "type": "Point",
        "coordinates": [
          -73.9682877,
          40.7632305
        ]
      },
      "id": "node/10617109245"
    },
    {
      "type": "Feature",
      "properties": {
        "@id": "node/10659856963",
        "addr:housenumber": "1296",
        "addr:postcode": "10065",
        "addr:street": "2nd Avenue",
        "amenity": "pharmacy",
        "check_date": "2025-01-30",
        "healthcare": "pharmacy",
        "name": "HealthSource Pharmacy",
        "phone": "+1 212-794-8700",
        "shop": "health_food",
        "website": "https://healthsourcepharmacy.com"
      },
      "geometry": {
        "type": "Point",
        "coordinates": [
          -73.9599769,
          40.7662757
        ]
      },
      "id": "node/10659856963"
    },
    {
      "type": "Feature",
      "properties": {
        "@id": "node/10691446288",
        "addr:housenumber": "168",
        "addr:postcode": "10013",
        "addr:street": "Centre Street",
        "alt_name": "Mount Sinai Doctors 168 Centre Street",
        "amenity": "clinic",
        "healthcare": "clinic",
        "name": "Mount Sinai Medical Center Chinatown",
        "phone": "+1-212-731-3610",
        "website": "https://www.mountsinai.org/locations/msd-chinatown"
      },
      "geometry": {
        "type": "Point",
        "coordinates": [
          -73.9995203,
          40.7182093
        ]
      },
      "id": "node/10691446288"
    },
    {
      "type": "Feature",
      "properties": {
        "@id": "node/10691511009",
        "amenity": "clinic",
        "healthcare": "clinic",
        "name": "Rendr",
        "phone": "+1-646-854-3622",
        "website": "https://rendrcare.com"
      },
      "geometry": {
        "type": "Point",
        "coordinates": [
          -73.9995483,
          40.7181648
        ]
      },
      "id": "node/10691511009"
    },
    {
      "type": "Feature",
      "properties": {
        "@id": "node/10697318128",
        "addr:city": "New York",
        "addr:floor": "1",
        "addr:housenumber": "905",
        "addr:postcode": "10021",
        "addr:state": "NY",
        "addr:street": "5th Avenue",
        "amenity": "doctors",
        "contact:facebook": "https://www.facebook.com/people/Facial-Plastic-Surgery-Group-of-NYC/100089634391021/",
        "contact:instagram": "https://www.instagram.com/facialplasticsurgerygroupnyc/",
        "contact:linkedin": "https://www.linkedin.com/company/facial-plastic-surgery-group-of-nyc/",
        "contact:twitter": "https://twitter.com/faceliftcntrnyc",
        "contact:youtube": "https://www.youtube.com/@facialplasticsurgerygroupnyc",
        "email": "info@facialplasticsurgerygroupnyc.com",
        "healthcare": "doctor",
        "healthcare:speciality": "plastic_surgery",
        "name": "Facial Plastic Surgery Group of NYC",
        "opening_hours": "Mo-Sa 09:00-18:00; Su off",
        "payment:american_express": "yes",
        "payment:apple_pay": "yes",
        "payment:cash": "yes",
        "payment:cheque": "yes",
        "payment:discover_card": "yes",
        "payment:financing": "yes",
        "payment:mastercard": "yes",
        "payment:visa": "yes",
        "phone": "+1-646-233-4175",
        "website": "https://www.facialplasticsurgerygroupnyc.com/"
      },
      "geometry": {
        "type": "Point",
        "coordinates": [
          -73.9670385,
          40.7719612
        ]
      },
      "id": "node/10697318128"
    },
    {
      "type": "Feature",
      "properties": {
        "@id": "node/10707453729",
        "addr:city": "Gorzów Wielkopolski",
        "addr:housenumber": "6/3",
        "addr:postcode": "66-400",
        "addr:street": "Biskupa Wilhelma Pluty",
        "amenity": "dentist",
        "healthcare": "dentist",
        "healthcare:speciality": "dentist;orthodontics",
        "name": "Ortodental"
      },
      "geometry": {
        "type": "Point",
        "coordinates": [
          15.2554588,
          52.759928
        ]
      },
      "id": "node/10707453729"
    },
    {
      "type": "Feature",
      "properties": {
        "@id": "node/10717839790",
        "amenity": "dentist",
        "healthcare": "dentist",
        "name": "Mint+Bella Dental",
        "phone": "+1-646-233-5251",
        "website": "https://dentistgreenwichvillageny.com"
      },
      "geometry": {
        "type": "Point",
        "coordinates": [
          -73.9982379,
          40.7331546
        ]
      },
      "id": "node/10717839790"
    },
    {
      "type": "Feature",
      "properties": {
        "@id": "node/10722677607",
        "addr:city": "New York",
        "addr:housenumber": "590",
        "addr:postcode": "10036",
        "addr:state": "NY",
        "addr:street": "5th Avenue",
        "addr:unit": "1106;1144",
        "amenity": "doctors",
        "email": "info@bodysculptingcenternyc.com",
        "healthcare": "doctor",
        "healthcare:speciality": "plastic_surgery",
        "name": "Matthew DelMauro",
        "opening_hours": "Mo-Su 8:30-18:30",
        "operator": "Matthew DelMauro",
        "payment:american_express": "yes",
        "payment:cash": "yes",
        "payment:cheque": "yes",
        "payment:contactless": "yes",
        "payment:credit_cards": "yes",
        "payment:mastercard": "yes",
        "payment:visa": "yes",
        "phone": "+1 646-257-2677",
        "source": "local knowledge",
        "website": "https://www.bodysculptingcenternyc.com"
      },
      "geometry": {
        "type": "Point",
        "coordinates": [
          -73.97853,
          40.7571347
        ]
      },
      "id": "node/10722677607"
    },
    {
      "type": "Feature",
      "properties": {
        "@id": "node/10757178645",
        "healthcare": "alternative",
        "healthcare:speciality": "acupuncture;herbalism",
        "level": "1",
        "name": "Essential Acupuncture",
        "opening_hours": "Mo-Fr,Su 10:00-19:00",
        "phone": "+1-718-885-7120"
      },
      "geometry": {
        "type": "Point",
        "coordinates": [
          -73.9882309,
          40.7322785
        ]
      },
      "id": "node/10757178645"
    },
    {
      "type": "Feature",
      "properties": {
        "@id": "node/10757661195",
        "healthcare": "doctor",
        "healthcare:speciality": "paediatrics",
        "name": "Tribeca Pediatrics",
        "opening_hours": "Mo-Th 09:00-17:30; Fr 09:00-18:00",
        "phone": "+1-929-445-2700",
        "website": "https://www.tribecapediatrics.com/your-office/east-village/"
      },
      "geometry": {
        "type": "Point",
        "coordinates": [
          -73.9834961,
          40.730384
        ]
      },
      "id": "node/10757661195"
    },
    {
      "type": "Feature",
      "properties": {
        "@id": "node/10885720691",
        "addr:housenumber": "178",
        "addr:street": "East 85th Street",
        "amenity": "clinic",
        "healthcare": "clinic",
        "name": "Northwell Health Physician Partners",
        "operator": "Northwell Health",
        "operator:wikidata": "Q7056650"
      },
      "geometry": {
        "type": "Point",
        "coordinates": [
          -73.954991,
          40.7782151
        ]
      },
      "id": "node/10885720691"
    },
    {
      "type": "Feature",
      "properties": {
        "@id": "node/10896495774",
        "addr:city": "New York",
        "addr:housenumber": "101",
        "addr:postcode": "10075",
        "addr:state": "NY",
        "addr:street": "East 79th Street",
        "amenity": "dentist",
        "healthcare": "dentist",
        "name": "Revitta Smile",
        "opening_hours": "Mo 10:00-19:00; Tu-Th 10:00-18:00; Fr 09:00-18:00; Sa 09:00-15:00",
        "operator": "Dr. Rimma Sheshelovskaya DDS",
        "phone": "+1-212-535-1202",
        "website": "https://www.revittasmile.com/"
      },
      "geometry": {
        "type": "Point",
        "coordinates": [
          -73.9601148,
          40.7756614
        ]
      },
      "id": "node/10896495774"
    },
    {
      "type": "Feature",
      "properties": {
        "@id": "node/10926872982",
        "addr:housenumber": "1052",
        "addr:postcode": "10022",
        "addr:street": "1st Avenue",
        "amenity": "pharmacy",
        "brand": "Duane Reade",
        "brand:wikidata": "Q5310380",
        "check_date": "2025-01-30",
        "dispensing": "yes",
        "healthcare": "pharmacy",
        "level": "0",
        "name": "Duane Reade",
        "opening_hours": "07:00-22:00 open \"Store\" || Mo-Fr 08:00-13:30, 14:00-20:00; Sa 09:00-13:30, 14:00-18:00; Su 10:00-13:30, 14:00-17:00 open \"Pharmacy\"",
        "phone": "+1 646-282-0530",
        "website": "https://www.walgreens.com/locator/duane+reade-1052-1055+1st+ave-new+york-ny-10022/id=14392"
      },
      "geometry": {
        "type": "Point",
        "coordinates": [
          -73.9624974,
          40.7585473
        ]
      },
      "id": "node/10926872982"
    },
    {
      "type": "Feature",
      "properties": {
        "@id": "node/10961414742",
        "addr:city": "New York",
        "addr:floor": "10",
        "addr:housenumber": "65",
        "addr:postcode": "10018",
        "addr:state": "NY",
        "addr:street": "West 36th Street",
        "amenity": "clinic",
        "email": "info@lafuehairnyc.com",
        "healthcare": "clinic",
        "healthcare:speciality": "hair_transplantation_clinic",
        "name": "L.A. FUE Hair New York",
        "opening_hours": "Mo-Fr 09:00-17:00; Sa-Su off",
        "operator": "Dr. Anton Georgiev",
        "operator:type": "private",
        "phone": "+1 646-543-3131",
        "website": "https://lafuehairnyc.com/locations/manhattan/"
      },
      "geometry": {
        "type": "Point",
        "coordinates": [
          -73.9861869,
          40.7509498
        ]
      },
      "id": "node/10961414742"
    },
    {
      "type": "Feature",
      "properties": {
        "@id": "node/10966122205",
        "addr:city": "New York",
        "addr:postcode": "10040",
        "addr:state": "NY",
        "addr:street": "Dyckman Street",
        "amenity": "pharmacy",
        "brand": "CVS Pharmacy",
        "brand:website": "https://www.cvs.com/",
        "brand:wikidata": "Q2078880",
        "drive_through": "no",
        "healthcare": "pharmacy",
        "name": "CVS Pharmacy",
        "name:en": "CVS",
        "opening_hours": "Mo-Su 08:00-21:00",
        "phone": "+1-212-304-4739",
        "short_name": "CVS",
        "website": "https://www.cvs.com/store-locator/new-york-ny-pharmacies/130-dyckman-street-new-york-ny-10040/storeid=2773"
      },
      "geometry": {
        "type": "Point",
        "coordinates": [
          -73.9255985,
          40.8625045
        ]
      },
      "id": "node/10966122205"
    },
    {
      "type": "Feature",
      "properties": {
        "@id": "node/10979200026",
        "amenity": "pharmacy",
        "fax": "+1-646-669-8238",
        "healthcare": "pharmacy",
        "name": "137 Mott Pharmacy",
        "opening_hours": "Mo-Su 09:30-17:30",
        "phone": "+1-646-669-8220"
      },
      "geometry": {
        "type": "Point",
        "coordinates": [
          -73.9968215,
          40.7185465
        ]
      },
      "id": "node/10979200026"
    },
    {
      "type": "Feature",
      "properties": {
        "@id": "node/10979262386",
        "addr:housenumber": "150",
        "addr:postcode": "10013",
        "addr:street": "Mott Street",
        "healthcare": "alternative",
        "healthcare:speciality": "acupuncture;herbalism",
        "name": "Fang Wong's Office",
        "opening_hours": "Mo-Su 10:00-19:00",
        "phone": "+1-212-966-9051"
      },
      "geometry": {
        "type": "Point",
        "coordinates": [
          -73.9962917,
          40.7192461
        ]
      },
      "id": "node/10979262386"
    },
    {
      "type": "Feature",
      "properties": {
        "@id": "node/10982344505",
        "addr:housenumber": "1058",
        "addr:street": "1st Avenue",
        "amenity": "pharmacy",
        "check_date": "2024-03-07",
        "delivery": "yes",
        "healthcare": "pharmacy",
        "name": "NYC Discount Pharmacy",
        "opening_hours": "Mo-Fr 09:00-19:30; Su 10:00-16:00",
        "phone": "+1 212-832-7200"
      },
      "geometry": {
        "type": "Point",
        "coordinates": [
          -73.9624364,
          40.7586547
        ]
      },
      "id": "node/10982344505"
    },
    {
      "type": "Feature",
      "properties": {
        "@id": "node/11027927522",
        "addr:city": "New York",
        "addr:floor": "4",
        "addr:housenumber": "56",
        "addr:postcode": "10036",
        "addr:state": "NY",
        "addr:street": "West 45th Street",
        "amenity": "doctors",
        "email": "info@millennialplasticsurgery.com",
        "healthcare": "doctor",
        "healthcare:speciality": "plastic_surgery",
        "name": "Millennial Plastic Surgery",
        "opening_hours": "Mo-Fr 09:00-17:00; Su 09:00-17:00",
        "phone": "+1-212-421-7123",
        "website": "https://millennialplasticsurgery.com/"
      },
      "geometry": {
        "type": "Point",
        "coordinates": [
          -73.9818638,
          40.7561904
        ]
      },
      "id": "node/11027927522"
    },
    {
      "type": "Feature",
      "properties": {
        "@id": "node/11033496964",
        "addr:city": "New York",
        "addr:housenumber": "511",
        "addr:postcode": "10032",
        "addr:state": "NY",
        "addr:street": "West 157th Street",
        "amenity": "clinic",
        "branch": "Washington Heights",
        "healthcare": "clinic",
        "name": "Community Healthcare Network",
        "opening_hours": "Tu 09:00-19:00, Mo 09:00-17:00, We-Fr 09:00-17:00",
        "operator": "Community Healthcare Network",
        "phone": "+1-212-781-7979",
        "website": "https://www.chnnyc.org/washington-heights-center/"
      },
      "geometry": {
        "type": "Point",
        "coordinates": [
          -73.9426093,
          40.833239
        ]
      },
      "id": "node/11033496964"
    },
    {
      "type": "Feature",
      "properties": {
        "@id": "node/11033496965",
        "addr:city": "New York",
        "addr:housenumber": "255",
        "addr:postcode": "10002",
        "addr:state": "NY",
        "addr:street": "East Houston Street",
        "amenity": "clinic",
        "branch": "Lower East Side",
        "check_date:opening_hours": "2024-09-22",
        "healthcare": "clinic",
        "name": "Community Healthcare Network",
        "opening_hours": "Mo-Tu 09:00-17:00, We 08:00-19:00, Th-Fr 09:00-17:00",
        "operator": "Community Healthcare Network",
        "operator:type": "private",
        "operator:wikidata": "Q5154771",
        "phone": "+1-212-477-1120",
        "website": "https://www.chnnyc.org/lower-east-side-center/"
      },
      "geometry": {
        "type": "Point",
        "coordinates": [
          -73.9851561,
          40.7216708
        ]
      },
      "id": "node/11033496965"
    },
    {
      "type": "Feature",
      "properties": {
        "@id": "node/11033496966",
        "addr:city": "New York",
        "addr:housenumber": "81",
        "addr:postcode": "10026",
        "addr:state": "NY",
        "addr:street": "West 115th Street",
        "amenity": "clinic",
        "branch": "Harlem",
        "healthcare": "clinic",
        "name": "Community Healthcare Network",
        "opening_hours": "Mo-Tu 09:00-17:00, We 08:00-19:00, Th-Fr 09:00-17:00",
        "operator": "Community Healthcare Network",
        "phone": "+1-212-426-0088",
        "website": "https://www.chnnyc.org/harlem-health-center/"
      },
      "geometry": {
        "type": "Point",
        "coordinates": [
          -73.9495007,
          40.8011884
        ]
      },
      "id": "node/11033496966"
    },
    {
      "type": "Feature",
      "properties": {
        "@id": "node/11074337181",
        "addr:housenumber": "115",
        "addr:postcode": "10010",
        "addr:street": "East 23rd Street",
        "fax": "+1-917-210-2892",
        "healthcare": "physiotherapist",
        "level": "1",
        "name": "Professional Physical Therapy",
        "phone": "+1-917-472-7406",
        "website": "https://www.professionalpt.com/office/gramercy-park/"
      },
      "geometry": {
        "type": "Point",
        "coordinates": [
          -73.9855046,
          40.7400355
        ]
      },
      "id": "node/11074337181"
    },
    {
      "type": "Feature",
      "properties": {
        "@id": "node/11074344331",
        "healthcare": "alternative",
        "healthcare:speciality": "acupuncture;herbalist",
        "name": "Lap Tsui",
        "phone": "+1-212-677-6682"
      },
      "geometry": {
        "type": "Point",
        "coordinates": [
          -73.9850195,
          40.7358901
        ]
      },
      "id": "node/11074344331"
    },
    {
      "type": "Feature",
      "properties": {
        "@id": "node/11079239448",
        "addr:housenumber": "139",
        "addr:postcode": "10007",
        "addr:street": "Chambers Street",
        "amenity": "clinic",
        "healthcare": "clinic",
        "level": "0",
        "name": "MEDRITE Urgent Care",
        "opening_hours": "Mo-Fr 08:00-20:00; Sa, Su 09:00-18:00",
        "phone": "+1 212-785-0001",
        "website": "https://medriteurgentcare.com/center/medrite-tribeca-urgent-care/"
      },
      "geometry": {
        "type": "Point",
        "coordinates": [
          -74.0094096,
          40.7157333
        ]
      },
      "id": "node/11079239448"
    },
    {
      "type": "Feature",
      "properties": {
        "@id": "node/11079239450",
        "amenity": "dentist",
        "check_date": "2023-07-31",
        "healthcare": "dentist",
        "name": "Tribeca Dental Design"
      },
      "geometry": {
        "type": "Point",
        "coordinates": [
          -74.0098705,
          40.7156736
        ]
      },
      "id": "node/11079239450"
    },
    {
      "type": "Feature",
      "properties": {
        "@id": "node/11084088672",
        "addr:floor": "G",
        "amenity": "pharmacy",
        "brand": "Duane Reade",
        "brand:wikidata": "Q5310380",
        "check_date": "2025-08-08",
        "dispensing": "yes",
        "drive_through": "no",
        "healthcare": "pharmacy",
        "level": "0",
        "name": "Duane Reade",
        "payment:cash": "yes",
        "payment:credit_cards": "yes",
        "payment:debit_cards": "yes",
        "wheelchair": "yes"
      },
      "geometry": {
        "type": "Point",
        "coordinates": [
          -74.0087643,
          40.7099092
        ]
      },
      "id": "node/11084088672"
    },
    {
      "type": "Feature",
      "properties": {
        "@id": "node/11092321423",
        "healthcare": "alternative",
        "healthcare:speciality": "acupuncture;herbalism",
        "name": "YXT Health Store",
        "shop": "herbalist"
      },
      "geometry": {
        "type": "Point",
        "coordinates": [
          -73.9864208,
          40.7455657
        ]
      },
      "id": "node/11092321423"
    },
    {
      "type": "Feature",
      "properties": {
        "@id": "node/11095262082",
        "addr:housenumber": "2254",
        "addr:street": "2nd Avenue",
        "amenity": "pharmacy",
        "healthcare": "pharmacy",
        "name": "Uptown Care",
        "phone": "+1 212-221-8355"
      },
      "geometry": {
        "type": "Point",
        "coordinates": [
          -73.9377744,
          40.7966869
        ]
      },
      "id": "node/11095262082"
    },
    {
      "type": "Feature",
      "properties": {
        "@id": "node/11117827039",
        "healthcare": "optometrist",
        "name": "Acuity NYC"
      },
      "geometry": {
        "type": "Point",
        "coordinates": [
          -73.9788071,
          40.77264
        ]
      },
      "id": "node/11117827039"
    },
    {
      "type": "Feature",
      "properties": {
        "@id": "node/11133247689",
        "addr:city": "New York",
        "addr:housenumber": "325",
        "addr:postcode": "10075",
        "addr:state": "NY",
        "addr:street": "East 79th Street",
        "addr:unit": "1B",
        "amenity": "dentist",
        "healthcare": "dentist",
        "healthcare:speciality": "dentist;dentistry;general;paediatrics",
        "name": "Smile Up Pediatric Dentistry & Orthodontics"
      },
      "geometry": {
        "type": "Point",
        "coordinates": [
          -73.953571,
          40.7729555
        ]
      },
      "id": "node/11133247689"
    },
    {
      "type": "Feature",
      "properties": {
        "@id": "node/11141626504",
        "addr:city": "New York",
        "addr:housenumber": "30",
        "addr:postcode": "10016",
        "addr:state": "NY",
        "addr:street": "East 40th Street",
        "addr:unit": "206",
        "amenity": "dentist",
        "contact:phone": "+1-212-889-4700",
        "description": "Dental Implants in New York, NY",
        "healthcare": "dentist",
        "name": "Dr. Ronald Biondo Oral & Maxillofacial Surgeon",
        "opening_hours": "Mo-Fr 09:00-18:00",
        "website": "https://drbiondooralsurgeon.com"
      },
      "geometry": {
        "type": "Point",
        "coordinates": [
          -73.979654,
          40.7511051
        ]
      },
      "id": "node/11141626504"
    },
    {
      "type": "Feature",
      "properties": {
        "@id": "node/11151343122",
        "addr:city": "New York",
        "addr:housenumber": "42",
        "addr:postcode": "10004",
        "addr:state": "NY",
        "addr:street": "Broadway",
        "addr:unit": "1942",
        "amenity": "clinic",
        "healthcare": "clinic",
        "healthcare:speciality": "travel_clinic;vaccinvations",
        "name": "Passport Health New York - Financial District Travel Clinic",
        "operator": "Passport Health",
        "operator:type": "private",
        "operator:wikidata": "Q30270336"
      },
      "geometry": {
        "type": "Point",
        "coordinates": [
          -74.0125863,
          40.7059872
        ]
      },
      "id": "node/11151343122"
    },
    {
      "type": "Feature",
      "properties": {
        "@id": "node/11154799857",
        "addr:housenumber": "1569",
        "addr:postcode": "10028",
        "addr:street": "1st Avenue",
        "amenity": "pharmacy",
        "brand": "CVS Pharmacy",
        "brand:website": "https://www.cvs.com/",
        "brand:wikidata": "Q2078880",
        "dispensing": "yes",
        "healthcare": "pharmacy",
        "level": "0",
        "name": "CVS Pharmacy",
        "opening_hours": "07:00-24:00 open \"Store\" || Mo-Fr 09:00-13:30, 14:00-21:00; Sa 09:00-13:30, 14:00-18:00; Su 10:00-13:30, 14:00-18:00 open \"Pharmacy\"",
        "phone": "+1 212-249-5198",
        "short_name": "CVS",
        "website": "https://www.cvs.com/store-locator/new-york-ny-pharmacies/1569-first-avenue-new-york-ny-10028/storeid=2411",
        "wheelchair": "yes"
      },
      "geometry": {
        "type": "Point",
        "coordinates": [
          -73.9515921,
          40.7741804
        ]
      },
      "id": "node/11154799857"
    },
    {
      "type": "Feature",
      "properties": {
        "@id": "node/11159611446",
        "healthcare": "optometrist",
        "name": "Eye to Eye Vision Center",
        "opening_hours": "Mo-Fr 09:00-18:00; Sa 10:00-16:00",
        "wheelchair": "yes"
      },
      "geometry": {
        "type": "Point",
        "coordinates": [
          -74.0079343,
          40.7099289
        ]
      },
      "id": "node/11159611446"
    },
    {
      "type": "Feature",
      "properties": {
        "@id": "node/11159627495",
        "healthcare": "optometrist",
        "name": "Nassau Vision Center"
      },
      "geometry": {
        "type": "Point",
        "coordinates": [
          -74.0079717,
          40.7101043
        ]
      },
      "id": "node/11159627495"
    },
    {
      "type": "Feature",
      "properties": {
        "@id": "node/11161114005",
        "addr:city": "New York",
        "addr:floor": "2",
        "addr:housenumber": "80",
        "addr:postcode": "10011",
        "addr:state": "NY",
        "addr:street": "5th Avenue",
        "email": "connect@reloadpt.com",
        "healthcare": "physiotherapist",
        "name": "Reload Physical Therapy",
        "phone": "+1-510-858-6779",
        "website": "https://www.reloadpt.com"
      },
      "geometry": {
        "type": "Point",
        "coordinates": [
          -73.9940399,
          40.736004
        ]
      },
      "id": "node/11161114005"
    },
    {
      "type": "Feature",
      "properties": {
        "@id": "node/11171307332",
        "addr:city": "New York",
        "addr:housenumber": "325",
        "addr:postcode": "10021",
        "addr:state": "NY",
        "addr:street": "East 72nd Street",
        "amenity": "doctors",
        "healthcare": "doctor",
        "healthcare:speciality": "plastic_surgery",
        "name": "Rothaus Plastic Surgery",
        "opening_hours": "Mo-Fr 09:00-17:00",
        "phone": "+1-212-737-0770",
        "website": "https://www.rothausmd.com/"
      },
      "geometry": {
        "type": "Point",
        "coordinates": [
          -73.9570472,
          40.7685208
        ]
      },
      "id": "node/11171307332"
    },
    {
      "type": "Feature",
      "properties": {
        "@id": "node/11172403373",
        "addr:housenumber": "24",
        "addr:street": "Broad Street",
        "amenity": "clinic",
        "branch": "Financial District",
        "healthcare": "clinic",
        "name": "CityMD",
        "opening_hours": "Mo-Fr 08:00-20:00; Sa, Su 09:00-17:00",
        "operator": "CityMD",
        "operator:type": "private",
        "operator:wikidata": "Q22295471",
        "phone": "+4 646-647-1259",
        "website": "https://www.citymd.com/urgent-care-locations/ny/financial-district"
      },
      "geometry": {
        "type": "Point",
        "coordinates": [
          -74.0112726,
          40.7064917
        ]
      },
      "id": "node/11172403373"
    },
    {
      "type": "Feature",
      "properties": {
        "@id": "node/11175661173",
        "amenity": "clinic",
        "healthcare": "clinic",
        "name": "DC37 Health Center"
      },
      "geometry": {
        "type": "Point",
        "coordinates": [
          -74.0083889,
          40.7152715
        ]
      },
      "id": "node/11175661173"
    },
    {
      "type": "Feature",
      "properties": {
        "@id": "node/11181174755",
        "amenity": "pharmacy",
        "brand": "Duane Reade",
        "brand:wikidata": "Q5310380",
        "drive_through": "no",
        "healthcare": "pharmacy",
        "name": "Duane Reade"
      },
      "geometry": {
        "type": "Point",
        "coordinates": [
          -73.9580489,
          40.8151027
        ]
      },
      "id": "node/11181174755"
    },
    {
      "type": "Feature",
      "properties": {
        "@id": "node/11189743597",
        "addr:city": "New York",
        "addr:housenumber": "133",
        "addr:postcode": "10022",
        "addr:state": "NY",
        "addr:street": "East 58th Street",
        "addr:unit": "806",
        "amenity": "dentist",
        "email": "info@parsonssmilecenter.com",
        "healthcare": "dentist",
        "healthcare:speciality": "cosmetic_dentist;restorative_dentist",
        "name": "Parsons Smile Center",
        "opening_hours": "Mo-Th 10:00-19:30",
        "operator": "Phil Burgess",
        "phone": "+1 212-223-5100",
        "website": "https://parsonssmilecenter.com/manhattan"
      },
      "geometry": {
        "type": "Point",
        "coordinates": [
          -73.9689163,
          40.7618425
        ]
      },
      "id": "node/11189743597"
    },
    {
      "type": "Feature",
      "properties": {
        "@id": "node/11192842888",
        "addr:city": "New York",
        "addr:housenumber": "113",
        "addr:postcode": "10016",
        "addr:state": "NY",
        "addr:street": "East 39th Street",
        "amenity": "doctors",
        "contact:facebook": "https://www.facebook.com/LexingtonPlasticSurgeons/",
        "description": "Lexington Plastic Surgeons provide a full range of cosmetic, reconstructive, non-surgical, and rejuvenating procedures for both women and men.",
        "healthcare": "doctor",
        "healthcare:speciality": "plastic_surgery",
        "name": "Lexington Plastic Surgeons",
        "opening_hours": "Mo-Fr 09:00-19:00, Sa-Su 08:00-16:00",
        "phone": "+1 212-223-0716",
        "website": "https://lexingtonplasticsurgeons.com/location/new-york/"
      },
      "geometry": {
        "type": "Point",
        "coordinates": [
          -73.9780615,
          40.7500134
        ]
      },
      "id": "node/11192842888"
    },
    {
      "type": "Feature",
      "properties": {
        "@id": "node/11197724009",
        "addr:city": "New York",
        "addr:housenumber": "700",
        "addr:postcode": "10036",
        "addr:state": "NY",
        "addr:street": "8th Avenue",
        "amenity": "pharmacy",
        "brand": "Duane Reade",
        "brand:wikidata": "Q5310380",
        "dispensing": "yes",
        "healthcare": "pharmacy",
        "level": "0",
        "name": "Duane Reade",
        "opening_hours": "Mo-Su 07:00-23:00",
        "phone": "+1-212-977-1562",
        "shop": "chemist",
        "website": "https://www.walgreens.com/locator/walgreens-700+8th+ave-new+york-ny-10036/id=21261"
      },
      "geometry": {
        "type": "Point",
        "coordinates": [
          -73.9884879,
          40.7585692
        ]
      },
      "id": "node/11197724009"
    },
    {
      "type": "Feature",
      "properties": {
        "@id": "node/11241888057",
        "addr:city": "New York",
        "addr:housenumber": "95",
        "addr:postcode": "10007",
        "addr:state": "NY",
        "addr:street": "Chambers Street",
        "branch": "Tribeca – Chambers St",
        "email": "chambers@spearcenter.com",
        "fax": "+1-212-379-2096",
        "healthcare": "physiotherapist",
        "healthcare:speciality": "physiatry;occupational",
        "name": "Spear",
        "opening_hours": "Mo-Fr 07:00-20:00; Sa 08:00-13:00",
        "phone": "+1-646-973-5437",
        "website": "https://spearcenter.com/locations/manhattan/tribeca-chambers-street/"
      },
      "geometry": {
        "type": "Point",
        "coordinates": [
          -74.0074637,
          40.7148359
        ]
      },
      "id": "node/11241888057"
    },
    {
      "type": "Feature",
      "properties": {
        "@id": "node/11241889728",
        "addr:city": "New York",
        "addr:housenumber": "95",
        "addr:postcode": "10007",
        "addr:state": "NY",
        "addr:street": "Chambers Street",
        "amenity": "clinic",
        "healthcare": "clinic",
        "healthcare:speciality": "fertility",
        "name": "Ferny",
        "website": "https://ferny.com/"
      },
      "geometry": {
        "type": "Point",
        "coordinates": [
          -74.0073766,
          40.7148019
        ]
      },
      "id": "node/11241889728"
    },
    {
      "type": "Feature",
      "properties": {
        "@id": "node/11242110759",
        "addr:housenumber": "30",
        "addr:postcode": "10016",
        "addr:street": "East 37th Street",
        "amenity": "dentist",
        "healthcare": "dentist",
        "name": "Slim Dental",
        "opening_hours": "Mo-Fr 08:00-18:00"
      },
      "geometry": {
        "type": "Point",
        "coordinates": [
          -73.9809135,
          40.7492455
        ]
      },
      "id": "node/11242110759"
    },
    {
      "type": "Feature",
      "properties": {
        "@id": "node/11243946685",
        "addr:housenumber": "589",
        "addr:postcode": "10016",
        "addr:street": "3rd Avenue",
        "amenity": "clinic",
        "healthcare": "clinic",
        "name": "One Medical",
        "operator": "1Life Healthcare",
        "operator:type": "private",
        "operator:wikidata": "Q85727717"
      },
      "geometry": {
        "type": "Point",
        "coordinates": [
          -73.9758723,
          40.7484965
        ]
      },
      "id": "node/11243946685"
    },
    {
      "type": "Feature",
      "properties": {
        "@id": "node/11254389214",
        "addr:city": "New York",
        "addr:housenumber": "535",
        "addr:postcode": "10017",
        "addr:state": "NY",
        "addr:street": "5th Avenue",
        "addr:unit": "1012",
        "amenity": "doctors",
        "branch": "New York",
        "email": "info@njspineandortho.com",
        "healthcare": "doctor",
        "healthcare:speciality": "orthopaedics",
        "name": "NJ Spine & Orthopedic",
        "opening_hours": "Mo-Fr 09:00-17:00",
        "operator": "NJ Spine",
        "phone": "+1 646-809-3755",
        "website": "https://www.njspineandortho.com/locations/new-york-city-ny-office/"
      },
      "geometry": {
        "type": "Point",
        "coordinates": [
          -73.9794583,
          40.7548481
        ]
      },
      "id": "node/11254389214"
    },
    {
      "type": "Feature",
      "properties": {
        "@id": "node/11258747427",
        "amenity": "dentist",
        "healthcare": "dentist",
        "name": "Tribeca Dental Club"
      },
      "geometry": {
        "type": "Point",
        "coordinates": [
          -74.0086592,
          40.7153921
        ]
      },
      "id": "node/11258747427"
    },
    {
      "type": "Feature",
      "properties": {
        "@id": "node/11258782619",
        "amenity": "clinic",
        "healthcare": "clinic",
        "name": "Pediatric Opthalmic Consultants"
      },
      "geometry": {
        "type": "Point",
        "coordinates": [
          -74.0099519,
          40.7164051
        ]
      },
      "id": "node/11258782619"
    },
    {
      "type": "Feature",
      "properties": {
        "@id": "node/11329584542",
        "amenity": "dentist",
        "healthcare": "dentist",
        "name": "BW Dental"
      },
      "geometry": {
        "type": "Point",
        "coordinates": [
          -74.0063754,
          40.7155431
        ]
      },
      "id": "node/11329584542"
    },
    {
      "type": "Feature",
      "properties": {
        "@id": "node/11329608813",
        "amenity": "doctors",
        "healthcare": "doctor",
        "name": "New York Sports and Joint Orthopedic Specialists"
      },
      "geometry": {
        "type": "Point",
        "coordinates": [
          -74.0064461,
          40.7155745
        ]
      },
      "id": "node/11329608813"
    },
    {
      "type": "Feature",
      "properties": {
        "@id": "node/11329738117",
        "amenity": "dentist",
        "healthcare": "dentist",
        "healthcare:speciality": "orthodontics",
        "name": "Bronsky Orthodontics NYC"
      },
      "geometry": {
        "type": "Point",
        "coordinates": [
          -74.0098015,
          40.7186389
        ]
      },
      "id": "node/11329738117"
    },
    {
      "type": "Feature",
      "properties": {
        "@id": "node/11329788157",
        "amenity": "doctors",
        "healthcare": "doctor",
        "healthcare:speciality": "paediatrics",
        "name": "Downtown Pediatrics"
      },
      "geometry": {
        "type": "Point",
        "coordinates": [
          -74.0078359,
          40.7197806
        ]
      },
      "id": "node/11329788157"
    },
    {
      "type": "Feature",
      "properties": {
        "@id": "node/11384395891",
        "amenity": "clinic",
        "check_date": "2024-06-11",
        "healthcare": "clinic",
        "name": "ThrIVewell Infusion",
        "operator": "Mission Medical",
        "operator:type": "business",
        "phone": "+1 212-803-3339",
        "website": "https://thrivewellinfusion.com"
      },
      "geometry": {
        "type": "Point",
        "coordinates": [
          -73.9599547,
          40.7678967
        ]
      },
      "id": "node/11384395891"
    },
    {
      "type": "Feature",
      "properties": {
        "@id": "node/11399352942",
        "addr:city": "New York",
        "addr:housenumber": "500",
        "addr:postcode": "10018",
        "addr:state": "NY",
        "addr:street": "7th Avenue",
        "amenity": "pharmacy",
        "brand": "CVS Pharmacy",
        "brand:website": "https://www.cvs.com/",
        "brand:wikidata": "Q2078880",
        "check_date": "2024-01-27",
        "healthcare": "pharmacy",
        "name": "CVS Pharmacy",
        "phone": "+1 212-997-2233",
        "short_name": "CVS",
        "website": "https://www.cvs.com/store-locator/new-york-ny-pharmacies/500-7th-ave-new-york-ny-10018/storeid=11217"
      },
      "geometry": {
        "type": "Point",
        "coordinates": [
          -73.9893124,
          40.7531285
        ]
      },
      "id": "node/11399352942"
    },
    {
      "type": "Feature",
      "properties": {
        "@id": "node/11405963752",
        "addr:housenumber": "424",
        "addr:street": "East 70th Street",
        "amenity": "clinic",
        "check_date": "2024-02-26",
        "healthcare": "clinic",
        "healthcare:speciality": "nephrology;transplant",
        "level": "0",
        "name": "Hypertension Center",
        "operator": "Weill Cornell Medicine",
        "wheelchair": "yes"
      },
      "geometry": {
        "type": "Point",
        "coordinates": [
          -73.9558158,
          40.7659053
        ]
      },
      "id": "node/11405963752"
    },
    {
      "type": "Feature",
      "properties": {
        "@id": "node/11411443530",
        "addr:city": "New York",
        "addr:housenumber": "2807",
        "addr:postcode": "10025",
        "addr:state": "NY",
        "addr:street": "Broadway",
        "healthcare": "alternative",
        "healthcare:speciality": "acupuncture",
        "name": "Body Mechanics Acupuncture",
        "opening_hours": "Tu,Th 09:30-18:00; We 10:00-18:00; Fr,Sa 10:00-17:00",
        "phone": "+1-347-699-0858",
        "website": "https://www.bodymechanics.com"
      },
      "geometry": {
        "type": "Point",
        "coordinates": [
          -73.9676932,
          40.8032847
        ]
      },
      "id": "node/11411443530"
    },
    {
      "type": "Feature",
      "properties": {
        "@id": "node/11411465403",
        "addr:city": "New York",
        "addr:housenumber": "2633",
        "addr:postcode": "10025",
        "addr:state": "NY",
        "addr:street": "Broadway",
        "amenity": "clinic",
        "healthcare": "clinic",
        "healthcare:speciality": "general",
        "name": "One Medical",
        "operator": "1Life Healthcare",
        "operator:wikidata": "Q85727717"
      },
      "geometry": {
        "type": "Point",
        "coordinates": [
          -73.9703278,
          40.7971251
        ]
      },
      "id": "node/11411465403"
    },
    {
      "type": "Feature",
      "properties": {
        "@id": "node/11411526699",
        "addr:city": "New York",
        "addr:housenumber": "2708",
        "addr:postcode": "10025",
        "addr:state": "NY",
        "addr:street": "Broadway",
        "check_date": "2025-07-06",
        "construction:healthcare": "physiotherapist",
        "healthcare": "physiotherapist",
        "name": "Spear Physical Therapy",
        "opening_hours": "Mo-Fr 07:00-20:00; Sa 08:00-12:00",
        "phone": "+1-646-307-1617",
        "website": "https://spearcenter.com"
      },
      "geometry": {
        "type": "Point",
        "coordinates": [
          -73.9680808,
          40.7993699
        ]
      },
      "id": "node/11411526699"
    },
    {
      "type": "Feature",
      "properties": {
        "@id": "node/11414268877",
        "addr:city": "New York",
        "addr:housenumber": "2804",
        "addr:postcode": "10025",
        "addr:state": "NY",
        "addr:street": "Broadway",
        "healthcare": "physiotherapist",
        "name": "Park North Physical Therapy",
        "opening_hours": "Mo-Fr 08:00-18:00; Sa 08:00-17:00",
        "phone": "+1-212-222-6525",
        "website": "https://www.parknorthpt.com"
      },
      "geometry": {
        "type": "Point",
        "coordinates": [
          -73.9671932,
          40.8030227
        ]
      },
      "id": "node/11414268877"
    },
    {
      "type": "Feature",
      "properties": {
        "@id": "node/11414300881",
        "addr:city": "New York",
        "addr:housenumber": "501",
        "addr:postcode": "10025",
        "addr:state": "NY",
        "addr:street": "West 113th Street",
        "amenity": "pharmacy",
        "dispensing": "yes",
        "drive_through": "no",
        "healthcare": "pharmacy",
        "name": "Town Drug Pharmacy",
        "opening_hours": "Mo-Fr 09:00-19:00; Sa 09:00-17:00",
        "phone": "+1-212-678-0636",
        "website": "https://www.towndrugpharmacy.com"
      },
      "geometry": {
        "type": "Point",
        "coordinates": [
          -73.9625749,
          40.8050537
        ]
      },
      "id": "node/11414300881"
    },
    {
      "type": "Feature",
      "properties": {
        "@id": "node/11418605764",
        "addr:city": "New York",
        "addr:housenumber": "972",
        "addr:postcode": "10025",
        "addr:state": "NY",
        "addr:street": "Amsterdam Avenue",
        "amenity": "pharmacy",
        "dispensing": "yes",
        "drive_through": "no",
        "healthcare": "pharmacy",
        "name": "Venus Pharmacy and Beauty Supply",
        "phone": "+1-212-666-4800"
      },
      "geometry": {
        "type": "Point",
        "coordinates": [
          -73.9650759,
          40.8016273
        ]
      },
      "id": "node/11418605764"
    },
    {
      "type": "Feature",
      "properties": {
        "@id": "node/11423523318",
        "addr:housenumber": "1904",
        "addr:street": "3rd Avenue",
        "check_date": "2023-12-16",
        "healthcare": "optometrist",
        "level": "0",
        "name": "Specs for Less",
        "phone": "+1 212-831-3162",
        "website": "https://specsforless.com",
        "wheelchair": "yes"
      },
      "geometry": {
        "type": "Point",
        "coordinates": [
          -73.9452546,
          40.7910581
        ]
      },
      "id": "node/11423523318"
    },
    {
      "type": "Feature",
      "properties": {
        "@id": "node/11423523321",
        "addr:housenumber": "1897",
        "addr:street": "3rd Avenue",
        "amenity": "clinic",
        "check_date": "2023-12-16",
        "healthcare": "clinic",
        "level": "0",
        "name": "Helping U Homecare",
        "phone": "+1 917-793-1300",
        "website": "https://helpinguhomecare.com",
        "wheelchair": "yes"
      },
      "geometry": {
        "type": "Point",
        "coordinates": [
          -73.9450921,
          40.790729
        ]
      },
      "id": "node/11423523321"
    },
    {
      "type": "Feature",
      "properties": {
        "@id": "node/11429590369",
        "addr:housenumber": "429",
        "addr:street": "East 75th Street",
        "amenity": "clinic",
        "check_date": "2023-12-18",
        "healthcare": "clinic",
        "level": "0",
        "name": "Hospital for Special Surgery 75th Street Campus",
        "wheelchair": "yes"
      },
      "geometry": {
        "type": "Point",
        "coordinates": [
          -73.9531315,
          40.7692428
        ]
      },
      "id": "node/11429590369"
    },
    {
      "type": "Feature",
      "properties": {
        "@id": "node/11433320382",
        "addr:city": "New York",
        "addr:housenumber": "2350",
        "addr:postcode": "10025",
        "addr:state": "NY",
        "addr:street": "Broadway",
        "amenity": "pharmacy",
        "dispensing": "yes",
        "drive_through": "no",
        "healthcare": "pharmacy",
        "name": "Broadway Chemists",
        "opening_hours": "Mo-Fr 09:00-16:00; Sa 10:00-15:00",
        "phone": "+1-212-877-0888"
      },
      "geometry": {
        "type": "Point",
        "coordinates": [
          -73.9766103,
          40.7877812
        ]
      },
      "id": "node/11433320382"
    },
    {
      "type": "Feature",
      "properties": {
        "@id": "node/11442007469",
        "addr:city": "New York",
        "addr:housenumber": "232",
        "addr:postcode": "10023",
        "addr:state": "NY",
        "addr:street": "West 61st Street",
        "amenity": "dentist",
        "contact:facebook": "ToothWorks",
        "contact:instagram": "toothworksnyc",
        "contact:twitter": "toothworksnyc",
        "email": "info@toothworksnyc.com",
        "healthcare": "dentist",
        "healthcare:speciality": "paediatrics",
        "level": "0",
        "name": "Tooth Works",
        "opening_hours": "Mo-Tu 10:00-18:00; We-Fr 09:00-17:00; Sa 09:00-15:00; Su,PH off",
        "phone": "+1-646-558-6058",
        "reservation": "required",
        "website": "https://www.toothworksnyc.com/"
      },
      "geometry": {
        "type": "Point",
        "coordinates": [
          -73.9884327,
          40.7722838
        ]
      },
      "id": "node/11442007469"
    },
    {
      "type": "Feature",
      "properties": {
        "@id": "node/11448213483",
        "addr:city": "New York",
        "addr:housenumber": "850",
        "addr:postcode": "10025",
        "addr:state": "NY",
        "addr:street": "Amsterdam Avenue",
        "check_date": "2026-03-24",
        "dispensing": "yes",
        "disused:amenity": "pharmacy",
        "drive_through": "no",
        "healthcare": "pharmacy",
        "name": "Prevail Pharmacy",
        "note": "Yelp says \"temporarily closed\". I just walked by and the place was empty except for a photocopier.",
        "phone": "+1-917-409-3891",
        "website": "https://www.prevailpharmacyny.com"
      },
      "geometry": {
        "type": "Point",
        "coordinates": [
          -73.9679657,
          40.7976512
        ]
      },
      "id": "node/11448213483"
    },
    {
      "type": "Feature",
      "properties": {
        "@id": "node/11463577707",
        "addr:housenumber": "176",
        "addr:postcode": "10003",
        "addr:street": "3rd Avenue",
        "healthcare": "clinic",
        "healthcare:speciality": "allergy",
        "name": "Nectar",
        "opening_hours": "Mo-Fr 09:00-17:00",
        "phone": "+1-646-437-8899",
        "website": "https://www.mynectar.com/allergy-clinic-nyc",
        "wheelchair": "yes"
      },
      "geometry": {
        "type": "Point",
        "coordinates": [
          -73.9862236,
          40.7349257
        ]
      },
      "id": "node/11463577707"
    },
    {
      "type": "Feature",
      "properties": {
        "@id": "node/11477083903",
        "addr:city": "New York",
        "addr:housenumber": "2608",
        "addr:postcode": "10025",
        "addr:state": "NY",
        "addr:street": "Broadway",
        "amenity": "dentist",
        "healthcare": "dentist",
        "name": "New York Smiles",
        "phone": "+1-212-865-8280",
        "website": "https://newyorksmilesdental.com"
      },
      "geometry": {
        "type": "Point",
        "coordinates": [
          -73.9703974,
          40.7960979
        ]
      },
      "id": "node/11477083903"
    },
    {
      "type": "Feature",
      "properties": {
        "@id": "node/11477083904",
        "addr:city": "New York",
        "addr:housenumber": "2618",
        "addr:postcode": "10025",
        "addr:state": "NY",
        "addr:street": "Broadway",
        "brand": "Cohen's Fashion Optical",
        "brand:wikidata": "Q5141313",
        "healthcare": "optometrist",
        "name": "Cohen's Fashion Optical",
        "opening_hours": "Mo-We 10:00-18:00; Th-Sa 10:00-17:00",
        "phone": "+1-212-666-2615",
        "shop": "optician",
        "short_name": "Cohen's",
        "website": "https://www.cohensfashionoptical.com/locations/2618-broadway/"
      },
      "geometry": {
        "type": "Point",
        "coordinates": [
          -73.9701843,
          40.7964068
        ]
      },
      "id": "node/11477083904"
    },
    {
      "type": "Feature",
      "properties": {
        "@id": "node/11484334629",
        "addr:housenumber": "521",
        "addr:postcode": "10033",
        "addr:street": "West 181st Street",
        "amenity": "clinic",
        "check_date": "2026-05-12",
        "contact:email": "urgentcare@ccnmedicine.com",
        "healthcare": "clinic",
        "level": "0",
        "name": "181st Street Urgent Care Center",
        "opening_hours": "Mo-Fr 09:00-20:00; Sa, Su 09:00-18:00",
        "payment:american_express": "yes",
        "payment:cash": "yes",
        "payment:cheque": "yes",
        "payment:discover_card": "yes",
        "payment:mastercard": "yes",
        "payment:visa": "yes",
        "phone": "+1 347-756-6000",
        "website": "https://www.urgentcare181.com/"
      },
      "geometry": {
        "type": "Point",
        "coordinates": [
          -73.9320975,
          40.8487864
        ]
      },
      "id": "node/11484334629"
    },
    {
      "type": "Feature",
      "properties": {
        "@id": "node/11484345327",
        "addr:housenumber": "517",
        "addr:street": "West 181st Street",
        "addr:unit": "A",
        "amenity": "pharmacy",
        "check_date": "2026-05-12",
        "healthcare": "pharmacy",
        "level": "0",
        "name": "Medicine Plus Pharmacy",
        "opening_hours": "Mo-Fr 09:30-18:00; Sa 10:00-15:00",
        "phone": "+1 212-705-8717"
      },
      "geometry": {
        "type": "Point",
        "coordinates": [
          -73.9318569,
          40.8486782
        ]
      },
      "id": "node/11484345327"
    },
    {
      "type": "Feature",
      "properties": {
        "@id": "node/11506905540",
        "addr:city": "New York",
        "addr:housenumber": "2465",
        "addr:postcode": "10025",
        "addr:state": "NY",
        "addr:street": "Broadway",
        "healthcare": "physiotherapist",
        "name": "Spear Physical Therapy",
        "phone": "+1-646-829-2299",
        "website": "https://spearcenter.com/location/upper-west-side-w-92nd-st/"
      },
      "geometry": {
        "type": "Point",
        "coordinates": [
          -73.9741881,
          40.7918411
        ]
      },
      "id": "node/11506905540"
    },
    {
      "type": "Feature",
      "properties": {
        "@id": "node/11515587248",
        "addr:city": "New York",
        "addr:housenumber": "2599",
        "addr:postcode": "10025",
        "addr:state": "NY",
        "addr:street": "Broadway",
        "amenity": "doctors",
        "healthcare": "doctor",
        "healthcare:speciality": "dermatology",
        "name": "Manhattan Valley Dermatology",
        "opening_hours": "Mo-Fr 09:00-19:00; Su 09:00-19:00",
        "phone": "+1-212-385-3700",
        "website": "https://www.thedermspecs.com/locations/manhattan-valley/"
      },
      "geometry": {
        "type": "Point",
        "coordinates": [
          -73.9711485,
          40.7959805
        ]
      },
      "id": "node/11515587248"
    },
    {
      "type": "Feature",
      "properties": {
        "@id": "node/11517472729",
        "addr:city": "New York",
        "addr:housenumber": "283",
        "addr:postcode": "10026",
        "addr:state": "NY",
        "addr:street": "West 110th Street",
        "healthcare": "physiotherapist",
        "name": "Health SOS",
        "phone": "+1-212-222-0042",
        "website": "https://healthsos.com/"
      },
      "geometry": {
        "type": "Point",
        "coordinates": [
          -73.9574945,
          40.8006248
        ]
      },
      "id": "node/11517472729"
    },
    {
      "type": "Feature",
      "properties": {
        "@id": "node/11528829822",
        "addr:housenumber": "340",
        "addr:street": "East 72nd Street",
        "amenity": "dentist",
        "check_date": "2024-01-18",
        "healthcare": "dentist",
        "level": "0",
        "name": "New York Family Dental Arts",
        "website": "https://dentalartsny.com",
        "wheelchair": "limited"
      },
      "geometry": {
        "type": "Point",
        "coordinates": [
          -73.9572879,
          40.7681777
        ]
      },
      "id": "node/11528829822"
    },
    {
      "type": "Feature",
      "properties": {
        "@id": "node/11530440424",
        "addr:city": "New York",
        "addr:housenumber": "801",
        "addr:postcode": "10025",
        "addr:state": "NY",
        "addr:street": "Amsterdam Avenue",
        "amenity": "pharmacy",
        "dispensing": "yes",
        "drive_through": "no",
        "healthcare": "pharmacy",
        "name": "Valley Drug",
        "opening_hours": "Mo-Fr 09:00-19:00; Sa 09:00-17:00; Su off",
        "phone": "+1-212-678-0084",
        "website": "https://www.valleydrugsnyc.com"
      },
      "geometry": {
        "type": "Point",
        "coordinates": [
          -73.9684843,
          40.7962815
        ]
      },
      "id": "node/11530440424"
    },
    {
      "type": "Feature",
      "properties": {
        "@id": "node/11530464560",
        "addr:city": "New York",
        "addr:housenumber": "770",
        "addr:postcode": "10025",
        "addr:state": "NY",
        "addr:street": "Amsterdam Avenue",
        "amenity": "dentist",
        "healthcare": "dentist",
        "name": "Smiles on Smiles",
        "opening_hours": "Mo 08:00-15:00; Tu-We 12:00-19:00; Fr 08:00-15:00; Sa 09:00-15:00",
        "phone": "+1-646-755-8006",
        "website": "https://www.smilesonsmilesdentalcare.com"
      },
      "geometry": {
        "type": "Point",
        "coordinates": [
          -73.9697731,
          40.7952204
        ]
      },
      "id": "node/11530464560"
    },
    {
      "type": "Feature",
      "properties": {
        "@id": "node/11532588759",
        "addr:city": "New York",
        "addr:housenumber": "814",
        "addr:postcode": "10025",
        "addr:state": "NY",
        "addr:street": "Amsterdam Avenue",
        "amenity": "dentist",
        "healthcare": "dentist",
        "name": "Sunshine Smiles",
        "opening_hours": "Mo-Fr 09:00-17:00",
        "phone": "+1-212-729-7915",
        "website": "https://sunshinesmilesny.com"
      },
      "geometry": {
        "type": "Point",
        "coordinates": [
          -73.9687566,
          40.7966125
        ]
      },
      "id": "node/11532588759"
    },
    {
      "type": "Feature",
      "properties": {
        "@id": "node/11538150826",
        "addr:city": "New York",
        "addr:housenumber": "902",
        "addr:postcode": "10025",
        "addr:state": "NY",
        "addr:street": "Columbus Avenue",
        "healthcare": "physiotherapist",
        "name": "Community Health Physical Therapy",
        "phone": "+1-646-233-1971",
        "website": "https://pt4all.nyc"
      },
      "geometry": {
        "type": "Point",
        "coordinates": [
          -73.963892,
          40.7981708
        ]
      },
      "id": "node/11538150826"
    },
    {
      "type": "Feature",
      "properties": {
        "@id": "node/11545465905",
        "addr:city": "New York",
        "addr:country": "US",
        "addr:housenumber": "1412",
        "addr:postcode": "10018",
        "addr:state": "NY",
        "addr:street": "Broadway",
        "addr:unit": "21V",
        "amenity": "clinic",
        "description": "Elevate Egg Donors and Surrogates is a New York City fertility clinic and egg donor agency which connects intended parents surrogates and egg donors.",
        "email": "info@elevatebaby.com",
        "healthcare": "clinic",
        "healthcare:speciality": "fertility",
        "name": "Elevate Egg Donors and Surrogates",
        "opening_hours": "Mo-Fr 08:00-17:00",
        "operator": "Sean Nash",
        "operator:type": "private",
        "payment:cash": "yes",
        "payment:cheque": "yes",
        "payment:credit_cards": "yes",
        "phone": "+1-866-863-5562",
        "website": "https://elevatebaby.com/egg-donation-by-state/new-york/"
      },
      "geometry": {
        "type": "Point",
        "coordinates": [
          -73.9864854,
          40.7535099
        ]
      },
      "id": "node/11545465905"
    },
    {
      "type": "Feature",
      "properties": {
        "@id": "node/11554789075",
        "addr:city": "New York",
        "addr:housenumber": "1009",
        "addr:postcode": "10025",
        "addr:state": "NY",
        "addr:street": "Columbus Avenue",
        "amenity": "pharmacy",
        "drive_through": "no",
        "healthcare": "pharmacy",
        "name": "Town Drug & Surgical",
        "phone": "+1-212-662-6630"
      },
      "geometry": {
        "type": "Point",
        "coordinates": [
          -73.9610385,
          40.801422
        ]
      },
      "id": "node/11554789075"
    },
    {
      "type": "Feature",
      "properties": {
        "@id": "node/11559171142",
        "addr:city": "New York",
        "addr:housenumber": "110",
        "addr:postcode": "10023",
        "addr:state": "NY",
        "addr:street": "West End Avenue",
        "amenity": "pharmacy",
        "dispensing": "yes",
        "drive_through": "no",
        "healthcare": "pharmacy",
        "name": "Danny's Pharmacy II",
        "opening_hours": "Mo-Fr 09:00-17:00; Su 11:00-16:00",
        "phone": "+1-347-754-3161",
        "website": "https://www.dannyspharmacy2.com"
      },
      "geometry": {
        "type": "Point",
        "coordinates": [
          -73.9877889,
          40.7749152
        ]
      },
      "id": "node/11559171142"
    },
    {
      "type": "Feature",
      "properties": {
        "@id": "node/11559194862",
        "addr:city": "New York",
        "addr:housenumber": "269",
        "addr:postcode": "10023",
        "addr:state": "NY",
        "addr:street": "Amsterdam Avenue",
        "amenity": "dentist",
        "healthcare": "dentist",
        "name": "Soul Dental",
        "opening_hours": "Mo-Th 09:00-18:00; Fr 09:00-17:00",
        "phone": "+1-347-801-0753",
        "website": "https://souldentalnyc.com"
      },
      "geometry": {
        "type": "Point",
        "coordinates": [
          -73.981142,
          40.7789567
        ]
      },
      "id": "node/11559194862"
    },
    {
      "type": "Feature",
      "properties": {
        "@id": "node/11563159917",
        "addr:city": "New York",
        "addr:housenumber": "2268",
        "addr:postcode": "10024",
        "addr:state": "NY",
        "addr:street": "Broadway",
        "amenity": "pharmacy",
        "dispensing": "yes",
        "drive_through": "no",
        "healthcare": "pharmacy",
        "name": "Cedra Pharmacy",
        "opening_hours": "Mo-Fr 09:00-00:00",
        "phone": "+1-212-877-5000",
        "website": "https://www.cedrapharmacy.com/manhattan2"
      },
      "geometry": {
        "type": "Point",
        "coordinates": [
          -73.9785266,
          40.7853133
        ]
      },
      "id": "node/11563159917"
    },
    {
      "type": "Feature",
      "properties": {
        "@id": "node/11563331772",
        "addr:city": "New York",
        "addr:housenumber": "2376",
        "addr:postcode": "10024",
        "addr:state": "NY",
        "addr:street": "Broadway",
        "amenity": "dentist",
        "healthcare": "dentist",
        "name": "Tend",
        "opening_hours": "Mo-Fr 07:00-20:00; Sa 08:00-16:00",
        "phone": "+1-212-223-3686",
        "website": "https://www.hellotend.com/studios/new-york-city/upper-west-side"
      },
      "geometry": {
        "type": "Point",
        "coordinates": [
          -73.9757894,
          40.7887241
        ]
      },
      "id": "node/11563331772"
    },
    {
      "type": "Feature",
      "properties": {
        "@id": "node/11574566877",
        "addr:housenumber": "431",
        "addr:street": "East 73rd Street",
        "amenity": "clinic",
        "check_date": "2024-09-01",
        "healthcare": "clinic",
        "level": "0",
        "name": "Bio Dynamic Orthotics & Prosthetics",
        "opening_hours": "Mo-Fr 08:00-17:00; Sa-Su off",
        "website": "https://biodynamictech.com",
        "wheelchair": "yes"
      },
      "geometry": {
        "type": "Point",
        "coordinates": [
          -73.9538621,
          40.7678921
        ]
      },
      "id": "node/11574566877"
    },
    {
      "type": "Feature",
      "properties": {
        "@id": "node/11577695985",
        "amenity": "dentist",
        "healthcare": "dentist",
        "name": "Expert Dental"
      },
      "geometry": {
        "type": "Point",
        "coordinates": [
          -74.008852,
          40.7144353
        ]
      },
      "id": "node/11577695985"
    },
    {
      "type": "Feature",
      "properties": {
        "@id": "node/11590434716",
        "addr:housenumber": "414",
        "addr:postcode": "10021",
        "addr:street": "East 71st Street",
        "amenity": "clinic",
        "branch": "Upper East Side",
        "healthcare": "alternative",
        "healthcare:speciality": "acupuncture",
        "name": "ACA Acupuncture & Wellness",
        "opening_hours": "Mo-Fr 09:00-19:00; Sa,Su 10:00-18:00",
        "website": "https://acaacupuncture.com/locations/upper-east-side-manhattan/"
      },
      "geometry": {
        "type": "Point",
        "coordinates": [
          -73.9556804,
          40.7666715
        ]
      },
      "id": "node/11590434716"
    },
    {
      "type": "Feature",
      "properties": {
        "@id": "node/11591064696",
        "addr:city": "New York",
        "addr:housenumber": "211",
        "addr:postcode": "10024",
        "addr:state": "NY",
        "addr:street": "West 79th Street",
        "amenity": "dentist",
        "healthcare": "dentist",
        "name": "Dental 365",
        "opening_hours": "Mo 10:00-18:00; Tu 09:30-17:00; We 12:00-20:00; Th 10:00-18:00; Fr 09:00-16:00; Sa 09:00-15:00",
        "phone": "+1-212-799-7700",
        "website": "https://www.godental365.com/location/ny/new-york-county/dental365-upper-west-side"
      },
      "geometry": {
        "type": "Point",
        "coordinates": [
          -73.9789304,
          40.7835907
        ]
      },
      "id": "node/11591064696"
    },
    {
      "type": "Feature",
      "properties": {
        "@id": "node/11591064697",
        "addr:city": "New York",
        "addr:housenumber": "213",
        "addr:postcode": "10024",
        "addr:state": "NY",
        "addr:street": "West 79th Street",
        "healthcare": "optometrist",
        "name": "Eye Q",
        "phone": "+1-212-724-8855",
        "website": "https://www.eyeqdr.com"
      },
      "geometry": {
        "type": "Point",
        "coordinates": [
          -73.978978,
          40.7836112
        ]
      },
      "id": "node/11591064697"
    },
    {
      "type": "Feature",
      "properties": {
        "@id": "node/11591064698",
        "addr:city": "New York",
        "addr:housenumber": "215",
        "addr:postcode": "10024",
        "addr:state": "NY",
        "addr:street": "West 79th Street",
        "amenity": "pharmacy",
        "dispensing": "yes",
        "drive_through": "no",
        "healthcare": "pharmacy",
        "name": "79th Street Pharmacy",
        "phone": "+1-646-370-5978"
      },
      "geometry": {
        "type": "Point",
        "coordinates": [
          -73.9790454,
          40.7836402
        ]
      },
      "id": "node/11591064698"
    },
    {
      "type": "Feature",
      "properties": {
        "@id": "node/11608291125",
        "addr:housenumber": "475",
        "addr:street": "East 72nd Street",
        "amenity": "clinic",
        "check_date": "2024-09-22",
        "healthcare": "clinic",
        "healthcare:speciality": "physiatry",
        "level": "0",
        "name": "Ambulatory Care Clinic, Hospital for Special Surgery",
        "wheelchair": "yes"
      },
      "geometry": {
        "type": "Point",
        "coordinates": [
          -73.953981,
          40.7671394
        ]
      },
      "id": "node/11608291125"
    },
    {
      "type": "Feature",
      "properties": {
        "@id": "node/11608342914",
        "addr:housenumber": "311",
        "addr:street": "East 72nd Street",
        "amenity": "doctors",
        "check_date": "2024-02-10",
        "healthcare": "doctor",
        "healthcare:speciality": "cardiology",
        "level": "0",
        "name": "Cardiology Consultants of New York",
        "wheelchair": "no"
      },
      "geometry": {
        "type": "Point",
        "coordinates": [
          -73.9577272,
          40.7686817
        ]
      },
      "id": "node/11608342914"
    },
    {
      "type": "Feature",
      "properties": {
        "@id": "node/11609740146",
        "addr:city": "New York",
        "addr:housenumber": "801",
        "addr:postcode": "10025",
        "addr:state": "NY",
        "addr:street": "Amsterdam Avenue",
        "amenity": "clinic",
        "healthcare": "clinic",
        "name": "Ryan Health Women & Children's",
        "opening_hours": "Mo-We 08:00-19:00; Th,Fr 08:00-17:00",
        "operator": "Ryan Health",
        "phone": "+1-212-316-8300",
        "website": "https://ryanhealth.org/locations/ryan-women-and-childrens"
      },
      "geometry": {
        "type": "Point",
        "coordinates": [
          -73.9687558,
          40.7958469
        ]
      },
      "id": "node/11609740146"
    },
    {
      "type": "Feature",
      "properties": {
        "@id": "node/11612203898",
        "amenity": "pharmacy",
        "brand": "CVS Pharmacy",
        "brand:website": "https://www.cvs.com/",
        "brand:wikidata": "Q2078880",
        "healthcare": "pharmacy",
        "name": "CVS Pharmacy",
        "short_name": "CVS",
        "website": "https://www.cvs.com/store-locator/new-york-ny-pharmacies/10-union-square-east-new-york-ny-10003/storeid=17820"
      },
      "geometry": {
        "type": "Point",
        "coordinates": [
          -73.9896526,
          40.7345214
        ]
      },
      "id": "node/11612203898"
    },
    {
      "type": "Feature",
      "properties": {
        "@id": "node/11617205602",
        "addr:city": "New York",
        "addr:housenumber": "209",
        "addr:postcode": "10025",
        "addr:state": "NY",
        "addr:street": "West 96th Street",
        "amenity": "clinic",
        "healthcare": "clinic",
        "name": "Health East Medical Alliance",
        "phone": "+1-212-864-2222",
        "website": "https://www.hemadrs.com/"
      },
      "geometry": {
        "type": "Point",
        "coordinates": [
          -73.9711314,
          40.7945594
        ]
      },
      "id": "node/11617205602"
    },
    {
      "type": "Feature",
      "properties": {
        "@id": "node/11620194564",
        "addr:city": "New York",
        "addr:housenumber": "235",
        "addr:postcode": "10023",
        "addr:state": "NY",
        "addr:street": "West 75th Street",
        "healthcare": "physiotherapist",
        "name": "Spear Physical Therapy",
        "phone": "+1-646-518-5559",
        "website": "https://spearcenter.com/location/upper-west-side-w-75th-st/"
      },
      "geometry": {
        "type": "Point",
        "coordinates": [
          -73.9819119,
          40.7814054
        ]
      },
      "id": "node/11620194564"
    },
    {
      "type": "Feature",
      "properties": {
        "@id": "node/11626268130",
        "addr:city": "New York",
        "addr:floor": "2",
        "addr:housenumber": "2109",
        "addr:postcode": "10023",
        "addr:state": "NY",
        "addr:street": "Broadway",
        "amenity": "clinic",
        "healthcare": "clinic",
        "name": "Mount Sinai Doctors",
        "phone": "+1-212-523-8672",
        "website": "https://www.mountsinai.org/locations/msd-ansonia"
      },
      "geometry": {
        "type": "Point",
        "coordinates": [
          -73.9818594,
          40.7801934
        ]
      },
      "id": "node/11626268130"
    },
    {
      "type": "Feature",
      "properties": {
        "@id": "node/11650676303",
        "healthcare": "physiotherapist",
        "name": "Brick-Run",
        "opening_hours": "Mo,We 06:00-18:00; Tu,Th 06:00-19:00; Fr-Su off",
        "phone": "+1-212-665-5070",
        "website": "https://www.brickrunsportspt.com/"
      },
      "geometry": {
        "type": "Point",
        "coordinates": [
          -73.9680892,
          40.7925062
        ]
      },
      "id": "node/11650676303"
    },
    {
      "type": "Feature",
      "properties": {
        "@id": "node/11662311275",
        "addr:city": "New York",
        "addr:housenumber": "254",
        "addr:postcode": "10024",
        "addr:state": "NY",
        "addr:street": "West 87th Street",
        "amenity": "doctors",
        "healthcare": "doctor",
        "healthcare:speciality": "paediatrics",
        "name": "Metropolitan Pediatrics",
        "opening_hours": "Mo-Th 8:30-19:00; Fr 08:30-17:00",
        "phone": "+1-212-496-6440",
        "website": "https://metropedsnyc.com"
      },
      "geometry": {
        "type": "Point",
        "coordinates": [
          -73.9768082,
          40.7892117
        ]
      },
      "id": "node/11662311275"
    },
    {
      "type": "Feature",
      "properties": {
        "@id": "node/11664575715",
        "addr:city": "New York",
        "addr:housenumber": "2465",
        "addr:postcode": "10025",
        "addr:state": "NY",
        "addr:street": "Broadway",
        "healthcare": "physiotherapist",
        "name": "Starpro Physical Therapy",
        "phone": "+1-929-419-1145",
        "website": "https://www.professionalpt.com/office/west-92nd-street/"
      },
      "geometry": {
        "type": "Point",
        "coordinates": [
          -73.974081,
          40.7919966
        ]
      },
      "id": "node/11664575715"
    },
    {
      "type": "Feature",
      "properties": {
        "@id": "node/11671515583",
        "amenity": "pharmacy",
        "healthcare": "pharmacy",
        "name": "Villy Kx Pharmacy"
      },
      "geometry": {
        "type": "Point",
        "coordinates": [
          -73.9974503,
          40.7180704
        ]
      },
      "id": "node/11671515583"
    },
    {
      "type": "Feature",
      "properties": {
        "@id": "node/11680165169",
        "addr:housenumber": "137",
        "addr:postcode": "10025",
        "addr:street": "West 96th Street",
        "amenity": "doctors",
        "check_date": "2026-05-13",
        "healthcare": "doctor",
        "healthcare:speciality": "dermatology",
        "name": "Schweiger Dermatology Group",
        "opening_hours": "Mo 08:00-19:00; Tu-We 07:00-17:30; Th 07:00-18:00; Fr 08:00-19:00; Sa-Su off",
        "phone": "+1-646-606-4962",
        "website": "https://www.schweigerderm.com/location/new-york/upper-west-side/"
      },
      "geometry": {
        "type": "Point",
        "coordinates": [
          -73.969325,
          40.7938206
        ]
      },
      "id": "node/11680165169"
    },
    {
      "type": "Feature",
      "properties": {
        "@id": "node/11687176849",
        "addr:city": "New York",
        "addr:housenumber": "210",
        "addr:postcode": "10024",
        "addr:state": "NY",
        "addr:street": "West 79th Street",
        "healthcare": "optometrist",
        "name": "Gary Tracy Optometry",
        "phone": "+1-212-877-5840"
      },
      "geometry": {
        "type": "Point",
        "coordinates": [
          -73.9790598,
          40.783245
        ]
      },
      "id": "node/11687176849"
    },
    {
      "type": "Feature",
      "properties": {
        "@id": "node/11717548033",
        "addr:housenumber": "405",
        "addr:street": "East 75th Street",
        "amenity": "clinic",
        "check_date": "2024-03-11",
        "healthcare": "clinic",
        "level": "0",
        "name": "Hospital for Special Surgery clinic"
      },
      "geometry": {
        "type": "Point",
        "coordinates": [
          -73.9540138,
          40.7696165
        ]
      },
      "id": "node/11717548033"
    },
    {
      "type": "Feature",
      "properties": {
        "@id": "node/11727941561",
        "addr:housenumber": "65",
        "addr:street": "East 76th Street",
        "branch": "Patient Service Center",
        "brand": "Quest Diagnostics",
        "brand:wikidata": "Q7271456",
        "check_date": "2024-03-13",
        "healthcare": "laboratory",
        "level": "0",
        "name": "Quest Diagnostics",
        "opening_hours": "Mo-Fr 08:00-16:00; Sa 08:00-12:00",
        "wheelchair": "yes"
      },
      "geometry": {
        "type": "Point",
        "coordinates": [
          -73.9625404,
          40.774058
        ]
      },
      "id": "node/11727941561"
    },
    {
      "type": "Feature",
      "properties": {
        "@id": "node/11727941562",
        "addr:housenumber": "69",
        "addr:street": "East 76th Street",
        "amenity": "doctors",
        "check_date": "2024-03-13",
        "healthcare": "doctor",
        "healthcare:speciality": "dermatology",
        "level": "0",
        "name": "SINY Dermatology",
        "phone": "+1 800 778 3090",
        "website": "https://sinyderm.com",
        "wheelchair": "yes"
      },
      "geometry": {
        "type": "Point",
        "coordinates": [
          -73.9622492,
          40.7739153
        ]
      },
      "id": "node/11727941562"
    },
    {
      "type": "Feature",
      "properties": {
        "@id": "node/11729195310",
        "amenity": "pharmacy",
        "check_date": "2024-03-13",
        "healthcare": "pharmacy",
        "level": "0",
        "name": "HealthSource Pharmacy & Health Food Store",
        "wheelchair": "yes"
      },
      "geometry": {
        "type": "Point",
        "coordinates": [
          -73.9637823,
          40.7568344
        ]
      },
      "id": "node/11729195310"
    },
    {
      "type": "Feature",
      "properties": {
        "@id": "node/11734409661",
        "amenity": "clinic",
        "healthcare": "clinic",
        "name": "MedRite Urgent Care"
      },
      "geometry": {
        "type": "Point",
        "coordinates": [
          -73.9917128,
          40.744742
        ]
      },
      "id": "node/11734409661"
    },
    {
      "type": "Feature",
      "properties": {
        "@id": "node/11738970500",
        "addr:housenumber": "65",
        "addr:street": "Mott Street",
        "amenity": "pharmacy",
        "healthcare": "pharmacy",
        "name": "Peoples Pharmacy",
        "opening_hours": "Mo-Su 10:00-19:00"
      },
      "geometry": {
        "type": "Point",
        "coordinates": [
          -73.9983132,
          40.7161356
        ]
      },
      "id": "node/11738970500"
    },
    {
      "type": "Feature",
      "properties": {
        "@id": "node/11743274414",
        "addr:city": "New York",
        "addr:housenumber": "256",
        "addr:postcode": "10026",
        "addr:state": "NY",
        "addr:street": "West 116th Street",
        "amenity": "pharmacy",
        "dispensing": "yes",
        "drive_through": "no",
        "healthcare": "pharmacy",
        "name": "Ecogreen Pharmacy",
        "phone": "+1-646-559-1280",
        "website": "https://www.ecogreenpharmacy.com"
      },
      "geometry": {
        "type": "Point",
        "coordinates": [
          -73.9550567,
          40.8040946
        ]
      },
      "id": "node/11743274414"
    },
    {
      "type": "Feature",
      "properties": {
        "@id": "node/11743274417",
        "addr:city": "New York",
        "addr:housenumber": "240",
        "addr:postcode": "10026",
        "addr:state": "NY",
        "addr:street": "West 116th Street",
        "amenity": "dentist",
        "healthcare": "dentist",
        "name": "Uptown Dental",
        "phone": "+1-646-693-0625",
        "website": "https://uptownnycdental.com"
      },
      "geometry": {
        "type": "Point",
        "coordinates": [
          -73.9544171,
          40.8038225
        ]
      },
      "id": "node/11743274417"
    },
    {
      "type": "Feature",
      "properties": {
        "@id": "node/11743343363",
        "addr:city": "New York",
        "addr:housenumber": "2310",
        "addr:postcode": "10035",
        "addr:state": "NY",
        "addr:street": "1st Avenue",
        "healthcare": "counselling",
        "name": "GOSO SAVE",
        "website": "https://www.gosonyc.org/save-east-harlem/"
      },
      "geometry": {
        "type": "Point",
        "coordinates": [
          -73.9340355,
          40.7975682
        ]
      },
      "id": "node/11743343363"
    },
    {
      "type": "Feature",
      "properties": {
        "@id": "node/11743347551",
        "addr:city": "New York",
        "addr:housenumber": "214-216",
        "addr:postcode": "10025",
        "addr:state": "NY",
        "addr:street": "West 116th Street",
        "healthcare": "counselling",
        "name": "Care Counseling Center",
        "phone": "+1-212-602-1400",
        "website": "https://www.carecounselingnyc.com"
      },
      "geometry": {
        "type": "Point",
        "coordinates": [
          -73.9534409,
          40.8034137
        ]
      },
      "id": "node/11743347551"
    },
    {
      "type": "Feature",
      "properties": {
        "@id": "node/11748490911",
        "addr:city": "New York",
        "addr:postcode": "10033",
        "addr:state": "NY",
        "amenity": "clinic",
        "check_date": "2026-05-09",
        "healthcare": "clinic",
        "name": "CityMD Urgent Care",
        "operator": "CityMD",
        "operator:wikidata": "Q22295471"
      },
      "geometry": {
        "type": "Point",
        "coordinates": [
          -73.9347049,
          40.8498854
        ]
      },
      "id": "node/11748490911"
    },
    {
      "type": "Feature",
      "properties": {
        "@id": "node/11748653913",
        "addr:city": "New York",
        "addr:postcode": "10032",
        "addr:state": "NY",
        "amenity": "pharmacy",
        "check_date": "2026-05-10",
        "drive_through": "no",
        "healthcare": "pharmacy",
        "name": "173 Pharmacy",
        "phone": "+1 646-692-4646"
      },
      "geometry": {
        "type": "Point",
        "coordinates": [
          -73.9374183,
          40.8439436
        ]
      },
      "id": "node/11748653913"
    },
    {
      "type": "Feature",
      "properties": {
        "@id": "node/11749021327",
        "addr:housenumber": "320",
        "addr:postcode": "10030",
        "addr:street": "West 145th Street",
        "amenity": "pharmacy",
        "brand": "Duane Reade",
        "brand:wikidata": "Q5310380",
        "dispensing": "yes",
        "drive_through": "no",
        "healthcare": "pharmacy",
        "name": "Duane Reade",
        "opening_hours": "07:00-22:00 open \"Store\" || Mo-Fr 09:00-20:00; Sa 09:00-18:00; Su 10:00-17:00 open \"Pharmacy\"",
        "phone": "+1 212-939-0941",
        "website": "https://www.walgreens.com/locator/walgreens-320+w+145th+st-new+york-ny-10039/id=14335"
      },
      "geometry": {
        "type": "Point",
        "coordinates": [
          -73.9431768,
          40.8231944
        ]
      },
      "id": "node/11749021327"
    },
    {
      "type": "Feature",
      "properties": {
        "@id": "node/11757144939",
        "addr:city": "New York",
        "addr:housenumber": "1875",
        "addr:postcode": "10035",
        "addr:state": "NY",
        "addr:street": "Lexington Avenue",
        "amenity": "pharmacy",
        "dispensing": "yes",
        "drive_through": "no",
        "healthcare": "pharmacy",
        "name": "Healthy Harlem",
        "opening_hours": "Mo-Fr 09:00-19:00; Su 10:00-17:00",
        "phone": "+1-212-601-2661",
        "website": "https://www.healthyharlemrx.org"
      },
      "geometry": {
        "type": "Point",
        "coordinates": [
          -73.9411912,
          40.7989449
        ]
      },
      "id": "node/11757144939"
    },
    {
      "type": "Feature",
      "properties": {
        "@id": "node/11772978388",
        "addr:city": "New York",
        "addr:housenumber": "565",
        "addr:postcode": "10027",
        "addr:state": "NY",
        "addr:street": "West 125th Street",
        "amenity": "clinic",
        "healthcare": "clinic",
        "name": "City Prime Health",
        "opening_hours": "Mo 09:00-17:00; Tu 09:00-18:00; We-Th 09:00-17:00; Fr 09:00-16:00; Sa 08:00-12:00",
        "phone": "+1-212-470-1000",
        "website": "https://cityprimehealth.com"
      },
      "geometry": {
        "type": "Point",
        "coordinates": [
          -73.9577427,
          40.8153704
        ]
      },
      "id": "node/11772978388"
    },
    {
      "type": "Feature",
      "properties": {
        "@id": "node/11801353533",
        "addr:city": "Manhattan",
        "addr:housenumber": "1133",
        "addr:postcode": "66502",
        "addr:state": "KS",
        "addr:street": "College Avenue",
        "addr:unit": "E-220",
        "amenity": "doctors",
        "healthcare": "doctor",
        "healthcare:speciality": "surgery",
        "name": "Surgical Associates Manhattan",
        "phone": "+1-785-539-5341",
        "website": "https://www.surgicalassociatesmanhattan.com/"
      },
      "geometry": {
        "type": "Point",
        "coordinates": [
          -96.6010129,
          39.1922356
        ]
      },
      "id": "node/11801353533"
    },
    {
      "type": "Feature",
      "properties": {
        "@id": "node/11803456209",
        "addr:city": "Manhattan",
        "addr:housenumber": "1133",
        "addr:postcode": "66502",
        "addr:state": "KS",
        "addr:street": "College Avenue",
        "addr:unit": "G200",
        "healthcare": "physiotherapist",
        "name": "Mathis Physical Therapy"
      },
      "geometry": {
        "type": "Point",
        "coordinates": [
          -96.6021575,
          39.1925671
        ]
      },
      "id": "node/11803456209"
    },
    {
      "type": "Feature",
      "properties": {
        "@id": "node/11803456210",
        "addr:city": "Manhattan",
        "addr:housenumber": "1133",
        "addr:postcode": "66502",
        "addr:state": "KS",
        "addr:street": "College Avenue",
        "addr:unit": "G120",
        "amenity": "doctors",
        "healthcare": "doctor",
        "healthcare:speciality": "radiology",
        "name": "Manhattan Radiology"
      },
      "geometry": {
        "type": "Point",
        "coordinates": [
          -96.6021666,
          39.1924207
        ]
      },
      "id": "node/11803456210"
    },
    {
      "type": "Feature",
      "properties": {
        "@id": "node/11803456211",
        "addr:city": "Manhattan",
        "addr:housenumber": "1133",
        "addr:postcode": "66502",
        "addr:state": "KS",
        "addr:street": "College Avenue",
        "addr:unit": "G130",
        "amenity": "doctors",
        "healthcare": "doctor",
        "healthcare:speciality": "radiology",
        "name": "Ascension Via Christi Imaging"
      },
      "geometry": {
        "type": "Point",
        "coordinates": [
          -96.602294,
          39.1924037
        ]
      },
      "id": "node/11803456211"
    },
    {
      "type": "Feature",
      "properties": {
        "@id": "node/11803456212",
        "addr:city": "Manhattan",
        "addr:housenumber": "1133",
        "addr:postcode": "66502",
        "addr:state": "KS",
        "addr:street": "College Avenue",
        "addr:unit": "G110",
        "amenity": "doctors",
        "healthcare": "doctor",
        "healthcare:speciality": "radiology",
        "name": "Women’s Imaging Center"
      },
      "geometry": {
        "type": "Point",
        "coordinates": [
          -96.6023134,
          39.1925335
        ]
      },
      "id": "node/11803456212"
    },
    {
      "type": "Feature",
      "properties": {
        "@id": "node/11803456213",
        "addr:city": "Manhattan",
        "addr:housenumber": "1133",
        "addr:postcode": "66502",
        "addr:state": "KS",
        "addr:street": "College Avenue",
        "addr:unit": "G210",
        "amenity": "doctors",
        "healthcare": "doctor",
        "healthcare:speciality": "paediatrics",
        "name": "Pediatric Associates"
      },
      "geometry": {
        "type": "Point",
        "coordinates": [
          -96.6022332,
          39.1925034
        ]
      },
      "id": "node/11803456213"
    },
    {
      "type": "Feature",
      "properties": {
        "@id": "node/11805965659",
        "addr:housenumber": "1237",
        "addr:street": "3rd Avenue",
        "amenity": "doctors",
        "check_date": "2024-04-09",
        "healthcare": "doctor",
        "healthcare:speciality": "dermatology",
        "level": "0",
        "name": "SkinLab",
        "opening_hours": "Mo-Fr 10:00-19:00; Sa 10:00-18:00; Su off",
        "website": "https://skinlab-nyc.com",
        "wheelchair": "yes"
      },
      "geometry": {
        "type": "Point",
        "coordinates": [
          -73.9607364,
          40.7692781
        ]
      },
      "id": "node/11805965659"
    },
    {
      "type": "Feature",
      "properties": {
        "@id": "node/11821145880",
        "addr:city": "New York",
        "addr:country": "US",
        "addr:housenumber": "609",
        "addr:state": "NY",
        "addr:street": "Columbus Avenue",
        "amenity": "pharmacy",
        "brand": "Duane Reade",
        "brand:wikidata": "Q5310380",
        "dispensing": "yes",
        "drive_through": "no",
        "healthcare": "pharmacy",
        "name": "Duane Reade",
        "opening_hours": "24/7"
      },
      "geometry": {
        "type": "Point",
        "coordinates": [
          -73.9702632,
          40.7886785
        ]
      },
      "id": "node/11821145880"
    },
    {
      "type": "Feature",
      "properties": {
        "@id": "node/11827082269",
        "addr:city": "New York",
        "addr:housenumber": "1155",
        "addr:postcode": "10128",
        "addr:state": "NY",
        "addr:street": "Park Avenue",
        "addr:unit": "E2",
        "amenity": "doctors",
        "contact:facebook": "https://www.facebook.com/HerniatedDiscSurgerySpecialistsNYC",
        "email": "info@herniateddiscsurgeryspecialistsnyc.com",
        "healthcare": "doctor",
        "healthcare:speciality": "orthopaedics",
        "name": "Sean McCance, MD",
        "opening_hours": "Mo-Fr 08:00-18:00",
        "payment:american_express": "yes",
        "payment:cash": "yes",
        "payment:cheque": "yes",
        "payment:discover_card": "yes",
        "payment:mastercard": "yes",
        "payment:visa": "yes",
        "phone": "+1-646-493-7640",
        "website": "https://www.herniateddiscsurgeryspecialistsnyc.com"
      },
      "geometry": {
        "type": "Point",
        "coordinates": [
          -73.9542435,
          40.7836766
        ]
      },
      "id": "node/11827082269"
    },
    {
      "type": "Feature",
      "properties": {
        "@id": "node/11875173524",
        "addr:city": "New York",
        "addr:housenumber": "459",
        "addr:state": "NY",
        "addr:street": "Broadway",
        "amenity": "pharmacy",
        "brand": "Duane Reade",
        "brand:wikidata": "Q5310380",
        "healthcare": "pharmacy",
        "name": "Duane Reade",
        "opening_hours": "Mo-Su 07:00-23:00",
        "phone": "+1 212-219-2658",
        "website": "https://www.walgreens.com/locator/walgreens-459+broadway-new+york-ny-10013/id=14408"
      },
      "geometry": {
        "type": "Point",
        "coordinates": [
          -74.0008978,
          40.7208441
        ]
      },
      "id": "node/11875173524"
    },
    {
      "type": "Feature",
      "properties": {
        "@id": "node/11907628902",
        "addr:housenumber": "142",
        "addr:street": "8th Avenue",
        "amenity": "dentist",
        "check_date": "2024-05-15",
        "healthcare": "dentist",
        "healthcare:speciality": "orthodontics",
        "level": "0",
        "name": "Tend",
        "website": "https://hellotend.com",
        "wheelchair": "yes"
      },
      "geometry": {
        "type": "Point",
        "coordinates": [
          -74.0010513,
          40.7414768
        ]
      },
      "id": "node/11907628902"
    },
    {
      "type": "Feature",
      "properties": {
        "@id": "node/11910768714",
        "addr:housenumber": "133",
        "addr:street": "West 14th Street",
        "amenity": "doctors",
        "check_date": "2024-05-16",
        "healthcare": "doctor",
        "healthcare:speciality": "dermatology",
        "level": "0",
        "name": "Satori Laser"
      },
      "geometry": {
        "type": "Point",
        "coordinates": [
          -73.9982759,
          40.7381226
        ]
      },
      "id": "node/11910768714"
    },
    {
      "type": "Feature",
      "properties": {
        "@id": "node/11917355265",
        "addr:city": "New York",
        "addr:housenumber": "225",
        "addr:postcode": "10065",
        "addr:state": "NY",
        "addr:street": "East 64th Street",
        "amenity": "doctors",
        "healthcare": "doctor",
        "healthcare:speciality": "plastic_surgery",
        "name": "Dr. Benjamin Paul",
        "opening_hours": "Mo-Fr 09:00-17:00",
        "phone": "+12128328595",
        "website": "https://www.drbenpaul.com/"
      },
      "geometry": {
        "type": "Point",
        "coordinates": [
          -73.9628011,
          40.7643222
        ]
      },
      "id": "node/11917355265"
    },
    {
      "type": "Feature",
      "properties": {
        "@id": "node/11944895727",
        "addr:city": "New York",
        "addr:housenumber": "330",
        "addr:postcode": "10019",
        "addr:state": "NY",
        "addr:street": "West 58th Street",
        "addr:unit": "603",
        "healthcare": "psychotherapist",
        "healthcare:speciality": "psychologist",
        "name": "Karen S Axelrod Ph.D.",
        "opening_hours": "Mo 12:00-19:00; Tu 13:00-19:00; We 12:00-19:00; Th 13:00-18:00; Fr off; Sa off; Su off",
        "operator": "Karen S Axelrod",
        "payment:cheque": "yes",
        "phone": "+1-917-902-5729",
        "website": "https://karensaxelrodphd.com"
      },
      "geometry": {
        "type": "Point",
        "coordinates": [
          -73.9837064,
          40.7677636
        ]
      },
      "id": "node/11944895727"
    },
    {
      "type": "Feature",
      "properties": {
        "@id": "node/11953904893",
        "addr:city": "New york",
        "addr:housenumber": "48",
        "addr:postcode": "10036",
        "addr:state": "Ny",
        "addr:street": "W 48th st",
        "amenity": "dentist",
        "healthcare": "dentist",
        "name": "Dr. Fred E. Grapel, D.D.S. (Dentist)",
        "opening_hours": "Mo,Tu,Th,Fr 08:30-18:00"
      },
      "geometry": {
        "type": "Point",
        "coordinates": [
          -73.980389,
          40.757989
        ]
      },
      "id": "node/11953904893"
    },
    {
      "type": "Feature",
      "properties": {
        "@id": "node/11969362705",
        "addr:housenumber": "7",
        "addr:postcode": "10003",
        "addr:street": "East 14th Street",
        "check_date": "2025-02-10",
        "check_date:opening_hours": "2024-06-12",
        "email": "UnionSquare@spearcenter.com",
        "healthcare": "physiotherapist",
        "level": "0",
        "name": "Spear",
        "opening_hours": "Mo-Fr 07:00-20:00; Sa 08:00-17:00",
        "opening_hours:signed": "no",
        "phone": "+1-646-973-5438",
        "website": "https://spearcenter.com/locations/manhattan/union-square-14th-st/",
        "wheelchair": "yes"
      },
      "geometry": {
        "type": "Point",
        "coordinates": [
          -73.9924628,
          40.7356903
        ]
      },
      "id": "node/11969362705"
    },
    {
      "type": "Feature",
      "properties": {
        "@id": "node/11976751700",
        "addr:housenumber": "2498",
        "addr:street": "Amsterdam Avenue",
        "amenity": "dentist",
        "healthcare": "dentist",
        "level": "0"
      },
      "geometry": {
        "type": "Point",
        "coordinates": [
          -73.929889,
          40.8498011
        ]
      },
      "id": "node/11976751700"
    },
    {
      "type": "Feature",
      "properties": {
        "@id": "node/11976751707",
        "addr:city": "New York",
        "addr:housenumber": "632",
        "addr:postcode": "10033",
        "addr:state": "NY",
        "addr:street": "West 185th Street",
        "amenity": "clinic",
        "healthcare": "clinic",
        "phone": "+1-212-927-7353"
      },
      "geometry": {
        "type": "Point",
        "coordinates": [
          -73.9331619,
          40.8520377
        ]
      },
      "id": "node/11976751707"
    },
    {
      "type": "Feature",
      "properties": {
        "@id": "node/11976751734",
        "amenity": "pharmacy",
        "healthcare": "pharmacy",
        "name": "181 Pharmacy"
      },
      "geometry": {
        "type": "Point",
        "coordinates": [
          -73.9327624,
          40.8490442
        ]
      },
      "id": "node/11976751734"
    },
    {
      "type": "Feature",
      "properties": {
        "@id": "node/11976751749",
        "amenity": "pharmacy",
        "check_date": "2026-05-12",
        "healthcare": "pharmacy",
        "name": "Heidi Pharmacy",
        "name:en": "Heidi Pharmacy",
        "name:es": "Heidi Farmacia",
        "phone": "+1-212-740-3737"
      },
      "geometry": {
        "type": "Point",
        "coordinates": [
          -73.9322687,
          40.8485537
        ]
      },
      "id": "node/11976751749"
    },
    {
      "type": "Feature",
      "properties": {
        "@id": "node/11980041892",
        "addr:city": "New York",
        "addr:housenumber": "2298",
        "addr:postcode": "10027",
        "addr:state": "NY",
        "addr:street": "Frederick Douglass Boulevard",
        "amenity": "clinic",
        "healthcare": "clinic",
        "name": "Juno Primary Care",
        "opening_hours": "Mo 08:00-19:00; Tu 07:00-21:00; We 09:00-19:00; Th 07:00-19:00; Fr-Sa 09:00-17:00; Su off",
        "phone": "+1-212-300-2836",
        "website": "https://www.juno.care/locations/harlem"
      },
      "geometry": {
        "type": "Point",
        "coordinates": [
          -73.951508,
          40.8093213
        ]
      },
      "id": "node/11980041892"
    },
    {
      "type": "Feature",
      "properties": {
        "@id": "node/11980400011",
        "addr:city": "New York",
        "addr:housenumber": "2121",
        "addr:postcode": "10027",
        "addr:state": "NY",
        "addr:street": "Adam Clayton Powell Jr. Boulevard",
        "amenity": "doctors",
        "healthcare": "doctor",
        "healthcare:speciality": "dermatology",
        "name": "Dermatology Specialists",
        "opening_hours": "Mo-Sa 09:00-19:00",
        "website": "https://www.thedermspecs.com/locations/lower-harlem/"
      },
      "geometry": {
        "type": "Point",
        "coordinates": [
          -73.947501,
          40.8096289
        ]
      },
      "id": "node/11980400011"
    },
    {
      "type": "Feature",
      "properties": {
        "@id": "node/11982036798",
        "addr:city": "New York",
        "addr:housenumber": "2181",
        "addr:postcode": "10027",
        "addr:state": "NY",
        "addr:street": "Adam Clayton Powell Jr. Boulevard",
        "healthcare": "podiatrist",
        "name": "Tej Podiatric Group",
        "phone": "+1-212-369-7340"
      },
      "geometry": {
        "type": "Point",
        "coordinates": [
          -73.9461395,
          40.8115143
        ]
      },
      "id": "node/11982036798"
    },
    {
      "type": "Feature",
      "properties": {
        "@id": "node/11986328255",
        "addr:housenumber": "1296",
        "addr:street": "3rd Avenue",
        "check_date": "2025-07-15",
        "check_date:opening_hours": "2025-07-15",
        "healthcare": "alternative",
        "healthcare:speciality": "iv_infusion",
        "level": "0",
        "name": "Modern Age",
        "opening_hours:signed": "no",
        "website": "https://www.modern-age.com/p/upper-east-side"
      },
      "geometry": {
        "type": "Point",
        "coordinates": [
          -73.959593,
          40.7714386
        ]
      },
      "id": "node/11986328255"
    },
    {
      "type": "Feature",
      "properties": {
        "@id": "node/12004705941",
        "addr:city": "New York",
        "addr:housenumber": "888",
        "addr:postcode": "10025",
        "addr:state": "NY",
        "addr:street": "Amsterdam Avenue",
        "amenity": "pharmacy",
        "check_date": "2026-03-15",
        "drive_through": "no",
        "healthcare": "pharmacy",
        "name": "Tablet Health",
        "website": "https://www.tablethealth.com/telehealth"
      },
      "geometry": {
        "type": "Point",
        "coordinates": [
          -73.9671916,
          40.7987676
        ]
      },
      "id": "node/12004705941"
    },
    {
      "type": "Feature",
      "properties": {
        "@id": "node/12007325581",
        "addr:city": "New York",
        "addr:housenumber": "38",
        "addr:postcode": "10007",
        "addr:state": "NY",
        "addr:street": "Warren Street",
        "amenity": "pharmacy",
        "brand": "CVS Pharmacy",
        "brand:website": "https://www.cvs.com/",
        "brand:wikidata": "Q2078880",
        "dispensing": "yes",
        "healthcare": "pharmacy",
        "name": "CVS Pharmacy",
        "opening_hours": "Su-Fr 07:00-00:00; Sa 07:00-00:30",
        "opening_hours:pharmacy": "Mo-Fr 08:00-21:00; Sa-Su 10:00-18:00",
        "phone": "+1-212-801-6345",
        "short_name": "CVS",
        "website": "https://www.cvs.com/store-locator/NEW%20YORK-NY-pharmacies/new-york-NEW%20YORK-NY-10007/storeid=11408"
      },
      "geometry": {
        "type": "Point",
        "coordinates": [
          -74.0085001,
          40.7145957
        ]
      },
      "id": "node/12007325581"
    },
    {
      "type": "Feature",
      "properties": {
        "@id": "node/12036720765",
        "addr:city": "New York",
        "addr:housenumber": "2111",
        "addr:postcode": "10026",
        "addr:state": "NY",
        "addr:street": "Frederick Douglass Boulevard",
        "amenity": "doctors",
        "healthcare": "doctor",
        "healthcare:speciality": "paediatrics",
        "name": "Tribeca Pediatrics",
        "phone": "+1-646-666-8248",
        "website": "https://www.tribecapediatrics.com/your-office/harlem/"
      },
      "geometry": {
        "type": "Point",
        "coordinates": [
          -73.9564167,
          40.8032998
        ]
      },
      "id": "node/12036720765"
    },
    {
      "type": "Feature",
      "properties": {
        "@id": "node/12042549282",
        "addr:city": "New York",
        "addr:housenumber": "129",
        "addr:postcode": "10023",
        "addr:state": "NY",
        "addr:street": "West 72nd Street",
        "healthcare": "alternative",
        "healthcare:speciality": "acupuncture"
      },
      "geometry": {
        "type": "Point",
        "coordinates": [
          -73.979761,
          40.7780043
        ]
      },
      "id": "node/12042549282"
    },
    {
      "type": "Feature",
      "properties": {
        "@id": "node/12042873181",
        "addr:city": "New York",
        "addr:housenumber": "167",
        "addr:postcode": "10023",
        "addr:state": "NY",
        "addr:street": "West 72nd Street",
        "brand": "Cohen's Fashion Optical",
        "brand:short": "Cohen's",
        "brand:wikidata": "Q5141313",
        "healthcare": "optometrist",
        "name": "Cohen's Fashion Optical",
        "phone": "+1-212-769-1410",
        "shop": "optician",
        "short_name": "Cohen's",
        "website": "https://www.cohensfashionoptical.com/locations/167-w-72nd-st/"
      },
      "geometry": {
        "type": "Point",
        "coordinates": [
          -73.980978,
          40.7785193
        ]
      },
      "id": "node/12042873181"
    },
    {
      "type": "Feature",
      "properties": {
        "@id": "node/12060299586",
        "addr:city": "New York",
        "addr:housenumber": "207",
        "addr:postcode": "10024",
        "addr:state": "NY",
        "addr:street": "West 79th Street",
        "healthcare": "physiotherapist",
        "name": "Recovery PT",
        "opening_hours": "Mo-Fr 07:00-20:00",
        "phone": "+1-212-874-1550",
        "website": "https://recoverypt.com/physical-therapy-clinic/rpt-upper-west-side-nyc/"
      },
      "geometry": {
        "type": "Point",
        "coordinates": [
          -73.9787525,
          40.7835141
        ]
      },
      "id": "node/12060299586"
    },
    {
      "type": "Feature",
      "properties": {
        "@id": "node/12069319196",
        "addr:city": "New York",
        "addr:housenumber": "1175",
        "addr:postcode": "10128",
        "addr:state": "NY",
        "addr:street": "Park Avenue",
        "amenity": "dentist",
        "email": "info@parksmilesnyc.com",
        "healthcare": "dentist",
        "healthcare:speciality": "general",
        "mobile": "+1-212-988-6724",
        "name": "Park Smiles NYC",
        "opening_hours": "Mo, We 07:45-17:00, Tu, Th 09:00-19:00, Fr 09:00-17:00",
        "operator": "Dr. Aryeh Mahana",
        "website": "https://www.parksmilesnyc.com/"
      },
      "geometry": {
        "type": "Point",
        "coordinates": [
          -73.9538074,
          40.7843227
        ]
      },
      "id": "node/12069319196"
    },
    {
      "type": "Feature",
      "properties": {
        "@id": "node/12070920015",
        "addr:housenumber": "428",
        "addr:street": "East 72nd Street",
        "amenity": "clinic",
        "check_date": "2024-09-22",
        "healthcare": "clinic",
        "level": "0",
        "name": "Weill Cornell Medicine",
        "name:en": "Weill Cornell Medicine",
        "wheelchair": "yes"
      },
      "geometry": {
        "type": "Point",
        "coordinates": [
          -73.9547002,
          40.767009
        ]
      },
      "id": "node/12070920015"
    },
    {
      "type": "Feature",
      "properties": {
        "@id": "node/12079568549",
        "addr:housenumber": "41",
        "addr:postcode": "10003",
        "addr:street": "5th Avenue",
        "amenity": "clinic",
        "healthcare": "clinic",
        "name": "Advanced Headache Center",
        "phone": "+1-646-763-2222",
        "website": "https://www.advancedheadachecenter.com/"
      },
      "geometry": {
        "type": "Point",
        "coordinates": [
          -73.9946997,
          40.7337413
        ]
      },
      "id": "node/12079568549"
    },
    {
      "type": "Feature",
      "properties": {
        "@id": "node/12079659462",
        "addr:city": "New York",
        "addr:housenumber": "381",
        "addr:postcode": "10016",
        "addr:state": "NY",
        "addr:street": "Park Avenue South",
        "addr:unit": "908",
        "amenity": "dentist",
        "contact:facebook": "https://www.facebook.com/Cosmetic.Dentistry.Center.NYC.1",
        "description": "Cosmetic Dentistry Center NYC is a best in class cosmetic dentistry practice in Manhattan, NY",
        "email": "hello@cosmeticdentistrycenternyc.com",
        "healthcare": "dentist",
        "healthcare:speciality": "cosmetic_dentist",
        "mobile": "+1 212-829-1515",
        "name": "Cosmetic Dentistry Center NYC",
        "opening_hours": "Mo-Th 09:00 - 18:00; Fr 09:00 - 15:00; Sa-Su Closed",
        "operator": "Pia Lieb",
        "phone": "+1 646-832-4386",
        "website": "https://www.cosmeticdentistrycenternyc.com/"
      },
      "geometry": {
        "type": "Point",
        "coordinates": [
          -73.9841973,
          40.7422922
        ]
      },
      "id": "node/12079659462"
    },
    {
      "type": "Feature",
      "properties": {
        "@id": "node/12081819283",
        "addr:city": "New York",
        "addr:housenumber": "461",
        "addr:postcode": "10024",
        "addr:state": "NY",
        "addr:street": "Columbus Avenue",
        "amenity": "pharmacy",
        "check_date": "2024-07-28",
        "dispensing": "yes",
        "drive_through": "no",
        "healthcare": "pharmacy",
        "name": "Park West Pharmacy",
        "opening_hours": "Mo-Fr 08:30-20:00; Sa 09:00-18:00; Su 09:30-18:00; Jan 01 off",
        "phone": "+1-646-916-4590",
        "website": "https://www.parkwestpharmacy.com"
      },
      "geometry": {
        "type": "Point",
        "coordinates": [
          -73.973785,
          40.7839297
        ]
      },
      "id": "node/12081819283"
    },
    {
      "type": "Feature",
      "properties": {
        "@id": "node/12087930200",
        "addr:city": "New York",
        "addr:housenumber": "1028",
        "addr:postcode": "10021",
        "addr:state": "NY",
        "addr:street": "Lexington Avenue",
        "amenity": "doctors",
        "healthcare": "doctor",
        "healthcare:speciality": "dermatology",
        "name": "Ever/Body Upper East Side",
        "operator": "Ever/Body"
      },
      "geometry": {
        "type": "Point",
        "coordinates": [
          -73.9616645,
          40.7714288
        ]
      },
      "id": "node/12087930200"
    },
    {
      "type": "Feature",
      "properties": {
        "@id": "node/12095061976",
        "addr:housenumber": "1235",
        "addr:street": "1st Avenue",
        "amenity": "pharmacy",
        "check_date": "2024-08-06",
        "healthcare": "pharmacy",
        "level": "0",
        "name": "Vitahealth Apothecary",
        "wheelchair": "yes"
      },
      "geometry": {
        "type": "Point",
        "coordinates": [
          -73.9586442,
          40.7644608
        ]
      },
      "id": "node/12095061976"
    },
    {
      "type": "Feature",
      "properties": {
        "@id": "node/12095092700",
        "addr:housenumber": "1283",
        "addr:street": "York Avenue",
        "amenity": "hospital",
        "check_date": "2024-08-06",
        "healthcare": "hospital",
        "level": "0",
        "name": "New York Presbyterian Alexandra Cohen Hospital for Women and Newborns",
        "operator": "NewYork-Presbyterian Healthcare System",
        "operator:wikidata": "Q7005155",
        "wheelchair": "yes"
      },
      "geometry": {
        "type": "Point",
        "coordinates": [
          -73.955956,
          40.7645657
        ]
      },
      "id": "node/12095092700"
    },
    {
      "type": "Feature",
      "properties": {
        "@id": "node/12109397471",
        "addr:city": "New York",
        "addr:housenumber": "521",
        "addr:postcode": "10013",
        "addr:state": "NY",
        "addr:street": "West 42nd Street",
        "amenity": "clinic",
        "healthcare": "clinic",
        "name": "MedRite Urgent Care",
        "opening_hours": "Mo-Fr 08:00-20:00; Sa-Su 09:00-18:00",
        "phone": "+1-212-695-4444",
        "website": "https://medriteurgentcare.com/center/medrite-midtown-west-urgent-care/"
      },
      "geometry": {
        "type": "Point",
        "coordinates": [
          -73.9963908,
          40.7602226
        ]
      },
      "id": "node/12109397471"
    },
    {
      "type": "Feature",
      "properties": {
        "@id": "node/12150231991",
        "addr:housenumber": "364",
        "addr:street": "East 69th Street",
        "amenity": "doctors",
        "check_date": "2024-09-01",
        "healthcare": "doctor",
        "level": "0",
        "name": "Gad Avshalomov, New York Allergy, Asthma & Immunology",
        "phone": "+1 646-876-1092",
        "wheelchair": "yes"
      },
      "geometry": {
        "type": "Point",
        "coordinates": [
          -73.9579873,
          40.7660116
        ]
      },
      "id": "node/12150231991"
    },
    {
      "type": "Feature",
      "properties": {
        "@id": "node/12174237440",
        "addr:city": "New York",
        "addr:floor": "2",
        "addr:housenumber": "2875",
        "addr:postcode": "10025",
        "addr:state": "NY",
        "addr:street": "Broadway",
        "amenity": "clinic",
        "healthcare": "clinic",
        "healthcare:speciality": "primary_care;paediatrics",
        "name": "Mount Sinai Doctors",
        "note": "Use entrance on West 112th St.",
        "opening_hours": "Mo-Fr 08:00-20:00; Sa 09:00-17:00; Su off",
        "operator": "Mount Sinai Hospital",
        "operator:type": "private",
        "phone": "+1-212-523-1600",
        "website": "https://www.mountsinai.org/locations/msd-2875-broadway"
      },
      "geometry": {
        "type": "Point",
        "coordinates": [
          -73.9663219,
          40.8053475
        ]
      },
      "id": "node/12174237440"
    },
    {
      "type": "Feature",
      "properties": {
        "@id": "node/12179847867",
        "addr:city": "New York",
        "addr:housenumber": "461",
        "addr:postcode": "10016",
        "addr:state": "NY",
        "addr:street": "Park Avenue",
        "addr:unit": "7L",
        "amenity": "doctors",
        "contact:facebook": "https://www.facebook.com/pages/Labiaplasty-Center-NYC/313111278845993",
        "email": "info@labiaplastycenternyc.com",
        "healthcare": "doctor",
        "healthcare:speciality": "plastic_surgery",
        "name": "Labiaplasty Center NYC",
        "opening_hours": "Mo-Fr 08:00-18:30",
        "payment:cash": "yes",
        "payment:cheque": "yes",
        "payment:credit_cards": "yes",
        "phone": "+1-212-481-3555",
        "start_date": "2014-01-01",
        "website": "https://www.labiaplastycenternyc.com"
      },
      "geometry": {
        "type": "Point",
        "coordinates": [
          -73.9703238,
          40.7617605
        ]
      },
      "id": "node/12179847867"
    },
    {
      "type": "Feature",
      "properties": {
        "@id": "node/12213734581",
        "addr:city": "New York",
        "addr:housenumber": "2189",
        "addr:postcode": "10024",
        "addr:state": "NY",
        "addr:street": "Broadway",
        "amenity": "clinic",
        "check_date": "2024-09-08",
        "healthcare": "clinic",
        "name": "Medrite Urgent Care",
        "opening_hours": "Mo-Fr 08:00-20:00; Sa-Su 09:00-18:00",
        "website": "https://medriteurgentcare.com/center/medrite-upper-west-side-urgent-care/"
      },
      "geometry": {
        "type": "Point",
        "coordinates": [
          -73.9809544,
          40.7828618
        ]
      },
      "id": "node/12213734581"
    },
    {
      "type": "Feature",
      "properties": {
        "@id": "node/12216281622",
        "addr:housenumber": "63",
        "addr:postcode": "10014",
        "addr:street": "Downing Street",
        "alt_name": "Occupational & Industrial Orthopaedic Center",
        "amenity": "clinic",
        "fax": "+1-212-255-6754",
        "healthcare": "clinic",
        "healthcare:speciality": "orthopaedics",
        "name": "Occupational & Industrial Orthopedic Center",
        "official_name": "NYU Langone Occupational & Industrial Orthopedic Center",
        "old_name": "Hospital For Joint Diseases",
        "operator": "NYU Langone Health",
        "phone": "+1-212-255-6690",
        "short_name": "OIOC",
        "website": "https://nyulangone.org/care-services/nyu-langone-occupational-industrial-orthopedic-center"
      },
      "geometry": {
        "type": "Point",
        "coordinates": [
          -74.004524,
          40.7291449
        ]
      },
      "id": "node/12216281622"
    },
    {
      "type": "Feature",
      "properties": {
        "@id": "node/12220229427",
        "addr:housenumber": "205",
        "addr:postcode": "10002",
        "addr:street": "Broome Street",
        "email": "broome@spearcenter.com",
        "healthcare": "physiotherapist",
        "name": "Spear",
        "opening_hours": "Mo-Fr 07:00-20:00",
        "phone": "+1-646-222-9620",
        "website": "https://spearcenter.com/locations/manhattan/lower-east-side-broome-street/"
      },
      "geometry": {
        "type": "Point",
        "coordinates": [
          -73.9875366,
          40.7171733
        ]
      },
      "id": "node/12220229427"
    },
    {
      "type": "Feature",
      "properties": {
        "@id": "node/12230629416",
        "amenity": "clinic",
        "healthcare": "clinic",
        "operator": "Weill Cornell"
      },
      "geometry": {
        "type": "Point",
        "coordinates": [
          -73.9561156,
          40.7748046
        ]
      },
      "id": "node/12230629416"
    },
    {
      "type": "Feature",
      "properties": {
        "@id": "node/12247118999",
        "addr:city": "New York",
        "addr:housenumber": "275",
        "addr:postcode": "10001",
        "addr:state": "NY",
        "addr:street": "7th Avenue",
        "branch": "7th Avenue • Chelsea",
        "brand": "Cohen's Fashion Optical",
        "brand:wikidata": "Q5141313",
        "healthcare": "optometrist",
        "name": "Cohen’s Fashion Optical",
        "opening_hours": "Mo-Fr 10:00-18:00;Sa 10:00-16:00",
        "payment:american_express": "yes",
        "payment:discover_card": "yes",
        "payment:google_pay": "yes",
        "payment:mastercard": "yes",
        "payment:unionpay": "yes",
        "payment:visa": "yes",
        "phone": "+1-212-691-1709",
        "shop": "optician",
        "short_name": "Cohen's",
        "website": "https://www.cohensfashionoptical.com/locations/275-7th-ave/"
      },
      "geometry": {
        "type": "Point",
        "coordinates": [
          -73.9944224,
          40.745467
        ]
      },
      "id": "node/12247118999"
    },
    {
      "type": "Feature",
      "properties": {
        "@id": "node/12250016655",
        "addr:city": "New York",
        "addr:country": "US",
        "addr:housenumber": "215",
        "addr:postcode": "10024",
        "addr:state": "NY",
        "addr:street": "West 88th St, Suite C",
        "email": "gmtnyc@jeltova.com",
        "healthcare": "psychotherapist",
        "healthcare:speciality": "psychiatry",
        "name": "Greatest Moments Therapy",
        "opening_hours": "Mo-Fr 09:00-20:00",
        "operator": "Ida Jeltova",
        "phone": "+1-917-310-1073",
        "website": "https://www.jeltova.com/"
      },
      "geometry": {
        "type": "Point",
        "coordinates": [
          -73.9748203,
          40.789485
        ]
      },
      "id": "node/12250016655"
    },
    {
      "type": "Feature",
      "properties": {
        "@id": "node/12353620952",
        "addr:city": "New York",
        "addr:housenumber": "250",
        "addr:postcode": "10023",
        "addr:state": "NY",
        "addr:street": "West 64th Street",
        "healthcare": "clinic",
        "name": "Estelle R. Newman Center",
        "operator": "Lighthouse Guild",
        "operator:type": "ngo",
        "operator:wikidata": "Q6546344",
        "phone": "+1-800-284-4422",
        "website": "https://lighthouseguild.org/"
      },
      "geometry": {
        "type": "Point",
        "coordinates": [
          -73.9879126,
          40.7744699
        ]
      },
      "id": "node/12353620952"
    },
    {
      "type": "Feature",
      "properties": {
        "@id": "node/12361444517",
        "addr:city": "New York",
        "addr:housenumber": "2",
        "addr:postcode": "10036",
        "addr:state": "NY",
        "addr:street": "W 45th St, Suite 1002",
        "description": "Lee Schwalb Acupuncture offers expert acupuncture and Chinese herbal medicine in Midtown and Chelsea NYC. With over 20 years of experience, Lee Schwalb specializes in treating pain, stress, anxiety, digestive issues, allergies, and reproductive health.",
        "email": "info@leeschwalbacu.com",
        "healthcare": "alternative",
        "healthcare:speciality": "acupuncture",
        "name": "Lee Schwalb Acupuncture",
        "operator": "Lee Schwalb",
        "phone": "+1-646-577-0142",
        "website": "https://leeschwalbacu.com"
      },
      "geometry": {
        "type": "Point",
        "coordinates": [
          -73.9801488,
          40.7553343
        ]
      },
      "id": "node/12361444517"
    },
    {
      "type": "Feature",
      "properties": {
        "@id": "node/12364789531",
        "addr:city": "New York",
        "addr:housenumber": "34",
        "addr:postcode": "10001",
        "addr:state": "NY",
        "addr:street": "W 27th St #501",
        "description": "Lee Schwalb Acupuncture offers expert acupuncture and Chinese herbal medicine in Midtown and Chelsea NYC. With over 20 years of experience, Lee Schwalb specializes in treating pain, stress, anxiety, digestive issues, allergies, and reproductive health.",
        "email": "info@leeschwalbacu.com",
        "healthcare": "alternative",
        "healthcare:speciality": "acupuncture",
        "name": "Lee Schwalb Acupuncture",
        "operator": "Lee Schwalb",
        "phone": "+1-646-577-0142",
        "website": "https://leeschwalbacu.com"
      },
      "geometry": {
        "type": "Point",
        "coordinates": [
          -73.9901193,
          40.7447734
        ]
      },
      "id": "node/12364789531"
    },
    {
      "type": "Feature",
      "properties": {
        "@id": "node/12382148727",
        "addr:city": "New York",
        "addr:housenumber": "231",
        "addr:postcode": "10001",
        "addr:state": "NY",
        "addr:street": "West 29th Street",
        "addr:unit": "Suite 400",
        "contact:facebook": "AlvitaCare",
        "contact:instagram": "alvitahomecare",
        "contact:linkedin": "alvita-care",
        "email": "info@alvitacare.com",
        "healthcare": "homecare",
        "name": "Alvita Care",
        "phone": "+1-212-273-0490",
        "website": "https://www.alvitacare.com/"
      },
      "geometry": {
        "type": "Point",
        "coordinates": [
          -73.9934244,
          40.7483658
        ]
      },
      "id": "node/12382148727"
    },
    {
      "type": "Feature",
      "properties": {
        "@id": "node/12457125088",
        "amenity": "pharmacy",
        "brand": "CVS Pharmacy",
        "brand:wikidata": "Q2078880",
        "drive_through": "no",
        "healthcare": "pharmacy",
        "name": "CVS Pharmacy",
        "opening_hours": "Mo,Tu,Th,Fr 08:00-13:30,14:00-20:00; We,Sa,Su 10:00-13:30,14:00-17:00",
        "short_name": "CVS"
      },
      "geometry": {
        "type": "Point",
        "coordinates": [
          -74.0087457,
          40.7117306
        ]
      },
      "id": "node/12457125088"
    },
    {
      "type": "Feature",
      "properties": {
        "@id": "node/12463144360",
        "addr:housenumber": "711",
        "addr:postcode": "10017",
        "addr:street": "3rd Avenue",
        "amenity": "pharmacy",
        "brand": "Duane Reade",
        "brand:wikidata": "Q5310380",
        "check_date": "2025-10-06",
        "dispensing": "yes",
        "drive_through": "no",
        "healthcare": "pharmacy",
        "name": "Duane Reade",
        "opening_hours": "07:00-23:00",
        "payment:cash": "yes",
        "payment:contactless": "yes",
        "payment:credit_cards": "yes",
        "payment:debit_cards": "yes",
        "phone": "+1 212-599-4351",
        "website": "https://www.walgreens.com/locator/walgreens-711+3rd+ave-new+york-ny-10017/id=14503",
        "wheelchair": "yes"
      },
      "geometry": {
        "type": "Point",
        "coordinates": [
          -73.9732324,
          40.7520728
        ]
      },
      "id": "node/12463144360"
    },
    {
      "type": "Feature",
      "properties": {
        "@id": "node/12470628923",
        "healthcare": "laboratory",
        "healthcare:speciality": "diagnostic_radiology",
        "name": "Manhattan MRI",
        "phone": "+1-212-401-0097",
        "website": "https://www.manhattanmri.com"
      },
      "geometry": {
        "type": "Point",
        "coordinates": [
          -73.9819011,
          40.7447136
        ]
      },
      "id": "node/12470628923"
    },
    {
      "type": "Feature",
      "properties": {
        "@id": "node/12485270473",
        "amenity": "pharmacy",
        "healthcare": "pharmacy",
        "name": "Medilane Pharmacy",
        "phone": "+1-212-571-2888"
      },
      "geometry": {
        "type": "Point",
        "coordinates": [
          -73.9870212,
          40.7138988
        ]
      },
      "id": "node/12485270473"
    },
    {
      "type": "Feature",
      "properties": {
        "@id": "node/12486715020",
        "healthcare": "physiotherapist",
        "leisure": "fitness_centre",
        "name": "MotivNY",
        "phone": "+1-212-226-0400",
        "website": "https://www.motivny.com"
      },
      "geometry": {
        "type": "Point",
        "coordinates": [
          -73.9957179,
          40.7212553
        ]
      },
      "id": "node/12486715020"
    },
    {
      "type": "Feature",
      "properties": {
        "@id": "node/12486715027",
        "alt_name": "The Pride Health Center at NYC Health + Hospitals/Gotham Health, Judson",
        "amenity": "clinic",
        "name": "NYC Health + Hospitals/Gotham Health Judson",
        "opening_hours": "Mo-Fr 08:00-17:00",
        "operator": "NYC Health + Hospitals",
        "phone": "+1-212-925-5000",
        "website": "https://www.nychealthandhospitals.org/locations/judson/"
      },
      "geometry": {
        "type": "Point",
        "coordinates": [
          -73.9958115,
          40.7216747
        ]
      },
      "id": "node/12486715027"
    },
    {
      "type": "Feature",
      "properties": {
        "@id": "node/12509197792",
        "addr:city": "New York",
        "addr:country": "US",
        "addr:housenumber": "15",
        "addr:postcode": "10021",
        "addr:state": "NY",
        "addr:street": "East 76th Street",
        "contact:email": "info@balancedmindofny.com",
        "contact:instagram": "balancedmindofny",
        "contact:linkedin": "https://linkedin.com/company/balanced-mind-of-ny/",
        "contact:phone": "+1 646 883-5544",
        "contact:website": "https://balancedmindofny.com",
        "description": "At Balanced Mind of New York, our purpose is to join you in true partnership as you embark on your journey of growth and transformation.",
        "healthcare": "psychotherapist",
        "language:en": "yes",
        "language:es": "yes",
        "name": "Balanced Mind Psychotherapy NYC - EMDR & CBT Therapy",
        "opening_hours": "Mo-Su 08:00-20:30",
        "payment:american_express": "yes",
        "payment:discover_card": "yes",
        "payment:fsa": "yes",
        "payment:health_insurance": "yes",
        "payment:hsa": "yes",
        "payment:mastercard": "yes",
        "payment:visa": "yes",
        "start_date": "April 1, 2022"
      },
      "geometry": {
        "type": "Point",
        "coordinates": [
          -73.9640948,
          40.7748068
        ]
      },
      "id": "node/12509197792"
    },
    {
      "type": "Feature",
      "properties": {
        "@id": "node/12542183128",
        "addr:city": "New York",
        "addr:housenumber": "276",
        "addr:postcode": "10001",
        "addr:state": "NY",
        "addr:street": "5th Avenue",
        "addr:unit": "Suite 605",
        "contact:instagram": "https://www.instagram.com/claritytherapynyc/",
        "contact:linkedin": "https://www.linkedin.com/company/claritytherapynyc",
        "description": "Clarity Therapy NYC is a team of dedicated therapists who help you find meaning, purpose, and connection in your life.",
        "email": "hello@claritytherapynyc.com",
        "healthcare": "psychotherapist",
        "name": "Clarity Therapy NYC",
        "opening_hours": "Mon-Thu: 7:00 AM - 9:00 PM | Fri: 7:00 AM - 8:00 PM | Sat-Sun: 8:00 AM - 4:00 PM",
        "phone": "+1-917-847-7556",
        "twitter": "https://x.com/CLARITYinNYC",
        "website": "https://www.claritytherapynyc.com/",
        "youtube": "https://www.youtube.com/channel/UCNKaaLt3ISE_ohMZ2L65CBg"
      },
      "geometry": {
        "type": "Point",
        "coordinates": [
          -73.9868167,
          40.7459544
        ]
      },
      "id": "node/12542183128"
    },
    {
      "type": "Feature",
      "properties": {
        "@id": "node/12542895728",
        "addr:housenumber": "111",
        "addr:postcode": "10003",
        "addr:street": "3rd Avenue",
        "healthcare": "sample_collection",
        "name": "Labcorp",
        "opening_hours": "Mo-Fr 08:00-12:00,12:30-15:30; Sa 08:00-12:00",
        "phone": "+1-646-655-0125",
        "website": "https://locations.labcorp.com/ny/new-york/39436/"
      },
      "geometry": {
        "type": "Point",
        "coordinates": [
          -73.9873251,
          40.7327767
        ]
      },
      "id": "node/12542895728"
    },
    {
      "type": "Feature",
      "properties": {
        "@id": "node/12542895734",
        "addr:housenumber": "111",
        "addr:postcode": "10003",
        "addr:street": "3rd Avenue",
        "branch": "Union Square",
        "healthcare": "clinic",
        "healthcare:speciality": "dermatology",
        "name": "The Dermatology Specialists",
        "phone": "+1-212-385-3700",
        "website": "https://www.thedermspecs.com/locations/union-square/",
        "wheelchair": "yes"
      },
      "geometry": {
        "type": "Point",
        "coordinates": [
          -73.9872982,
          40.7328165
        ]
      },
      "id": "node/12542895734"
    },
    {
      "type": "Feature",
      "properties": {
        "@id": "node/12553328424",
        "addr:city": "New York",
        "addr:country": "US",
        "addr:housenumber": "30",
        "addr:postcode": "10019",
        "addr:state": "NY",
        "addr:street": "West 59th Street",
        "addr:unit": "11D",
        "amenity": "dentist",
        "email": "hello@smileworksnyc.com",
        "healthcare": "dentist",
        "healthcare:speciality": "general",
        "name": "SmileWorks Dentistry & Orthodontics",
        "opening_hours": "Mo 10:00-18:30; Tu-Fr 09:00-18:30; Sa 09:00-14:00",
        "operator": "Jin Sup Shin"
      },
      "geometry": {
        "type": "Point",
        "coordinates": [
          -73.9750358,
          40.7648562
        ]
      },
      "id": "node/12553328424"
    },
    {
      "type": "Feature",
      "properties": {
        "@id": "node/12555492701",
        "amenity": "clinic",
        "name": "Clear MD"
      },
      "geometry": {
        "type": "Point",
        "coordinates": [
          -73.9930641,
          40.7295818
        ]
      },
      "id": "node/12555492701"
    },
    {
      "type": "Feature",
      "properties": {
        "@id": "node/12556925483",
        "addr:housenumber": "211",
        "addr:street": "East 51st Street",
        "amenity": "doctors",
        "check_date": "2025-02-04",
        "healthcare": "doctor",
        "healthcare:speciality": "cardiology",
        "name": "Manhattan Cardiology",
        "payment:cash": "yes",
        "payment:contactless": "yes",
        "payment:credit_cards": "yes",
        "payment:debit_cards": "yes",
        "phone": "+1 212-906-7798",
        "website": "https://manhattancardiology.com",
        "wheelchair": "yes"
      },
      "geometry": {
        "type": "Point",
        "coordinates": [
          -73.9694914,
          40.7562472
        ]
      },
      "id": "node/12556925483"
    },
    {
      "type": "Feature",
      "properties": {
        "@id": "node/12569486154",
        "addr:city": "New York",
        "addr:housenumber": "271",
        "addr:postcode": "10016",
        "addr:state": "NY",
        "addr:street": "Madison Ave Ste 801",
        "amenity": "dentist",
        "description": "Our office offers comprehensive dental treatment including general, preventive care, cosmetic dentistry, root canal treatment, dental implants, mini implants and full mouth rehabilitation.",
        "email": "drmnoorani@aol.com",
        "healthcare": "dentist",
        "name": "Mehrdad Noorani, DMD",
        "phone": "+1-212-682-0866",
        "website": "https://smileforevernyc.com/"
      },
      "geometry": {
        "type": "Point",
        "coordinates": [
          -73.9799175,
          40.7510298
        ]
      },
      "id": "node/12569486154"
    },
    {
      "type": "Feature",
      "properties": {
        "@id": "node/12584860105",
        "addr:city": "New York",
        "addr:housenumber": "700",
        "addr:postcode": "10021",
        "addr:state": "NY",
        "addr:street": "Park Avenue",
        "amenity": "doctors",
        "contact:facebook": "https://www.facebook.com/nyliposuction",
        "email": "hello@newyorkliposuction.com",
        "healthcare": "doctor",
        "healthcare:speciality": "plastic_surgery",
        "name": "New York Liposuction Center",
        "opening_hours": "Mo-Fr 09:00-17:00",
        "operator": "Dr. Arnold Breitbart MD",
        "payment:cash": "yes",
        "payment:credit_cards": "yes",
        "phone": "+1-917-809-7787",
        "website": "https://www.newyorkliposuction.com"
      },
      "geometry": {
        "type": "Point",
        "coordinates": [
          -73.9654609,
          40.7694794
        ]
      },
      "id": "node/12584860105"
    },
    {
      "type": "Feature",
      "properties": {
        "@id": "node/12599898046",
        "addr:city": "New York",
        "addr:housenumber": "521",
        "addr:postcode": "10065",
        "addr:state": "NY",
        "addr:street": "Park Avenue",
        "amenity": "doctors",
        "contact:facebook": "nycmommymakeover",
        "contact:instagram": "nycmommymakeover",
        "email": "hello@mommymakeovercenternyc.com",
        "healthcare": "doctor",
        "healthcare:speciality": "plastic_surgery",
        "name": "NYC Mommy Makeover Center",
        "opening_hours": "Mo-Fr 09:00-17:00",
        "operator": "Ari Hoschander",
        "phone": "+1 212-470-9953",
        "website": "https://mommymakeovercenternyc.com/"
      },
      "geometry": {
        "type": "Point",
        "coordinates": [
          -73.9688668,
          40.7635659
        ]
      },
      "id": "node/12599898046"
    },
    {
      "type": "Feature",
      "properties": {
        "@id": "node/12628945380",
        "healthcare": "alternative",
        "healthcare:speciality": "chiropractic",
        "name": "Spring Street Chiropractic"
      },
      "geometry": {
        "type": "Point",
        "coordinates": [
          -73.9952105,
          40.7216422
        ]
      },
      "id": "node/12628945380"
    },
    {
      "type": "Feature",
      "properties": {
        "@id": "node/12662686148",
        "addr:housenumber": "1407",
        "addr:street": "Madison Avenue",
        "amenity": "pharmacy",
        "check_date": "2025-12-25",
        "healthcare": "pharmacy",
        "name": "Mount Sinai Pharmacy on Madison",
        "opening_hours": "Mo-Fr 08:30-20:00; Sa,Su 08:30-17:00"
      },
      "geometry": {
        "type": "Point",
        "coordinates": [
          -73.9532467,
          40.7882526
        ]
      },
      "id": "node/12662686148"
    },
    {
      "type": "Feature",
      "properties": {
        "@id": "node/12728752601",
        "addr:housenumber": "225",
        "addr:postcode": "10007",
        "addr:street": "Broadway",
        "healthcare": "psychotherapist",
        "level": "15",
        "name": "Downtown Somatic Therapy",
        "opening_hours": "Mo-Su 08:00-21:00",
        "phone": "+1-917-628-7710",
        "website": "https://www.downtownsomatictherapy.com/"
      },
      "geometry": {
        "type": "Point",
        "coordinates": [
          -74.0085001,
          40.7119139
        ]
      },
      "id": "node/12728752601"
    },
    {
      "type": "Feature",
      "properties": {
        "@id": "node/12729313310",
        "amenity": "pharmacy",
        "healthcare": "pharmacy",
        "name": "Faith Pharmacy"
      },
      "geometry": {
        "type": "Point",
        "coordinates": [
          -73.9756717,
          40.7244276
        ]
      },
      "id": "node/12729313310"
    },
    {
      "type": "Feature",
      "properties": {
        "@id": "node/12744492776",
        "check_date": "2025-04-09",
        "healthcare": "alternative",
        "healthcare:speciality": "traditional_chinese_medicine",
        "name": "Health Town Inc",
        "shop": "traditional_chinese_medicine"
      },
      "geometry": {
        "type": "Point",
        "coordinates": [
          -73.997923,
          40.7163581
        ]
      },
      "id": "node/12744492776"
    },
    {
      "type": "Feature",
      "properties": {
        "@id": "node/12754732103",
        "addr:housenumber": "485",
        "addr:street": "Lexington Avenue",
        "amenity": "pharmacy",
        "brand": "Duane Reade",
        "brand:wikidata": "Q5310380",
        "check_date": "2025-11-12",
        "dispensing": "yes",
        "drive_through": "no",
        "healthcare": "pharmacy",
        "name": "Duane Reade",
        "opening_hours": "07:00-23:00",
        "payment:cash": "yes",
        "payment:contactless": "yes",
        "payment:credit_cards": "yes",
        "payment:debit_cards": "yes",
        "phone": "+1 212-682-5338",
        "website": "https://www.walgreens.com/locator/duane+reade-485+lexington+ave-new+york-ny-10017/id=14112",
        "wheelchair": "yes"
      },
      "geometry": {
        "type": "Point",
        "coordinates": [
          -73.9736546,
          40.7544493
        ]
      },
      "id": "node/12754732103"
    },
    {
      "type": "Feature",
      "properties": {
        "@id": "node/12754732104",
        "addr:housenumber": "485",
        "addr:street": "Lexington Avenue",
        "amenity": "doctors",
        "check_date": "2025-04-14",
        "healthcare": "doctor",
        "healthcare:speciality": "allergology",
        "name": "Hudson Allergy",
        "payment:cash": "yes",
        "payment:contactless": "yes",
        "payment:credit_cards": "yes",
        "payment:debit_cards": "yes",
        "wheelchair": "yes"
      },
      "geometry": {
        "type": "Point",
        "coordinates": [
          -73.9739176,
          40.7541376
        ]
      },
      "id": "node/12754732104"
    },
    {
      "type": "Feature",
      "properties": {
        "@id": "node/12773329612",
        "addr:housenumber": "130",
        "addr:postcode": "10003",
        "addr:street": "East 18th Street",
        "healthcare": "doctor",
        "healthcare:speciality": "dermatology",
        "name": "GlamDerm"
      },
      "geometry": {
        "type": "Point",
        "coordinates": [
          -73.9867913,
          40.7362765
        ]
      },
      "id": "node/12773329612"
    },
    {
      "type": "Feature",
      "properties": {
        "@id": "node/12800746729",
        "addr:city": "New York",
        "addr:housenumber": "118",
        "addr:postcode": "10023",
        "addr:state": "NY",
        "addr:street": "West 72nd Street",
        "email": "info@gothamacupuncture.com",
        "healthcare": "alternative",
        "healthcare:speciality": "acupuncture;herbalism",
        "name": "Gotham Acupuncture",
        "operator": "Peter Caron",
        "phone": "+1-212-300-9842",
        "website": "https://www.gothamacupuncture.com/"
      },
      "geometry": {
        "type": "Point",
        "coordinates": [
          -73.979619,
          40.7775077
        ]
      },
      "id": "node/12800746729"
    },
    {
      "type": "Feature",
      "properties": {
        "@id": "node/12840681274",
        "addr:city": "New York",
        "addr:housenumber": "44",
        "addr:postcode": "10011",
        "addr:state": "NY",
        "addr:street": "West 10th Street",
        "addr:unit": "1A",
        "amenity": "dentist",
        "contact:facebook": "https://www.facebook.com/ShalmanDentistry",
        "email": "info@shalmandentistry.com",
        "healthcare": "dentist",
        "healthcare:speciality": "dentist",
        "name": "Cosmetic Dentist in Lower Manhattan",
        "opening_hours": "Mo-Th 09:00-17:00, Fr 08:00-14:00",
        "operator": "Dr. Alex Shalman, DDS",
        "payment:cash": "yes",
        "payment:cheque": "yes",
        "payment:credit_cards": "yes",
        "phone": "+1 212-658-1093",
        "start_date": "2016",
        "website": "https://www.shalmandentistry.com/"
      },
      "geometry": {
        "type": "Point",
        "coordinates": [
          -73.9975773,
          40.7340943
        ]
      },
      "id": "node/12840681274"
    },
    {
      "type": "Feature",
      "properties": {
        "@id": "node/12879855294",
        "addr:city": "New York",
        "addr:housenumber": "201",
        "addr:postcode": "10016",
        "addr:state": "NY",
        "addr:street": "East 37th Street",
        "amenity": "dentist",
        "healthcare": "dentist",
        "name": "Massol Dental",
        "phone": "+1-212-883-9030",
        "website": "https://massoldentalnyc.com"
      },
      "geometry": {
        "type": "Point",
        "coordinates": [
          -73.9762319,
          40.7475227
        ]
      },
      "id": "node/12879855294"
    },
    {
      "type": "Feature",
      "properties": {
        "@id": "node/12889849802",
        "addr:unit": "2E",
        "amenity": "doctors",
        "healthcare": "doctor",
        "healthcare:speciality": "gastroenterology",
        "level": "2",
        "name": "Cotton O’Neil Digestive Health-Manhattan"
      },
      "geometry": {
        "type": "Point",
        "coordinates": [
          -96.5768441,
          39.2010588
        ]
      },
      "id": "node/12889849802"
    },
    {
      "type": "Feature",
      "properties": {
        "@id": "node/12919218149",
        "addr:city": "New York",
        "addr:housenumber": "110",
        "addr:postcode": "10013",
        "addr:state": "NY",
        "addr:street": "Lafayette Street",
        "addr:unit": "502",
        "amenity": "doctors",
        "fax": "+1-212-628-0698",
        "healthcare": "doctor",
        "healthcare:speciality": "ophthalmology",
        "name": "Vitreous Retina Macula Consultants of New York",
        "opening_hours": "Mo-Fr 08:00-17:00",
        "payment:cash": "yes",
        "payment:cheque": "yes",
        "payment:credit_cards": "yes",
        "phone": "+1-212-234-3367",
        "start_date": "2006",
        "website": "https://www.vrmny.com/"
      },
      "geometry": {
        "type": "Point",
        "coordinates": [
          -74.0009822,
          40.7181709
        ]
      },
      "id": "node/12919218149"
    },
    {
      "type": "Feature",
      "properties": {
        "@id": "node/12919394430",
        "addr:city": "New York",
        "addr:housenumber": "116",
        "addr:postcode": "10016",
        "addr:state": "NY",
        "addr:street": "East 31st Street",
        "addr:unit": "Ground Floor",
        "amenity": "doctors",
        "email": "frontdesk@manhattanmri.com",
        "healthcare": "doctor",
        "healthcare:speciality": "radiology",
        "name": "Manhattan MRI",
        "opening_hours": "Mo-Fr 09:00-17:00; Su 09:00-15:00",
        "payment:cash": "yes",
        "payment:cheque": "yes",
        "payment:credit_cards": "yes",
        "phone": "+1-212-401-0097",
        "website": "https://www.manhattanmri.com/"
      },
      "geometry": {
        "type": "Point",
        "coordinates": [
          -73.9819682,
          40.7446195
        ]
      },
      "id": "node/12919394430"
    },
    {
      "type": "Feature",
      "properties": {
        "@id": "node/12919681266",
        "addr:city": "New York",
        "addr:housenumber": "150",
        "addr:postcode": "10022",
        "addr:state": "NY",
        "addr:street": "East 56th Street",
        "addr:unit": "#1A",
        "amenity": "clinic",
        "email": "info@linkovhair.com",
        "healthcare": "clinic",
        "healthcare:speciality": "plastic_surgery;hair_transplantation",
        "name": "Linkov Hair Surgery",
        "opening_hours": "Mo-Fr 08:00-17:00",
        "payment:cash": "yes",
        "payment:cheque": "yes",
        "payment:credit_cards": "yes",
        "phone": "+1-212-970-9404",
        "website": "https://www.linkovhair.com/"
      },
      "geometry": {
        "type": "Point",
        "coordinates": [
          -73.9689398,
          40.759686
        ]
      },
      "id": "node/12919681266"
    },
    {
      "type": "Feature",
      "properties": {
        "@id": "node/12919813577",
        "addr:city": "New York",
        "addr:housenumber": "80",
        "addr:postcode": "10038",
        "addr:state": "NY",
        "addr:street": "Maiden Lane",
        "addr:unit": "1204",
        "amenity": "doctors",
        "email": "info@manhattangastroenterology.com",
        "healthcare": "doctor",
        "healthcare:speciality": "gastroenterology",
        "name": "Manhattan Gastroenterology",
        "opening_hours": "Mo-Fr 07:30-19:00",
        "payment:cash": "yes",
        "payment:cheque": "yes",
        "payment:credit_cards": "yes",
        "phone": "+1-646-813-2095",
        "website": "https://www.manhattangastroenterology.com/gastroenterologist-downtown-financial-district/"
      },
      "geometry": {
        "type": "Point",
        "coordinates": [
          -74.0077898,
          40.7070657
        ]
      },
      "id": "node/12919813577"
    },
    {
      "type": "Feature",
      "properties": {
        "@id": "node/12919871439",
        "addr:city": "New York",
        "addr:housenumber": "80",
        "addr:postcode": "10038",
        "addr:state": "NY",
        "addr:street": "Beekman Street",
        "amenity": "pharmacy",
        "dispensing": "yes",
        "healthcare": "pharmacy",
        "name": "Southbridge Pharmacy",
        "phone": "+1-212-786-5840"
      },
      "geometry": {
        "type": "Point",
        "coordinates": [
          -74.0040746,
          40.7092448
        ]
      },
      "id": "node/12919871439"
    },
    {
      "type": "Feature",
      "properties": {
        "@id": "node/12920241402",
        "addr:housenumber": "115",
        "addr:postcode": "10022",
        "addr:street": "East 57th Street",
        "amenity": "clinic",
        "contact:facebook": "Russakderm",
        "contact:instagram": "RussakPlus",
        "email": "info@russakdermatology.com",
        "healthcare": "clinic",
        "name": "Russak Dermatology Clinic",
        "phone": "+1 646 873 7546",
        "website": "https://russakplus.com"
      },
      "geometry": {
        "type": "Point",
        "coordinates": [
          -73.9698613,
          40.761576
        ]
      },
      "id": "node/12920241402"
    },
    {
      "type": "Feature",
      "properties": {
        "@id": "node/12921152504",
        "addr:city": "New York",
        "addr:housenumber": "827",
        "addr:postcode": "10019",
        "addr:state": "NY",
        "addr:street": "11th Avenue",
        "addr:unit": "Ground Floor",
        "amenity": "dentist",
        "email": "allaz@centurymedicaldental.com",
        "healthcare": "dentist",
        "name": "Century Dentistry Center",
        "opening_hours": "Mo-Fr 09:00-18:00; Sa 09:00-16:00",
        "payment:cash": "yes",
        "payment:cheque": "yes",
        "payment:credit_cards": "yes",
        "phone": "+1-212-929-2202",
        "website": "https://www.centurymedicaldental.com/dentistry/"
      },
      "geometry": {
        "type": "Point",
        "coordinates": [
          -73.9919254,
          40.7700813
        ]
      },
      "id": "node/12921152504"
    },
    {
      "type": "Feature",
      "properties": {
        "@id": "node/12921493565",
        "addr:city": "New York",
        "addr:housenumber": "2315",
        "addr:postcode": "10035",
        "addr:state": "NY",
        "addr:street": "3rd Avenue",
        "amenity": "clinic",
        "email": "kaitlyns@centurymedicaldental.com",
        "healthcare": "clinic",
        "healthcare:speciality": "internal",
        "name": "Century Medical & Dental Center",
        "opening_hours": "Mo-Fr 08:00-18:00; Su 08:00-18:00",
        "payment:cash": "yes",
        "payment:cheque": "yes",
        "payment:credit_cards": "yes",
        "phone": "+1-212-540-5020",
        "website": "https://www.centurymedicaldental.com/"
      },
      "geometry": {
        "type": "Point",
        "coordinates": [
          -73.9352742,
          40.8040944
        ]
      },
      "id": "node/12921493565"
    },
    {
      "type": "Feature",
      "properties": {
        "@id": "node/12921694953",
        "addr:city": "New York",
        "addr:housenumber": "350",
        "addr:postcode": "10019",
        "addr:state": "NY",
        "addr:street": "West 58th Street",
        "addr:unit": "1A",
        "amenity": "doctors",
        "email": "info@nycgyne.com",
        "healthcare": "doctor",
        "healthcare:speciality": "gynaecology",
        "name": "Cohen Medical Practice",
        "opening_hours": "Mo-Sa 09:00-17:00",
        "payment:cash": "yes",
        "payment:cheque": "yes",
        "payment:credit_cards": "yes",
        "phone": "+1-347-545-2520",
        "website": "https://nycgyne.com/gynecologist-manhattan-columbus-circle/"
      },
      "geometry": {
        "type": "Point",
        "coordinates": [
          -73.9844396,
          40.7680921
        ]
      },
      "id": "node/12921694953"
    },
    {
      "type": "Feature",
      "properties": {
        "@id": "node/12921706845",
        "addr:city": "New York",
        "addr:housenumber": "161",
        "addr:postcode": "10016",
        "addr:state": "NY",
        "addr:street": "Madison Avenue",
        "addr:unit": "#9NW",
        "amenity": "doctors",
        "email": "info@nycgyne.com",
        "healthcare": "doctor",
        "healthcare:speciality": "gynaecology",
        "name": "Cohen Medical Practice",
        "opening_hours": "Mo-Sa 09:00-17:00",
        "payment:cash": "yes",
        "payment:cheque": "yes",
        "payment:credit_cards": "yes",
        "phone": "+1-646-838-5133",
        "website": "https://nycgyne.com/gynecologist-midtown-madison-ave/"
      },
      "geometry": {
        "type": "Point",
        "coordinates": [
          -73.9834507,
          40.7467773
        ]
      },
      "id": "node/12921706845"
    },
    {
      "type": "Feature",
      "properties": {
        "@id": "node/12925573351",
        "amenity": "doctors",
        "healthcare": "doctor",
        "healthcare:speciality": "paediatrics",
        "phone": "+1 212 923 8500"
      },
      "geometry": {
        "type": "Point",
        "coordinates": [
          -73.9390657,
          40.8485284
        ]
      },
      "id": "node/12925573351"
    },
    {
      "type": "Feature",
      "properties": {
        "@id": "node/12925573352",
        "healthcare": "alternative",
        "healthcare:speciality": "acupuncture"
      },
      "geometry": {
        "type": "Point",
        "coordinates": [
          -73.9390329,
          40.8494484
        ]
      },
      "id": "node/12925573352"
    },
    {
      "type": "Feature",
      "properties": {
        "@id": "node/12925573354",
        "amenity": "dentist",
        "healthcare": "dentist",
        "healthcare:speciality": "orthodontics",
        "name": "Diamond Braces"
      },
      "geometry": {
        "type": "Point",
        "coordinates": [
          -73.9387994,
          40.8488365
        ]
      },
      "id": "node/12925573354"
    },
    {
      "type": "Feature",
      "properties": {
        "@id": "node/12925573355",
        "amenity": "dentist",
        "healthcare": "dentist",
        "name": "Dellanira Rosario Leger Dentistry",
        "phone": "+1 212 740 8988"
      },
      "geometry": {
        "type": "Point",
        "coordinates": [
          -73.9375111,
          40.84913
        ]
      },
      "id": "node/12925573355"
    },
    {
      "type": "Feature",
      "properties": {
        "@id": "node/12925573367",
        "amenity": "doctors",
        "healthcare": "doctor",
        "healthcare:speciality": "general",
        "mobile": "+1 212 931 5999",
        "name": "Wellness Center"
      },
      "geometry": {
        "type": "Point",
        "coordinates": [
          -73.936728,
          40.8489888
        ]
      },
      "id": "node/12925573367"
    },
    {
      "type": "Feature",
      "properties": {
        "@id": "node/12925573383",
        "amenity": "pharmacy",
        "healthcare": "pharmacy"
      },
      "geometry": {
        "type": "Point",
        "coordinates": [
          -73.9379655,
          40.8482481
        ]
      },
      "id": "node/12925573383"
    },
    {
      "type": "Feature",
      "properties": {
        "@id": "node/12925573395",
        "amenity": "pharmacy",
        "healthcare": "pharmacy",
        "name": "Carol Pharmacy"
      },
      "geometry": {
        "type": "Point",
        "coordinates": [
          -73.9365698,
          40.8491555
        ]
      },
      "id": "node/12925573395"
    },
    {
      "type": "Feature",
      "properties": {
        "@id": "node/12943289050",
        "healthcare": "alternative",
        "healthcare:speciality": "acupuncture",
        "name": "LAL 249",
        "opening_hours": "Mo-Su 10:30-20:30",
        "phone": "+1-212-879-1935",
        "shop": "massage"
      },
      "geometry": {
        "type": "Point",
        "coordinates": [
          -73.9564789,
          40.7723305
        ]
      },
      "id": "node/12943289050"
    },
    {
      "type": "Feature",
      "properties": {
        "@id": "node/12968777478",
        "addr:housenumber": "158",
        "addr:postcode": "10036",
        "addr:street": "West 45th Street",
        "amenity": "pharmacy",
        "brand": "Duane Reade",
        "brand:wikidata": "Q5310380",
        "dispensing": "no",
        "healthcare": "pharmacy",
        "name": "Duane Reade",
        "opening_hours": "24/7",
        "phone": "+1 718-312-6986",
        "website": "https://www.walgreens.com/locator/walgreens-158+w.+45th+st.-new+york-ny-10036/id=21263"
      },
      "geometry": {
        "type": "Point",
        "coordinates": [
          -73.9848314,
          40.7574988
        ]
      },
      "id": "node/12968777478"
    },
    {
      "type": "Feature",
      "properties": {
        "@id": "node/12986823101",
        "addr:housenumber": "750",
        "addr:street": "Broadway",
        "amenity": "pharmacy",
        "name": "Housing Works"
      },
      "geometry": {
        "type": "Point",
        "coordinates": [
          -73.9923327,
          40.7304448
        ]
      },
      "id": "node/12986823101"
    },
    {
      "type": "Feature",
      "properties": {
        "@id": "node/12989736580",
        "addr:housenumber": "266",
        "addr:postcode": "10030",
        "addr:street": "West 145th Street",
        "amenity": "doctors",
        "name": "Medical Office"
      },
      "geometry": {
        "type": "Point",
        "coordinates": [
          -73.941369,
          40.8224338
        ]
      },
      "id": "node/12989736580"
    },
    {
      "type": "Feature",
      "properties": {
        "@id": "node/13003072802",
        "addr:housenumber": "229",
        "addr:street": "East 9th Street",
        "amenity": "clinic",
        "level": "2",
        "name": "Keisy Oriental Nature Center",
        "opening_hours": "Mo-Su 10:30-21:00"
      },
      "geometry": {
        "type": "Point",
        "coordinates": [
          -73.9878992,
          40.7296301
        ]
      },
      "id": "node/13003072802"
    },
    {
      "type": "Feature",
      "properties": {
        "@id": "node/13014589633",
        "addr:city": "Manhattan",
        "addr:housenumber": "253",
        "addr:postcode": "10001",
        "addr:state": "NY",
        "addr:street": "W 35th St.",
        "blood:plasma": "yes",
        "blood:platelets": "yes",
        "blood:whole": "yes",
        "healthcare": "blood_donation",
        "name": "W 35th Street Donor Center",
        "operator": "New York Blood Center",
        "phone": "+1-800-933-2566"
      },
      "geometry": {
        "type": "Point",
        "coordinates": [
          -73.9920534,
          40.7526377
        ]
      },
      "id": "node/13014589633"
    },
    {
      "type": "Feature",
      "properties": {
        "@id": "node/13021710899",
        "addr:housenumber": "2875",
        "addr:postcode": "10025",
        "addr:street": "Broadway",
        "amenity": "clinic",
        "check_date": "2025-07-24",
        "healthcare": "clinic",
        "healthcare:speciality": "gynaecology",
        "name": "Oula",
        "phone": "+1-646-349-3220",
        "website": "https://oulahealth.com/locations/upper-west-maternity-clinic/"
      },
      "geometry": {
        "type": "Point",
        "coordinates": [
          -73.9662253,
          40.8054681
        ]
      },
      "id": "node/13021710899"
    },
    {
      "type": "Feature",
      "properties": {
        "@id": "node/13051450701",
        "addr:housenumber": "5",
        "addr:postcode": "10029",
        "addr:street": "East 102nd Street",
        "amenity": "clinic",
        "healthcare": "clinic",
        "name": "Mount Sinai Physical Therapy"
      },
      "geometry": {
        "type": "Point",
        "coordinates": [
          -73.9522778,
          40.7915799
        ]
      },
      "id": "node/13051450701"
    },
    {
      "type": "Feature",
      "properties": {
        "@id": "node/13063935170",
        "addr:city": "New York",
        "addr:housenumber": "358",
        "addr:postcode": "10001",
        "addr:state": "NY",
        "addr:street": "5th Avenue",
        "addr:unit": "406",
        "amenity": "dentist",
        "healthcare": "dentist",
        "healthcare:speciality": "dentist",
        "name": "Glow Dental of Midtown Manhattan: Dr. Alina Huang"
      },
      "geometry": {
        "type": "Point",
        "coordinates": [
          -73.9847294,
          40.7486834
        ]
      },
      "id": "node/13063935170"
    },
    {
      "type": "Feature",
      "properties": {
        "@id": "node/13119625471",
        "contact:phone": "+1 212 486 9800",
        "contact:website": "https://gonsteadnyc.com/",
        "contact:youtube": "https://www.youtube.com/@SpecificChiropractic",
        "healthcare": "alternative",
        "healthcare:speciality": "chiropractic",
        "name": "Specific Chiropractic",
        "opening_hours": "Mo-Fr 8:00-18:30"
      },
      "geometry": {
        "type": "Point",
        "coordinates": [
          -73.9693921,
          40.7591948
        ]
      },
      "id": "node/13119625471"
    },
    {
      "type": "Feature",
      "properties": {
        "@id": "node/13129078157",
        "addr:housenumber": "316",
        "addr:street": "East 59th Street",
        "amenity": "clinic",
        "healthcare": "clinic",
        "healthcare:speciality": "chiropractic",
        "name": "Rowe Chiropractic Offices"
      },
      "geometry": {
        "type": "Point",
        "coordinates": [
          -73.9635112,
          40.7601286
        ]
      },
      "id": "node/13129078157"
    },
    {
      "type": "Feature",
      "properties": {
        "@id": "node/13133487853",
        "addr:housenumber": "471",
        "addr:postcode": "10030",
        "addr:state": "NY",
        "addr:street": "Malcolm X Boulevard",
        "amenity": "pharmacy",
        "delivery": "yes",
        "dispensing": "yes",
        "healthcare": "pharmacy",
        "level": "0",
        "name": "Life Pharmacy",
        "phone": "+1 212-694-5700",
        "wheelchair": "yes"
      },
      "geometry": {
        "type": "Point",
        "coordinates": [
          -73.9418383,
          40.8132341
        ]
      },
      "id": "node/13133487853"
    },
    {
      "type": "Feature",
      "properties": {
        "@id": "node/13162943200",
        "addr:city": "New York",
        "addr:floor": "14",
        "addr:housenumber": "18",
        "addr:postcode": "10017",
        "addr:state": "NY",
        "addr:street": "East 41st Street",
        "healthcare": "clinic",
        "healthcare:speciality": "psychiatry;neurology;psychology;mental_health",
        "name": "The Neuro Well",
        "operator": "psychiatry,neurology,psychology",
        "phone": "+1-305-395-4313",
        "website": "https://theneurowell.care/"
      },
      "geometry": {
        "type": "Point",
        "coordinates": [
          -73.980456,
          40.7522136
        ]
      },
      "id": "node/13162943200"
    },
    {
      "type": "Feature",
      "properties": {
        "@id": "node/13182294813",
        "addr:housenumber": "430B",
        "addr:postcode": "10009",
        "addr:street": "East 14th Street",
        "branch": "East Village",
        "healthcare": "clinic",
        "healthcare:speciality": "dermatology",
        "name": "Infinity Dermatology",
        "phone": "+1-212-222-0075",
        "website": "https://www.infinitydermatology.com"
      },
      "geometry": {
        "type": "Point",
        "coordinates": [
          -73.9812047,
          40.7305973
        ]
      },
      "id": "node/13182294813"
    },
    {
      "type": "Feature",
      "properties": {
        "@id": "node/13198417085",
        "addr:city": "New York",
        "addr:housenumber": "36",
        "addr:postcode": "10023",
        "addr:state": "NY",
        "addr:street": "West 60th Street",
        "air_conditioning": "yes",
        "amenity": "clinic",
        "healthcare": "clinic",
        "healthcare:speciality": "pulmonology;nephrology;endocrinology;infectious_diseases",
        "name": "Mount Sinai Doctors",
        "opening_hours": "Mo,We-Fr 08:00-17:00; Tu 08:00-19:00; Sa-Su off",
        "operator": "Mount Sinai Health System",
        "operator:type": "private",
        "operator:wikidata": "Q5165549",
        "phone": "+1-212-523-8672",
        "website": "https://www.mountsinai.org/locations/msd-west-60"
      },
      "geometry": {
        "type": "Point",
        "coordinates": [
          -73.9841821,
          40.7695264
        ]
      },
      "id": "node/13198417085"
    },
    {
      "type": "Feature",
      "properties": {
        "@id": "node/13198417091",
        "addr:city": "New York",
        "addr:housenumber": "126",
        "addr:state": "NY",
        "addr:street": "West 60th Street",
        "addr:unit": "Ground Floor",
        "air_conditioning": "yes",
        "amenity": "clinic",
        "healthcare": "clinic",
        "healthcare:speciality": "gynaecology",
        "name": "Mount Sinai West Maternal Fetal Medicine",
        "operator": "Mount Sinai Health System",
        "operator:type": "private",
        "operator:wikidata": "Q5165549",
        "phone": "+1-212-523-7579"
      },
      "geometry": {
        "type": "Point",
        "coordinates": [
          -73.9858387,
          40.7703522
        ]
      },
      "id": "node/13198417091"
    },
    {
      "type": "Feature",
      "properties": {
        "@id": "node/13198417100",
        "addr:city": "New York",
        "addr:housenumber": "425",
        "addr:postcode": "10019",
        "addr:state": "NY",
        "addr:street": "West 59th Street",
        "air_conditioning": "yes",
        "amenity": "clinic",
        "healthcare": "clinic",
        "healthcare:speciality": "orthopaedics;gastroenterology;otolaryngology;gynaecology;haematology;oncology;physiatry;radiology;rheumatology;surgery;urology",
        "name": "Mount Sinai Doctors",
        "opening_hours": "Mo-Fr 08:00-17:00; Sa-Su off",
        "operator": "Mount Sinai Health System",
        "operator:type": "private",
        "operator:wikidata": "Q5165549",
        "website": "https://www.mountsinai.org/locations/msd-west-59"
      },
      "geometry": {
        "type": "Point",
        "coordinates": [
          -73.9859599,
          40.769921
        ]
      },
      "id": "node/13198417100"
    },
    {
      "type": "Feature",
      "properties": {
        "@id": "node/13237771486",
        "amenity": "dentist",
        "healthcare": "dentist",
        "name": "Midtown Dental Group"
      },
      "geometry": {
        "type": "Point",
        "coordinates": [
          -73.9885151,
          40.7444987
        ]
      },
      "id": "node/13237771486"
    },
    {
      "type": "Feature",
      "properties": {
        "@id": "node/13283527978",
        "amenity": "training",
        "healthcare": "counselling",
        "healthcare:counselling": "antenatal",
        "healthcare:speciality": "antenatal;prenatal;childbirth",
        "name": "Szkoła rodzenia"
      },
      "geometry": {
        "type": "Point",
        "coordinates": [
          15.2384756,
          52.7616249
        ]
      },
      "id": "node/13283527978"
    },
    {
      "type": "Feature",
      "properties": {
        "@id": "node/13283527979",
        "healthcare": "rehabilitation",
        "healthcare:speciality": "rehabilitation",
        "name": "Rehabilitacja"
      },
      "geometry": {
        "type": "Point",
        "coordinates": [
          15.2387966,
          52.7617018
        ]
      },
      "id": "node/13283527979"
    },
    {
      "type": "Feature",
      "properties": {
        "@id": "node/13284267478",
        "addr:housenumber": "131",
        "addr:postcode": "10002",
        "addr:street": "Norfolk Street",
        "healthcare": "alternative",
        "healthcare:speciality": "acupuncture",
        "name": "Rest",
        "phone": "+1-212-234-0650",
        "website": "https://www.rest-nyc.com"
      },
      "geometry": {
        "type": "Point",
        "coordinates": [
          -73.9867379,
          40.719842
        ]
      },
      "id": "node/13284267478"
    },
    {
      "type": "Feature",
      "properties": {
        "@id": "node/13287358562",
        "addr:city": "New York",
        "addr:housenumber": "56",
        "addr:postcode": "10036",
        "addr:state": "NY",
        "addr:street": "West 45th Street",
        "amenity": "hospital",
        "email": "info@manhattangastroenterology.com",
        "emergency": "yes",
        "healthcare": "hospital",
        "healthcare:speciality": "gastroenterology",
        "name": "Manhattan Gastroenterology – Midtown Manhattan",
        "opening_hours": "Mo-Th 07:30-19:00; Fr 07:30-17:00; Sa, Su off",
        "operator": "Dr. Shawn Khodadadian, MD",
        "operator:type": "public",
        "phone": "+1-212-533-2400",
        "website": "https://www.manhattangastroenterology.com/new-york/midtown/"
      },
      "geometry": {
        "type": "Point",
        "coordinates": [
          -73.9818704,
          40.7561643
        ]
      },
      "id": "node/13287358562"
    },
    {
      "type": "Feature",
      "properties": {
        "@id": "node/13293554104",
        "addr:housenumber": "211",
        "addr:street": "Grand Street",
        "amenity": "pharmacy",
        "healthcare": "pharmacy",
        "name": "Kamwo Herbal Pharmacy"
      },
      "geometry": {
        "type": "Point",
        "coordinates": [
          -73.9962236,
          40.7188168
        ]
      },
      "id": "node/13293554104"
    },
    {
      "type": "Feature",
      "properties": {
        "@id": "node/13298424129",
        "addr:city": "New York",
        "addr:housenumber": "1881",
        "addr:postcode": "10023",
        "addr:state": "NY",
        "addr:street": "Broadway",
        "addr:unit": "4th Floor",
        "amenity": "dentist",
        "contact:facebook": "https://www.facebook.com/CPWDentistry/",
        "email": "office@cpwdentistry.com",
        "healthcare": "dentist",
        "healthcare:speciality": "dentist",
        "name": "Central Park West Dentistry",
        "opening_hours": "Mo-Fr 08:00-20:00, Sa-Su 09:00-18:00",
        "operator": "Central Park West Dentistry",
        "phone": "+1-212-579-8885",
        "website": "https://www.cpwdentistry.com/"
      },
      "geometry": {
        "type": "Point",
        "coordinates": [
          -73.9824619,
          40.7709131
        ]
      },
      "id": "node/13298424129"
    },
    {
      "type": "Feature",
      "properties": {
        "@id": "node/13307068140",
        "amenity": "pharmacy",
        "name": "Ansonia Pharmacy",
        "opening_hours": "Mo-Fr 09:00-18:00, Sa 10:00-17:00",
        "phone": "+1-212-477-0762",
        "shop": "chemist",
        "website": "http://ansoniapharmacy.com"
      },
      "geometry": {
        "type": "Point",
        "coordinates": [
          -73.9983834,
          40.734929
        ]
      },
      "id": "node/13307068140"
    },
    {
      "type": "Feature",
      "properties": {
        "@id": "node/13312495977",
        "healthcare": "physiotherapist",
        "name": "Upper Manhattan Physical Therapy"
      },
      "geometry": {
        "type": "Point",
        "coordinates": [
          -73.9624215,
          40.7652716
        ]
      },
      "id": "node/13312495977"
    },
    {
      "type": "Feature",
      "properties": {
        "@id": "node/13312495995",
        "addr:housenumber": "310",
        "addr:street": "East 67th Street",
        "check_date": "2025-11-17",
        "healthcare": "blood_donation",
        "name": "New York Blood Center"
      },
      "geometry": {
        "type": "Point",
        "coordinates": [
          -73.9599846,
          40.7652026
        ]
      },
      "id": "node/13312495995"
    },
    {
      "type": "Feature",
      "properties": {
        "@id": "node/13324386215",
        "addr:city": "New York",
        "addr:housenumber": "122",
        "addr:postcode": "10027",
        "addr:state": "NY",
        "addr:street": "La Salle Street",
        "amenity": "dentist",
        "healthcare": "dentist",
        "healthcare:speciality": "general;family",
        "name": "FHL Dental Care",
        "phone": "+1-212-866-1313"
      },
      "geometry": {
        "type": "Point",
        "coordinates": [
          -73.9602311,
          40.8138519
        ]
      },
      "id": "node/13324386215"
    },
    {
      "type": "Feature",
      "properties": {
        "@id": "node/13333352092",
        "addr:city": "New York",
        "addr:housenumber": "126",
        "addr:postcode": "10011",
        "addr:state": "NY",
        "addr:street": "5th Avenue",
        "email": "hello@parsleyhealth.com",
        "healthcare": "alternative",
        "healthcare:speciality": "naturopathy",
        "name": "Parsley Health | Functional Medicine",
        "opening_hours": "Mo-Fr 09:00-17:00",
        "phone": "+1-332-900-4403",
        "website": "https://www.parsleyhealth.com"
      },
      "geometry": {
        "type": "Point",
        "coordinates": [
          -73.9920683,
          40.7384955
        ]
      },
      "id": "node/13333352092"
    },
    {
      "type": "Feature",
      "properties": {
        "@id": "node/13348973795",
        "addr:city": "New York",
        "addr:housenumber": "11",
        "addr:postcode": "10032",
        "addr:state": "NY",
        "addr:street": "Edward M. Morgan Place",
        "amenity": "pharmacy",
        "healthcare": "pharmacy",
        "name": "Oval Pharmacy",
        "opening_hours": "Mo-Fr 10:00-19:00, Sa 10:00-15:00",
        "phone": "+1 212 234 1800"
      },
      "geometry": {
        "type": "Point",
        "coordinates": [
          -73.9452503,
          40.8346878
        ]
      },
      "id": "node/13348973795"
    },
    {
      "type": "Feature",
      "properties": {
        "@id": "node/13352103023",
        "addr:housenumber": "601",
        "addr:postcode": "10024",
        "addr:street": "Amsterdam Avenue",
        "amenity": "pharmacy",
        "check_date": "2025-12-03",
        "dispensing": "yes",
        "drive_through": "no",
        "healthcare": "pharmacy",
        "name": "Broadway Family Pharmacy",
        "phone": "+1-212-724-1950"
      },
      "geometry": {
        "type": "Point",
        "coordinates": [
          -73.9731328,
          40.7899312
        ]
      },
      "id": "node/13352103023"
    },
    {
      "type": "Feature",
      "properties": {
        "@id": "node/13383740598",
        "addr:housenumber": "1315",
        "addr:postcode": "10021",
        "addr:street": "York Avenue",
        "amenity": "clinic",
        "healthcare": "clinic",
        "healthcare:speciality": "gastroenterology",
        "name": "Jill Roberts Center for Inflammatory Bowel Disease",
        "operator": "NewYork-Presbyterian",
        "website": "https://www.nyp.org/cadc/about/centers-and-programs/roberts-center"
      },
      "geometry": {
        "type": "Point",
        "coordinates": [
          -73.9549977,
          40.765956
        ]
      },
      "id": "node/13383740598"
    },
    {
      "type": "Feature",
      "properties": {
        "@id": "node/13383740599",
        "addr:housenumber": "1315",
        "addr:postcode": "10021",
        "addr:street": "York Avenue",
        "amenity": "clinic",
        "healthcare": "clinic",
        "healthcare:speciality": "gastroenterology",
        "name": "Jill Roberts Center for Inflammatory Bowel Disease",
        "operator": "NewYork-Presbyterian",
        "website": "https://www.nyp.org/cadc/about/centers-and-programs/roberts-center"
      },
      "geometry": {
        "type": "Point",
        "coordinates": [
          -73.954958,
          40.7659392
        ]
      },
      "id": "node/13383740599"
    },
    {
      "type": "Feature",
      "properties": {
        "@id": "node/13417058190",
        "amenity": "clinic",
        "healthcare": "clinic",
        "name": "Mount Sinai Doctors",
        "phone": "+1-212-252-6000",
        "website": "https://www.mountsinai.org/locations/msd-east-34"
      },
      "geometry": {
        "type": "Point",
        "coordinates": [
          -73.9818396,
          40.7474623
        ]
      },
      "id": "node/13417058190"
    },
    {
      "type": "Feature",
      "properties": {
        "@id": "node/13452381421",
        "addr:city": "New York",
        "addr:housenumber": "501",
        "addr:postcode": "10017",
        "addr:state": "NY",
        "addr:street": "5th Avenue, Suite 506",
        "amenity": "doctors",
        "healthcare": "doctor",
        "healthcare:speciality": "podiatry",
        "mobile": "+1-212-921-7900",
        "name": "Gotham Footcare",
        "opening_hours": "Mon: 8:00am–6:00pm; Tue-Thurs: 8:00am–7:00pm; Fri: 8:00am–6:00pm",
        "website": "https://www.gothamfootcare.com/"
      },
      "geometry": {
        "type": "Point",
        "coordinates": [
          -73.9807816,
          40.7530219
        ]
      },
      "id": "node/13452381421"
    },
    {
      "type": "Feature",
      "properties": {
        "@id": "node/13523128973",
        "alt_name": "Ave A Pharmacy Inc",
        "amenity": "pharmacy",
        "fax": "+1-212-260-4941",
        "name": "East Village Prescription Center",
        "opening_hours": "Mo-Sa 09:00-20:00, Su 10:00-20:00 \"shop\"||Mo-Fr 09:00-19:00, Sa 09:00-18:00 \"pharmacy\"",
        "phone": "+1-212-260-4878",
        "shop": "chemist"
      },
      "geometry": {
        "type": "Point",
        "coordinates": [
          -73.985494,
          40.7236034
        ]
      },
      "id": "node/13523128973"
    },
    {
      "type": "Feature",
      "properties": {
        "@id": "node/13572893261",
        "addr:city": "New York",
        "addr:housenumber": "150",
        "addr:postcode": "10022",
        "addr:state": "NY",
        "addr:street": "E 55th St 2nd floor",
        "addr:unit": "Suite 3",
        "description": "Dr. Susan Cucchiara, Naturopathic Doctor NYC is a naturopathic medical practice providing personalized, root-cause healthcare through evidence-based natural medicine. Led by an experienced Naturopathic Doctor, the practice focuses on identifying.",
        "email": "Office@naturallysue.com",
        "healthcare": "alternative",
        "healthcare:speciality": "naturopathy",
        "image": "https://www.linkcentre.com/upload/naturallysue.jpg",
        "name": "Dr. Susan Cucchiara, Naturopathic Doctor NYC",
        "phone": "+1-212-652-2240",
        "website": "https://naturallysue.com/"
      },
      "geometry": {
        "type": "Point",
        "coordinates": [
          -73.9695346,
          40.7590552
        ]
      },
      "id": "node/13572893261"
    },
    {
      "type": "Feature",
      "properties": {
        "@id": "node/13596597822",
        "addr:city": "New York",
        "addr:housenumber": "6",
        "addr:postcode": "10017",
        "addr:state": "NY",
        "addr:street": "East 45th Street",
        "addr:unit": "801",
        "amenity": "dentist",
        "email": "info@nycdentistrycenter.com",
        "healthcare": "dentist",
        "healthcare:speciality": "dentistry",
        "name": "NYC Dentistry Center",
        "opening_hours": "Mo-Th 08:30-18:00; Fr 08:30-15:00",
        "payment:cash": "yes",
        "payment:cheque": "yes",
        "payment:credit_cards": "yes",
        "phone": "+12125186096",
        "website": "https://www.nycdentistrycenter.com/"
      },
      "geometry": {
        "type": "Point",
        "coordinates": [
          -73.9789233,
          40.7549069
        ]
      },
      "id": "node/13596597822"
    },
    {
      "type": "Feature",
      "properties": {
        "@id": "node/13603953751",
        "healthcare": "psychotherapist"
      },
      "geometry": {
        "type": "Point",
        "coordinates": [
          15.2635836,
          52.7606279
        ]
      },
      "id": "node/13603953751"
    },
    {
      "type": "Feature",
      "properties": {
        "@id": "node/13603953753",
        "amenity": "dentist",
        "healthcare": "dentist",
        "name": "Estedentico"
      },
      "geometry": {
        "type": "Point",
        "coordinates": [
          15.2636937,
          52.7606541
        ]
      },
      "id": "node/13603953753"
    },
    {
      "type": "Feature",
      "properties": {
        "@id": "node/13634133298",
        "amenity": "doctors",
        "healthcare": "doctor",
        "healthcare:speciality": "allergology"
      },
      "geometry": {
        "type": "Point",
        "coordinates": [
          15.2627963,
          52.7635243
        ]
      },
      "id": "node/13634133298"
    },
    {
      "type": "Feature",
      "properties": {
        "@id": "node/13683130755",
        "addr:city": "New York",
        "addr:housenumber": "222",
        "addr:postcode": "10011",
        "addr:state": "NY",
        "addr:street": "West 14th Street",
        "addr:unit": "7M",
        "amenity": "dentist",
        "healthcare": "dentist",
        "name": "Noble Dental Studio"
      },
      "geometry": {
        "type": "Point",
        "coordinates": [
          -74.0013047,
          40.738977
        ]
      },
      "id": "node/13683130755"
    },
    {
      "type": "Feature",
      "properties": {
        "@id": "node/13683349102",
        "amenity": "pharmacy",
        "brand": "Duane Reade",
        "brand:wikidata": "Q5310380",
        "healthcare": "pharmacy",
        "name": "Duane Reade"
      },
      "geometry": {
        "type": "Point",
        "coordinates": [
          -73.9785472,
          40.7600362
        ]
      },
      "id": "node/13683349102"
    },
    {
      "type": "Feature",
      "properties": {
        "@id": "node/13703645672",
        "addr:city": "New York",
        "addr:housenumber": "160",
        "addr:postcode": "10022",
        "addr:state": "NY",
        "addr:street": "East 53rd Street",
        "amenity": "clinic",
        "healthcare": "clinic",
        "name": "Rockefeller Outpatient Pavilion",
        "operator": "Memorial Sloan Kettering Cancer Center",
        "website": "https://www.mskcc.org/locations/directory/rockefeller-outpatient-pavilion"
      },
      "geometry": {
        "type": "Point",
        "coordinates": [
          -73.9698649,
          40.7577675
        ]
      },
      "id": "node/13703645672"
    },
    {
      "type": "Feature",
      "properties": {
        "@id": "node/13746128579",
        "amenity": "doctors",
        "healthcare": "doctor",
        "name": "Paradigm Health Inc",
        "source": "survey"
      },
      "geometry": {
        "type": "Point",
        "coordinates": [
          -73.9989329,
          40.7150788
        ]
      },
      "id": "node/13746128579"
    },
    {
      "type": "Feature",
      "properties": {
        "@id": "node/13767269602",
        "addr:postcode": "10006",
        "amenity": "clinic",
        "email": "info@drdpsychiatry.com",
        "name": "Dr. Ditzell Psychiatry",
        "opening_hours": "24/7",
        "phone": "+1-646-751-7908",
        "website": "https://jeffditzellpsychiatry.com/"
      },
      "geometry": {
        "type": "Point",
        "coordinates": [
          -74.0123243,
          40.7072186
        ]
      },
      "id": "node/13767269602"
    },
    {
      "type": "Feature",
      "properties": {
        "@id": "node/13812670154",
        "amenity": "pharmacy",
        "healthcare": "pharmacy",
        "name": "Andy Pharmacy II"
      },
      "geometry": {
        "type": "Point",
        "coordinates": [
          -73.9357482,
          40.8469217
        ]
      },
      "id": "node/13812670154"
    },
    {
      "type": "Feature",
      "properties": {
        "@id": "node/13816579015",
        "addr:city": "New York",
        "addr:housenumber": "191",
        "addr:postcode": "10023",
        "addr:state": "NY",
        "addr:street": "Amsterdam Avenue",
        "amenity": "dentist",
        "healthcare": "dentist",
        "healthcare:speciality": "paediatrics",
        "name": "Open Sesame Dentistry",
        "opening_hours": "Mo,We 10:00-18:00; Tu,Th,Fr 08:00-17:00; Sa 09:00-14:30; Su off",
        "phone": "+1-212-874-1200",
        "website": "https://opensesamekids.com/"
      },
      "geometry": {
        "type": "Point",
        "coordinates": [
          -73.9829814,
          40.7764386
        ]
      },
      "id": "node/13816579015"
    },
    {
      "type": "Feature",
      "properties": {
        "@id": "node/13827693167",
        "brand": "Quest Diagnostics",
        "brand:wikidata": "Q7271456",
        "healthcare": "laboratory",
        "name": "Quest Diagnostics"
      },
      "geometry": {
        "type": "Point",
        "coordinates": [
          -73.9392929,
          40.8437526
        ]
      },
      "id": "node/13827693167"
    },
    {
      "type": "Feature",
      "properties": {
        "@id": "node/13831164637",
        "addr:city": "New York",
        "addr:floor": "7",
        "addr:housenumber": "251",
        "addr:postcode": "10016",
        "addr:state": "NY",
        "addr:street": "5th Avenue",
        "email": "info@pillarperformanceny.com",
        "fax": "+1-646-880-9014",
        "healthcare": "physiotherapist",
        "leisure": "fitness_centre",
        "level": "6",
        "level:ref": "7",
        "name": "Pillar Performance",
        "personal_trainer": "only",
        "phone": "+1-646-693-3517",
        "website": "https://www.pillarperformanceny.com/"
      },
      "geometry": {
        "type": "Point",
        "coordinates": [
          -73.9870226,
          40.7447
        ]
      },
      "id": "node/13831164637"
    },
    {
      "type": "Feature",
      "properties": {
        "@id": "node/13838030028",
        "addr:city": "New York",
        "addr:housenumber": "295",
        "addr:postcode": "10017",
        "addr:state": "NY",
        "addr:street": "Madison Avenue",
        "addr:unit": "407",
        "amenity": "clinic",
        "healthcare": "clinic",
        "healthcare:speciality": "general",
        "name": "Manhattan Restorative Health Sciences",
        "website": "https://www.mrhsclinics.com/"
      },
      "geometry": {
        "type": "Point",
        "coordinates": [
          -73.979812,
          40.7516196
        ]
      },
      "id": "node/13838030028"
    },
    {
      "type": "Feature",
      "properties": {
        "@id": "node/13852820951",
        "addr:housenumber": "699",
        "addr:postcode": "10009",
        "addr:street": "East 6th Street",
        "alt_name": "EV Rx Inc",
        "amenity": "pharmacy",
        "fax": "+1-646-351-6193",
        "name": "EV Pharmacy",
        "opening_hours": "Mo-Sa 10:00-19:00",
        "phone": "+1-646-351-6655",
        "shop": "chemist",
        "website": "https://evrxinc.com"
      },
      "geometry": {
        "type": "Point",
        "coordinates": [
          -73.9789845,
          40.7234797
        ]
      },
      "id": "node/13852820951"
    }
  ]
}